[10Jun2026 22:36:48.312] [main/INFO] [net.neoforged.fml.startup.Entrypoint/]: JVM Uptime at startup: 393ms
[10Jun2026 22:36:48.322] [main/INFO] [net.neoforged.fml.loading.FMLLoader/]: Starting FancyModLoader version 10.0.36 (DEDICATED_SERVER in PROD)
[10Jun2026 22:36:48.323] [main/INFO] [net.neoforged.fml.loading.FMLLoader/]: Game directory: /workspaces/gaga_ga/servidor_minecraft
[10Jun2026 22:36:48.324] [main/DEBUG] [net.neoforged.fml.loading.FMLPaths/CORE]: Path GAMEDIR is /workspaces/gaga_ga/servidor_minecraft
[10Jun2026 22:36:48.324] [main/DEBUG] [net.neoforged.fml.loading.FMLPaths/CORE]: Path JIJ_CACHEDIR is /workspaces/gaga_ga/servidor_minecraft/.cache/jij
[10Jun2026 22:36:48.324] [main/DEBUG] [net.neoforged.fml.loading.FMLPaths/CORE]: Path MODSDIR is /workspaces/gaga_ga/servidor_minecraft/mods
[10Jun2026 22:36:48.324] [main/DEBUG] [net.neoforged.fml.loading.FMLPaths/CORE]: Path CONFIGDIR is /workspaces/gaga_ga/servidor_minecraft/config
[10Jun2026 22:36:48.325] [main/DEBUG] [net.neoforged.fml.loading.FMLPaths/CORE]: Path FMLCONFIG is /workspaces/gaga_ga/servidor_minecraft/config/fml.toml
[10Jun2026 22:36:48.443] [main/DEBUG] [net.neoforged.fml.loading.EarlyServiceDiscovery/]: /workspaces/gaga_ga/servidor_minecraft/libraries/net/neoforged/fancymodloader/earlydisplay/10.0.36/earlydisplay-10.0.36.jar contains early service net.neoforged.neoforgespi.earlywindow.ImmediateWindowProvider
[10Jun2026 22:36:48.456] [ForkJoinPool.commonPool-worker-2/DEBUG] [net.neoforged.fml.loading.EarlyServiceDiscovery/]: /workspaces/gaga_ga/servidor_minecraft/libraries/net/neoforged/fancymodloader/loader/10.0.36/loader-10.0.36.jar contains early service net.neoforged.neoforgespi.locating.IModFileReader
[10Jun2026 22:36:48.478] [main/DEBUG] [net.neoforged.fml.loading.moddiscovery.ModFile/LOADING]: Loading mod file /workspaces/gaga_ga/servidor_minecraft/libraries/net/neoforged/fancymodloader/earlydisplay/10.0.36/earlydisplay-10.0.36.jar with languages []
[10Jun2026 22:36:48.478] [ForkJoinPool.commonPool-worker-2/DEBUG] [net.neoforged.fml.loading.moddiscovery.ModFile/LOADING]: Loading mod file /workspaces/gaga_ga/servidor_minecraft/libraries/net/neoforged/fancymodloader/loader/10.0.36/loader-10.0.36.jar with languages []
[10Jun2026 22:36:48.587] [main/INFO] [net.neoforged.fml.loading.EarlyServiceDiscovery/]: Found 2 early service jars (out of 116) in 230ms
[10Jun2026 22:36:48.588] [main/INFO] [net.neoforged.fml.loading.FMLLoader/]: Loading FML Early Services:
[10Jun2026 22:36:48.593] [main/INFO] [net.neoforged.fml.loading.FMLLoader/]:  - libraries/net/neoforged/fancymodloader/earlydisplay/10.0.36/earlydisplay-10.0.36.jar
[10Jun2026 22:36:48.594] [main/INFO] [net.neoforged.fml.loading.FMLLoader/]:  - libraries/net/neoforged/fancymodloader/loader/10.0.36/loader-10.0.36.jar
[10Jun2026 22:36:48.603] [main/DEBUG] [net.neoforged.fml.util.ServiceLoaderUtil/CORE]: Found 0 implementations of GraphicsBootstrapper:
[10Jun2026 22:36:48.604] [main/INFO] [net.neoforged.fml.loading.ImmediateWindowHandler/]: Not loading early display in headless mode.
[10Jun2026 22:36:48.610] [main/DEBUG] [net.neoforged.fml.util.ServiceLoaderUtil/CORE]: Found 4 implementations of IModFileCandidateLocator:
[10Jun2026 22:36:48.611] [main/DEBUG] [net.neoforged.fml.util.ServiceLoaderUtil/CORE]: 	    1000 - [built-in] net.neoforged.fml.loading.moddiscovery.locators.GameLocator from libraries/net/neoforged/fancymodloader/loader/10.0.36/loader-10.0.36.jar
[10Jun2026 22:36:48.612] [main/DEBUG] [net.neoforged.fml.util.ServiceLoaderUtil/CORE]: 	    1000 - [built-in] net.neoforged.fml.loading.moddiscovery.locators.InDevFolderLocator from libraries/net/neoforged/fancymodloader/loader/10.0.36/loader-10.0.36.jar
[10Jun2026 22:36:48.612] [main/DEBUG] [net.neoforged.fml.util.ServiceLoaderUtil/CORE]: 	    1000 - [built-in] net.neoforged.fml.loading.moddiscovery.locators.InDevJarLocator from libraries/net/neoforged/fancymodloader/loader/10.0.36/loader-10.0.36.jar
[10Jun2026 22:36:48.612] [main/DEBUG] [net.neoforged.fml.util.ServiceLoaderUtil/CORE]: 	       0 - [built-in] net.neoforged.fml.loading.moddiscovery.locators.ModsFolderLocator from libraries/net/neoforged/fancymodloader/loader/10.0.36/loader-10.0.36.jar
[10Jun2026 22:36:48.615] [main/DEBUG] [net.neoforged.fml.util.ServiceLoaderUtil/CORE]: Found 2 implementations of IModFileReader:
[10Jun2026 22:36:48.615] [main/DEBUG] [net.neoforged.fml.util.ServiceLoaderUtil/CORE]: 	       0 - net.neoforged.fml.loading.moddiscovery.readers.JarModsDotTomlModFileReader from libraries/net/neoforged/fancymodloader/loader/10.0.36/loader-10.0.36.jar
[10Jun2026 22:36:48.616] [main/DEBUG] [net.neoforged.fml.util.ServiceLoaderUtil/CORE]: 	   -1000 - net.neoforged.fml.loading.moddiscovery.readers.NestedLibraryModReader from libraries/net/neoforged/fancymodloader/loader/10.0.36/loader-10.0.36.jar
[10Jun2026 22:36:48.619] [main/DEBUG] [net.neoforged.fml.util.ServiceLoaderUtil/CORE]: Found 1 implementations of IDependencyLocator:
[10Jun2026 22:36:48.620] [main/DEBUG] [net.neoforged.fml.util.ServiceLoaderUtil/CORE]: 	       0 - net.neoforged.fml.loading.moddiscovery.locators.JarInJarDependencyLocator from libraries/net/neoforged/fancymodloader/loader/10.0.36/loader-10.0.36.jar
[10Jun2026 22:36:48.630] [main/INFO] [net.neoforged.fml.loading.moddiscovery.locators.GameLocator/]: Failed to find common Minecraft classes and resources on the classpath. Assuming we're launching production.
[10Jun2026 22:36:48.651] [main/DEBUG] [net.neoforged.fml.loading.moddiscovery.ModFileParser/LOADING]: Considering mod file candidate libraries/net/neoforged/minecraft-server-patched/21.11.42/minecraft-server-patched-21.11.42.jar
[10Jun2026 22:36:48.680] [main/DEBUG] [net.neoforged.fml.loading.moddiscovery.ModFileInfo/LOADING]: Found valid mod file minecraft-server-patched-21.11.42.jar with {minecraft} mods - versions {1.21.11}
[10Jun2026 22:36:48.688] [main/DEBUG] [net.neoforged.fml.loading.moddiscovery.ModFile/LOADING]: Loading mod file libraries/net/neoforged/minecraft-server-patched/21.11.42/minecraft-server-patched-21.11.42.jar with languages [LanguageSpec[languageName=minecraft, acceptedVersions=null]]
[10Jun2026 22:36:48.693] [main/DEBUG] [net.neoforged.fml.loading.moddiscovery.ModFileParser/LOADING]: Considering mod file candidate libraries/net/neoforged/neoforge/21.11.42/neoforge-21.11.42-universal.jar
[10Jun2026 22:36:48.699] [main/DEBUG] [net.neoforged.fml.loading.moddiscovery.ModFileInfo/LOADING]: Found valid mod file neoforge-21.11.42-universal.jar with {neoforge} mods - versions {21.11.42}
[10Jun2026 22:36:48.700] [main/DEBUG] [net.neoforged.fml.loading.moddiscovery.ModFile/LOADING]: Loading mod file libraries/net/neoforged/neoforge/21.11.42/neoforge-21.11.42-universal.jar with languages [LanguageSpec[languageName=javafml, acceptedVersions=[3,]]]
[10Jun2026 22:36:48.704] [main/DEBUG] [net.neoforged.fml.loading.moddiscovery.ModFile/LOADING]: Found mixin config MixinConfig[config=neoforge.mixins.json, requiredMods=[], behaviorVersion=null]
[10Jun2026 22:36:48.721] [main/DEBUG] [net.neoforged.fml.loading.moddiscovery.ModFileParser/LOADING]: Considering mod file candidate /workspaces/gaga_ga/servidor_minecraft/mods/[1.21.11] SecurityCraft v1.10.1-beta2.jar
[10Jun2026 22:36:48.738] [main/DEBUG] [net.neoforged.fml.loading.moddiscovery.ModFileInfo/LOADING]: Found valid mod file [1.21.11] SecurityCraft v1.10.1-beta2.jar with {securitycraft} mods - versions {1.10.1-beta2}
[10Jun2026 22:36:48.738] [main/DEBUG] [net.neoforged.fml.loading.moddiscovery.ModFile/LOADING]: Loading mod file /workspaces/gaga_ga/servidor_minecraft/mods/[1.21.11] SecurityCraft v1.10.1-beta2.jar with languages [LanguageSpec[languageName=null, acceptedVersions=null]]
[10Jun2026 22:36:48.739] [main/DEBUG] [net.neoforged.fml.loading.moddiscovery.ModFile/LOADING]: Found mixin config MixinConfig[config=securitycraft.mixins.json, requiredMods=[], behaviorVersion=null]
[10Jun2026 22:36:48.739] [main/DEBUG] [net.neoforged.fml.loading.moddiscovery.ModFileParser/LOADING]: Considering mod file candidate /workspaces/gaga_ga/servidor_minecraft/mods/Advanced_Graves-build.jar
[10Jun2026 22:36:48.741] [main/DEBUG] [net.neoforged.fml.loading.moddiscovery.ModFileInfo/LOADING]: Found valid mod file Advanced_Graves-build.jar with {advanced_graves_build} mods - versions {1.0.0}
[10Jun2026 22:36:48.741] [main/DEBUG] [net.neoforged.fml.loading.moddiscovery.ModFile/LOADING]: Loading mod file /workspaces/gaga_ga/servidor_minecraft/mods/Advanced_Graves-build.jar with languages [LanguageSpec[languageName=javafml, acceptedVersions=[1,)]]
[10Jun2026 22:36:48.743] [main/DEBUG] [net.neoforged.fml.loading.moddiscovery.ModFileParser/LOADING]: Considering mod file candidate /workspaces/gaga_ga/servidor_minecraft/mods/aerialhell-0.7.7_neoforge1.21.11.jar
[10Jun2026 22:36:48.746] [main/DEBUG] [net.neoforged.fml.loading.moddiscovery.ModFileInfo/LOADING]: Found valid mod file aerialhell-0.7.7_neoforge1.21.11.jar with {aerialhell} mods - versions {1.0.0}
[10Jun2026 22:36:48.746] [main/DEBUG] [net.neoforged.fml.loading.moddiscovery.ModFile/LOADING]: Loading mod file /workspaces/gaga_ga/servidor_minecraft/mods/aerialhell-0.7.7_neoforge1.21.11.jar with languages [LanguageSpec[languageName=null, acceptedVersions=null]]
[10Jun2026 22:36:48.746] [main/DEBUG] [net.neoforged.fml.loading.moddiscovery.ModFile/LOADING]: Found mixin config MixinConfig[config=aerialhell.mixins.json, requiredMods=[], behaviorVersion=null]
[10Jun2026 22:36:48.747] [main/DEBUG] [net.neoforged.fml.loading.moddiscovery.ModFileParser/LOADING]: Considering mod file candidate /workspaces/gaga_ga/servidor_minecraft/mods/AnvilNeverTooExpensive-neoforge-1.21.5+-1.2.1.jar
[10Jun2026 22:36:48.749] [main/DEBUG] [net.neoforged.fml.loading.moddiscovery.ModFileInfo/LOADING]: Found valid mod file AnvilNeverTooExpensive-neoforge-1.21.5+-1.2.1.jar with {ante} mods - versions {1.2.1}
[10Jun2026 22:36:48.749] [main/DEBUG] [net.neoforged.fml.loading.moddiscovery.ModFile/LOADING]: Loading mod file /workspaces/gaga_ga/servidor_minecraft/mods/AnvilNeverTooExpensive-neoforge-1.21.5+-1.2.1.jar with languages [LanguageSpec[languageName=javafml, acceptedVersions=[4,)]]
[10Jun2026 22:36:48.750] [main/DEBUG] [net.neoforged.fml.loading.moddiscovery.ModFile/LOADING]: Found mixin config MixinConfig[config=ante.mixins.json, requiredMods=[], behaviorVersion=null]
[10Jun2026 22:36:48.750] [main/DEBUG] [net.neoforged.fml.loading.moddiscovery.ModFile/LOADING]: Found mixin config MixinConfig[config=ante.neoforge.mixins.json, requiredMods=[], behaviorVersion=null]
[10Jun2026 22:36:48.750] [main/DEBUG] [net.neoforged.fml.loading.moddiscovery.ModFileParser/LOADING]: Considering mod file candidate /workspaces/gaga_ga/servidor_minecraft/mods/attributefix-neoforge-1.21.11-21.11.1.jar
[10Jun2026 22:36:48.752] [main/DEBUG] [net.neoforged.fml.loading.moddiscovery.ModFileInfo/LOADING]: Found valid mod file attributefix-neoforge-1.21.11-21.11.1.jar with {attributefix} mods - versions {21.11.1}
[10Jun2026 22:36:48.752] [main/DEBUG] [net.neoforged.fml.loading.moddiscovery.ModFile/LOADING]: Loading mod file /workspaces/gaga_ga/servidor_minecraft/mods/attributefix-neoforge-1.21.11-21.11.1.jar with languages [LanguageSpec[languageName=javafml, acceptedVersions=[4,)]]
[10Jun2026 22:36:48.753] [main/DEBUG] [net.neoforged.fml.loading.moddiscovery.ModFile/LOADING]: Found mixin config MixinConfig[config=attributefix.mixins.json, requiredMods=[], behaviorVersion=null]
[10Jun2026 22:36:48.753] [main/DEBUG] [net.neoforged.fml.loading.moddiscovery.ModFile/LOADING]: Found mixin config MixinConfig[config=attributefix.neoforge.mixins.json, requiredMods=[], behaviorVersion=null]
[10Jun2026 22:36:48.753] [main/DEBUG] [net.neoforged.fml.loading.moddiscovery.ModFileParser/LOADING]: Considering mod file candidate /workspaces/gaga_ga/servidor_minecraft/mods/balm-neoforge-1.21.11-21.11.9.jar
[10Jun2026 22:36:48.755] [main/DEBUG] [net.neoforged.fml.loading.moddiscovery.ModFileInfo/LOADING]: Found valid mod file balm-neoforge-1.21.11-21.11.9.jar with {balm} mods - versions {21.11.9}
[10Jun2026 22:36:48.755] [main/DEBUG] [net.neoforged.fml.loading.moddiscovery.ModFile/LOADING]: Loading mod file /workspaces/gaga_ga/servidor_minecraft/mods/balm-neoforge-1.21.11-21.11.9.jar with languages [LanguageSpec[languageName=javafml, acceptedVersions=[1,)]]
[10Jun2026 22:36:48.755] [main/DEBUG] [net.neoforged.fml.loading.moddiscovery.ModFile/LOADING]: Found mixin config MixinConfig[config=balm.mixins.json, requiredMods=[], behaviorVersion=null]
[10Jun2026 22:36:48.756] [main/DEBUG] [net.neoforged.fml.loading.moddiscovery.ModFile/LOADING]: Found mixin config MixinConfig[config=balm.api.mixins.json, requiredMods=[], behaviorVersion=null]
[10Jun2026 22:36:48.756] [main/DEBUG] [net.neoforged.fml.loading.moddiscovery.ModFile/LOADING]: Found mixin config MixinConfig[config=balm.neoforge.mixins.json, requiredMods=[], behaviorVersion=null]
[10Jun2026 22:36:48.756] [main/DEBUG] [net.neoforged.fml.loading.moddiscovery.ModFileParser/LOADING]: Considering mod file candidate /workspaces/gaga_ga/servidor_minecraft/mods/carryon-neoforge-1.21.11-2.9.0.jar
[10Jun2026 22:36:48.758] [main/DEBUG] [net.neoforged.fml.loading.moddiscovery.ModFileInfo/LOADING]: Found valid mod file carryon-neoforge-1.21.11-2.9.0.jar with {carryon} mods - versions {2.9.0}
[10Jun2026 22:36:48.758] [main/DEBUG] [net.neoforged.fml.loading.moddiscovery.ModFile/LOADING]: Loading mod file /workspaces/gaga_ga/servidor_minecraft/mods/carryon-neoforge-1.21.11-2.9.0.jar with languages [LanguageSpec[languageName=javafml, acceptedVersions=[4,)]]
[10Jun2026 22:36:48.758] [main/DEBUG] [net.neoforged.fml.loading.moddiscovery.ModFile/LOADING]: Found mixin config MixinConfig[config=carryon.mixins.json, requiredMods=[], behaviorVersion=null]
[10Jun2026 22:36:48.759] [main/DEBUG] [net.neoforged.fml.loading.moddiscovery.ModFile/LOADING]: Found mixin config MixinConfig[config=carryon.neoforge.mixins.json, requiredMods=[], behaviorVersion=null]
[10Jun2026 22:36:48.761] [main/DEBUG] [net.neoforged.fml.loading.moddiscovery.ModFileParser/LOADING]: Considering mod file candidate /workspaces/gaga_ga/servidor_minecraft/mods/chisel-neoforge-2.2.0+mc1.21.11.jar
[10Jun2026 22:36:48.763] [main/DEBUG] [net.neoforged.fml.loading.moddiscovery.ModFileInfo/LOADING]: Found valid mod file chisel-neoforge-2.2.0+mc1.21.11.jar with {chisel} mods - versions {2.2.0+mc1.21.11}
[10Jun2026 22:36:48.763] [main/DEBUG] [net.neoforged.fml.loading.moddiscovery.ModFile/LOADING]: Loading mod file /workspaces/gaga_ga/servidor_minecraft/mods/chisel-neoforge-2.2.0+mc1.21.11.jar with languages [LanguageSpec[languageName=javafml, acceptedVersions=[2,)]]
[10Jun2026 22:36:48.763] [main/DEBUG] [net.neoforged.fml.loading.moddiscovery.ModFile/LOADING]: Found mixin config MixinConfig[config=chisel.mixins.json, requiredMods=[], behaviorVersion=null]
[10Jun2026 22:36:48.764] [main/DEBUG] [net.neoforged.fml.loading.moddiscovery.ModFileParser/LOADING]: Considering mod file candidate /workspaces/gaga_ga/servidor_minecraft/mods/cloth-config-21.11.153-neoforge.jar
[10Jun2026 22:36:48.765] [main/DEBUG] [net.neoforged.fml.loading.moddiscovery.ModFileInfo/LOADING]: Found valid mod file cloth-config-21.11.153-neoforge.jar with {cloth_config} mods - versions {21.11.153}
[10Jun2026 22:36:48.765] [main/DEBUG] [net.neoforged.fml.loading.moddiscovery.ModFile/LOADING]: Loading mod file /workspaces/gaga_ga/servidor_minecraft/mods/cloth-config-21.11.153-neoforge.jar with languages [LanguageSpec[languageName=javafml, acceptedVersions=[1,)]]
[10Jun2026 22:36:48.765] [main/DEBUG] [net.neoforged.fml.loading.moddiscovery.ModFileParser/LOADING]: Considering mod file candidate /workspaces/gaga_ga/servidor_minecraft/mods/collective-1.21.11-8.22.jar
[10Jun2026 22:36:48.766] [main/DEBUG] [net.neoforged.fml.loading.moddiscovery.ModFileInfo/LOADING]: Found valid mod file collective-1.21.11-8.22.jar with {collective} mods - versions {8.22}
[10Jun2026 22:36:48.767] [main/DEBUG] [net.neoforged.fml.loading.moddiscovery.ModFile/LOADING]: Loading mod file /workspaces/gaga_ga/servidor_minecraft/mods/collective-1.21.11-8.22.jar with languages [LanguageSpec[languageName=javafml, acceptedVersions=*]]
[10Jun2026 22:36:48.767] [main/DEBUG] [net.neoforged.fml.loading.moddiscovery.ModFile/LOADING]: Found mixin config MixinConfig[config=collective_neoforge.mixins.json, requiredMods=[], behaviorVersion=null]
[10Jun2026 22:36:48.767] [main/DEBUG] [net.neoforged.fml.loading.moddiscovery.ModFileParser/LOADING]: Considering mod file candidate /workspaces/gaga_ga/servidor_minecraft/mods/comforts-neoforge-14.0.2+1.21.11.jar
[10Jun2026 22:36:48.769] [main/DEBUG] [net.neoforged.fml.loading.moddiscovery.ModFileInfo/LOADING]: Found valid mod file comforts-neoforge-14.0.2+1.21.11.jar with {comforts} mods - versions {14.0.2+1.21.11}
[10Jun2026 22:36:48.769] [main/DEBUG] [net.neoforged.fml.loading.moddiscovery.ModFile/LOADING]: Loading mod file /workspaces/gaga_ga/servidor_minecraft/mods/comforts-neoforge-14.0.2+1.21.11.jar with languages [LanguageSpec[languageName=javafml, acceptedVersions=[1,)]]
[10Jun2026 22:36:48.769] [main/DEBUG] [net.neoforged.fml.loading.moddiscovery.ModFile/LOADING]: Found mixin config MixinConfig[config=comforts.mixins.json, requiredMods=[], behaviorVersion=null]
[10Jun2026 22:36:48.770] [main/DEBUG] [net.neoforged.fml.loading.moddiscovery.ModFileParser/LOADING]: Considering mod file candidate /workspaces/gaga_ga/servidor_minecraft/mods/common-networking-neoforge-1.0.22-1.21.11.jar
[10Jun2026 22:36:48.771] [main/DEBUG] [net.neoforged.fml.loading.moddiscovery.ModFileInfo/LOADING]: Found valid mod file common-networking-neoforge-1.0.22-1.21.11.jar with {commonnetworking} mods - versions {1.0.22-1.21.11}
[10Jun2026 22:36:48.771] [main/DEBUG] [net.neoforged.fml.loading.moddiscovery.ModFile/LOADING]: Loading mod file /workspaces/gaga_ga/servidor_minecraft/mods/common-networking-neoforge-1.0.22-1.21.11.jar with languages [LanguageSpec[languageName=javafml, acceptedVersions=[2,)]]
[10Jun2026 22:36:48.772] [main/DEBUG] [net.neoforged.fml.loading.moddiscovery.ModFileParser/LOADING]: Considering mod file candidate /workspaces/gaga_ga/servidor_minecraft/mods/cropsloverain-3.2.1.jar
[10Jun2026 22:36:48.774] [main/DEBUG] [net.neoforged.fml.loading.moddiscovery.ModFileInfo/LOADING]: Found valid mod file cropsloverain-3.2.1.jar with {cropsloverain} mods - versions {3.2.1}
[10Jun2026 22:36:48.774] [main/DEBUG] [net.neoforged.fml.loading.moddiscovery.ModFile/LOADING]: Loading mod file /workspaces/gaga_ga/servidor_minecraft/mods/cropsloverain-3.2.1.jar with languages [LanguageSpec[languageName=javafml, acceptedVersions=[4,)]]
[10Jun2026 22:36:48.774] [main/DEBUG] [net.neoforged.fml.loading.moddiscovery.ModFile/LOADING]: Found mixin config MixinConfig[config=cropsloverain.mixins.json, requiredMods=[], behaviorVersion=null]
[10Jun2026 22:36:48.775] [main/DEBUG] [net.neoforged.fml.loading.moddiscovery.ModFileParser/LOADING]: Considering mod file candidate /workspaces/gaga_ga/servidor_minecraft/mods/cryonicconfig-neoforge-1.0.0+mc1.21.11.jar
[10Jun2026 22:36:48.776] [main/DEBUG] [net.neoforged.fml.loading.moddiscovery.ModFileInfo/LOADING]: Found valid mod file cryonicconfig-neoforge-1.0.0+mc1.21.11.jar with {cryonicconfig} mods - versions {1.0.0+mc1.21.11}
[10Jun2026 22:36:48.776] [main/DEBUG] [net.neoforged.fml.loading.moddiscovery.ModFile/LOADING]: Loading mod file /workspaces/gaga_ga/servidor_minecraft/mods/cryonicconfig-neoforge-1.0.0+mc1.21.11.jar with languages [LanguageSpec[languageName=javafml, acceptedVersions=[4,)]]
[10Jun2026 22:36:48.776] [main/DEBUG] [net.neoforged.fml.loading.moddiscovery.ModFile/LOADING]: Found mixin config MixinConfig[config=cryonicconfig.mixins.json, requiredMods=[], behaviorVersion=null]
[10Jun2026 22:36:48.780] [main/DEBUG] [net.neoforged.fml.loading.moddiscovery.ModFileParser/LOADING]: Considering mod file candidate /workspaces/gaga_ga/servidor_minecraft/mods/decocraft-3.0.9-1.21.11-neoforge.jar
[10Jun2026 22:36:48.782] [main/DEBUG] [net.neoforged.fml.loading.moddiscovery.ModFileInfo/LOADING]: Found valid mod file decocraft-3.0.9-1.21.11-neoforge.jar with {decocraft} mods - versions {3.0.8}
[10Jun2026 22:36:48.782] [main/DEBUG] [net.neoforged.fml.loading.moddiscovery.ModFile/LOADING]: Loading mod file /workspaces/gaga_ga/servidor_minecraft/mods/decocraft-3.0.9-1.21.11-neoforge.jar with languages [LanguageSpec[languageName=javafml, acceptedVersions=[4,)]]
[10Jun2026 22:36:48.783] [main/DEBUG] [net.neoforged.fml.loading.moddiscovery.ModFileParser/LOADING]: Considering mod file candidate /workspaces/gaga_ga/servidor_minecraft/mods/dynamiclights-1.21.11.1NF.jar
[10Jun2026 22:36:48.784] [main/DEBUG] [net.neoforged.fml.loading.moddiscovery.ModFileInfo/LOADING]: Found valid mod file dynamiclights-1.21.11.1NF.jar with {dynamiclights} mods - versions {1.21.11.1NF}
[10Jun2026 22:36:48.784] [main/DEBUG] [net.neoforged.fml.loading.moddiscovery.ModFile/LOADING]: Loading mod file /workspaces/gaga_ga/servidor_minecraft/mods/dynamiclights-1.21.11.1NF.jar with languages [LanguageSpec[languageName=javafml, acceptedVersions=null]]
[10Jun2026 22:36:48.785] [main/DEBUG] [net.neoforged.fml.loading.moddiscovery.ModFileParser/LOADING]: Considering mod file candidate /workspaces/gaga_ga/servidor_minecraft/mods/elevatorid-neoforge-1.21.11-1.15.0.jar
[10Jun2026 22:36:48.785] [main/DEBUG] [net.neoforged.fml.loading.moddiscovery.ModFileInfo/LOADING]: Found valid mod file elevatorid-neoforge-1.21.11-1.15.0.jar with {elevatorid} mods - versions {1.21.11-1.15.0}
[10Jun2026 22:36:48.786] [main/DEBUG] [net.neoforged.fml.loading.moddiscovery.ModFile/LOADING]: Loading mod file /workspaces/gaga_ga/servidor_minecraft/mods/elevatorid-neoforge-1.21.11-1.15.0.jar with languages [LanguageSpec[languageName=javafml, acceptedVersions=null]]
[10Jun2026 22:36:48.786] [main/DEBUG] [net.neoforged.fml.loading.moddiscovery.ModFile/LOADING]: Found mixin config MixinConfig[config=elevatorid.mixins.json, requiredMods=[], behaviorVersion=null]
[10Jun2026 22:36:48.788] [main/DEBUG] [net.neoforged.fml.loading.moddiscovery.ModFileParser/LOADING]: Considering mod file candidate /workspaces/gaga_ga/servidor_minecraft/mods/enchdesc-neoforge-1.21.11-21.11.1.jar
[10Jun2026 22:36:48.790] [main/DEBUG] [net.neoforged.fml.loading.moddiscovery.ModFileInfo/LOADING]: Found valid mod file enchdesc-neoforge-1.21.11-21.11.1.jar with {enchdesc} mods - versions {21.11.1}
[10Jun2026 22:36:48.790] [main/DEBUG] [net.neoforged.fml.loading.moddiscovery.ModFile/LOADING]: Loading mod file /workspaces/gaga_ga/servidor_minecraft/mods/enchdesc-neoforge-1.21.11-21.11.1.jar with languages [LanguageSpec[languageName=javafml, acceptedVersions=[4,)]]
[10Jun2026 22:36:48.790] [main/DEBUG] [net.neoforged.fml.loading.moddiscovery.ModFile/LOADING]: Found mixin config MixinConfig[config=enchdesc.mixins.json, requiredMods=[], behaviorVersion=null]
[10Jun2026 22:36:48.790] [main/DEBUG] [net.neoforged.fml.loading.moddiscovery.ModFile/LOADING]: Found mixin config MixinConfig[config=enchdesc.neoforge.mixins.json, requiredMods=[], behaviorVersion=null]
[10Jun2026 22:36:48.791] [main/DEBUG] [net.neoforged.fml.loading.moddiscovery.ModFileParser/LOADING]: Considering mod file candidate /workspaces/gaga_ga/servidor_minecraft/mods/explosiveenhancement-neoforge-1.21.11-1.1.2.jar
[10Jun2026 22:36:48.792] [main/DEBUG] [net.neoforged.fml.loading.moddiscovery.ModFileInfo/LOADING]: Found valid mod file explosiveenhancement-neoforge-1.21.11-1.1.2.jar with {explosiveenhancement} mods - versions {1.1.2}
[10Jun2026 22:36:48.792] [main/DEBUG] [net.neoforged.fml.loading.moddiscovery.ModFile/LOADING]: Loading mod file /workspaces/gaga_ga/servidor_minecraft/mods/explosiveenhancement-neoforge-1.21.11-1.1.2.jar with languages [LanguageSpec[languageName=javafml, acceptedVersions=[4,)]]
[10Jun2026 22:36:48.793] [main/DEBUG] [net.neoforged.fml.loading.moddiscovery.ModFile/LOADING]: Found mixin config MixinConfig[config=explosiveenhancement.neoforge.mixins.json, requiredMods=[], behaviorVersion=null]
[10Jun2026 22:36:48.793] [main/DEBUG] [net.neoforged.fml.loading.moddiscovery.ModFileParser/LOADING]: Considering mod file candidate /workspaces/gaga_ga/servidor_minecraft/mods/FallingTree-1.21.11-1.21.11.3.jar
[10Jun2026 22:36:48.794] [main/DEBUG] [net.neoforged.fml.loading.moddiscovery.ModFileInfo/LOADING]: Found valid mod file FallingTree-1.21.11-1.21.11.3.jar with {fallingtree} mods - versions {1.21.11.3}
[10Jun2026 22:36:48.795] [main/DEBUG] [net.neoforged.fml.loading.moddiscovery.ModFile/LOADING]: Loading mod file /workspaces/gaga_ga/servidor_minecraft/mods/FallingTree-1.21.11-1.21.11.3.jar with languages [LanguageSpec[languageName=null, acceptedVersions=null]]
[10Jun2026 22:36:48.797] [main/DEBUG] [net.neoforged.fml.loading.moddiscovery.ModFileParser/LOADING]: Considering mod file candidate /workspaces/gaga_ga/servidor_minecraft/mods/framework-neoforge-1.21.11-0.13.11.jar
[10Jun2026 22:36:48.912] [main/DEBUG] [net.neoforged.fml.loading.moddiscovery.ModFileInfo/LOADING]: Found valid mod file framework-neoforge-1.21.11-0.13.11.jar with {framework} mods - versions {0.13.11}
[10Jun2026 22:36:48.912] [main/DEBUG] [net.neoforged.fml.loading.moddiscovery.ModFile/LOADING]: Loading mod file /workspaces/gaga_ga/servidor_minecraft/mods/framework-neoforge-1.21.11-0.13.11.jar with languages [LanguageSpec[languageName=javafml, acceptedVersions=[2,)]]
[10Jun2026 22:36:48.912] [main/DEBUG] [net.neoforged.fml.loading.moddiscovery.ModFile/LOADING]: Found mixin config MixinConfig[config=framework.common.mixins.json, requiredMods=[], behaviorVersion=null]
[10Jun2026 22:36:48.913] [main/DEBUG] [net.neoforged.fml.loading.moddiscovery.ModFileParser/LOADING]: Considering mod file candidate /workspaces/gaga_ga/servidor_minecraft/mods/geckolib-neoforge-1.21.11-5.4.5.jar
[10Jun2026 22:36:48.914] [main/DEBUG] [net.neoforged.fml.loading.moddiscovery.ModFileInfo/LOADING]: Found valid mod file geckolib-neoforge-1.21.11-5.4.5.jar with {geckolib} mods - versions {5.4.5}
[10Jun2026 22:36:48.914] [main/DEBUG] [net.neoforged.fml.loading.moddiscovery.ModFile/LOADING]: Loading mod file /workspaces/gaga_ga/servidor_minecraft/mods/geckolib-neoforge-1.21.11-5.4.5.jar with languages [LanguageSpec[languageName=javafml, acceptedVersions=[5,)]]
[10Jun2026 22:36:48.914] [main/DEBUG] [net.neoforged.fml.loading.moddiscovery.ModFile/LOADING]: Found mixin config MixinConfig[config=geckolib.mixins.json, requiredMods=[], behaviorVersion=null]
[10Jun2026 22:36:48.914] [main/DEBUG] [net.neoforged.fml.loading.moddiscovery.ModFileParser/LOADING]: Considering mod file candidate /workspaces/gaga_ga/servidor_minecraft/mods/GlitchCore-neoforge-1.21.11-21.11.0.4.jar
[10Jun2026 22:36:48.915] [main/DEBUG] [net.neoforged.fml.loading.moddiscovery.ModFileInfo/LOADING]: Found valid mod file GlitchCore-neoforge-1.21.11-21.11.0.4.jar with {glitchcore} mods - versions {21.11.0.4}
[10Jun2026 22:36:48.915] [main/DEBUG] [net.neoforged.fml.loading.moddiscovery.ModFile/LOADING]: Loading mod file /workspaces/gaga_ga/servidor_minecraft/mods/GlitchCore-neoforge-1.21.11-21.11.0.4.jar with languages [LanguageSpec[languageName=javafml, acceptedVersions=[1,)]]
[10Jun2026 22:36:48.915] [main/DEBUG] [net.neoforged.fml.loading.moddiscovery.ModFile/LOADING]: Found mixin config MixinConfig[config=glitchcore.mixins.json, requiredMods=[], behaviorVersion=null]
[10Jun2026 22:36:48.915] [main/DEBUG] [net.neoforged.fml.loading.moddiscovery.ModFile/LOADING]: Found mixin config MixinConfig[config=glitchcore.neoforge.mixins.json, requiredMods=[], behaviorVersion=null]
[10Jun2026 22:36:48.916] [main/DEBUG] [net.neoforged.fml.loading.moddiscovery.ModFileParser/LOADING]: Considering mod file candidate /workspaces/gaga_ga/servidor_minecraft/mods/healingcampfire-1.21.11-6.2.jar
[10Jun2026 22:36:48.916] [main/DEBUG] [net.neoforged.fml.loading.moddiscovery.ModFileInfo/LOADING]: Found valid mod file healingcampfire-1.21.11-6.2.jar with {healingcampfire} mods - versions {6.2}
[10Jun2026 22:36:48.917] [main/DEBUG] [net.neoforged.fml.loading.moddiscovery.ModFile/LOADING]: Loading mod file /workspaces/gaga_ga/servidor_minecraft/mods/healingcampfire-1.21.11-6.2.jar with languages [LanguageSpec[languageName=javafml, acceptedVersions=*]]
[10Jun2026 22:36:48.917] [main/DEBUG] [net.neoforged.fml.loading.moddiscovery.ModFile/LOADING]: Found mixin config MixinConfig[config=healingcampfire_neoforge.mixins.json, requiredMods=[], behaviorVersion=null]
[10Jun2026 22:36:48.917] [main/DEBUG] [net.neoforged.fml.loading.moddiscovery.ModFileParser/LOADING]: Considering mod file candidate /workspaces/gaga_ga/servidor_minecraft/mods/HealthBars-v21.11.0-mc1.21.11-NeoForge.jar
[10Jun2026 22:36:48.918] [main/DEBUG] [net.neoforged.fml.loading.moddiscovery.ModFileInfo/LOADING]: Found valid mod file HealthBars-v21.11.0-mc1.21.11-NeoForge.jar with {healthbars} mods - versions {21.11.0}
[10Jun2026 22:36:48.918] [main/DEBUG] [net.neoforged.fml.loading.moddiscovery.ModFile/LOADING]: Loading mod file /workspaces/gaga_ga/servidor_minecraft/mods/HealthBars-v21.11.0-mc1.21.11-NeoForge.jar with languages [LanguageSpec[languageName=javafml, acceptedVersions=*]]
[10Jun2026 22:36:48.918] [main/DEBUG] [net.neoforged.fml.loading.moddiscovery.ModFile/LOADING]: Found mixin config MixinConfig[config=healthbars.common.mixins.json, requiredMods=[], behaviorVersion=null]
[10Jun2026 22:36:48.918] [main/DEBUG] [net.neoforged.fml.loading.moddiscovery.ModFile/LOADING]: Found mixin config MixinConfig[config=healthbars.neoforge.mixins.json, requiredMods=[], behaviorVersion=null]
[10Jun2026 22:36:48.919] [main/DEBUG] [net.neoforged.fml.loading.moddiscovery.ModFileParser/LOADING]: Considering mod file candidate /workspaces/gaga_ga/servidor_minecraft/mods/Iceberg-1.21.11-neoforge-1.4.0.jar
[10Jun2026 22:36:48.919] [main/DEBUG] [net.neoforged.fml.loading.moddiscovery.ModFileInfo/LOADING]: Found valid mod file Iceberg-1.21.11-neoforge-1.4.0.jar with {iceberg} mods - versions {1.4.0}
[10Jun2026 22:36:48.919] [main/DEBUG] [net.neoforged.fml.loading.moddiscovery.ModFile/LOADING]: Loading mod file /workspaces/gaga_ga/servidor_minecraft/mods/Iceberg-1.21.11-neoforge-1.4.0.jar with languages [LanguageSpec[languageName=javafml, acceptedVersions=[1,)]]
[10Jun2026 22:36:48.919] [main/DEBUG] [net.neoforged.fml.loading.moddiscovery.ModFile/LOADING]: Found mixin config MixinConfig[config=iceberg.mixins.json, requiredMods=[], behaviorVersion=null]
[10Jun2026 22:36:48.920] [main/DEBUG] [net.neoforged.fml.loading.moddiscovery.ModFile/LOADING]: Found mixin config MixinConfig[config=iceberg.neoforge.mixins.json, requiredMods=[], behaviorVersion=null]
[10Jun2026 22:36:48.920] [main/DEBUG] [net.neoforged.fml.loading.moddiscovery.ModFileParser/LOADING]: Considering mod file candidate /workspaces/gaga_ga/servidor_minecraft/mods/jei-1.21.11-neoforge-27.4.0.22.jar
[10Jun2026 22:36:48.921] [main/DEBUG] [net.neoforged.fml.loading.moddiscovery.ModFileInfo/LOADING]: Found valid mod file jei-1.21.11-neoforge-27.4.0.22.jar with {jei} mods - versions {27.4.0.22}
[10Jun2026 22:36:48.921] [main/DEBUG] [net.neoforged.fml.loading.moddiscovery.ModFile/LOADING]: Loading mod file /workspaces/gaga_ga/servidor_minecraft/mods/jei-1.21.11-neoforge-27.4.0.22.jar with languages [LanguageSpec[languageName=javafml, acceptedVersions=[4,)]]
[10Jun2026 22:36:48.922] [main/DEBUG] [net.neoforged.fml.loading.moddiscovery.ModFileParser/LOADING]: Considering mod file candidate /workspaces/gaga_ga/servidor_minecraft/mods/journeymap-neoforge-1.21.11-6.0.0-beta.79.jar
[10Jun2026 22:36:48.923] [main/DEBUG] [net.neoforged.fml.loading.moddiscovery.ModFileInfo/LOADING]: Found valid mod file journeymap-neoforge-1.21.11-6.0.0-beta.79.jar with {journeymap} mods - versions {1.21.11-6.0.0-beta.79}
[10Jun2026 22:36:48.923] [main/DEBUG] [net.neoforged.fml.loading.moddiscovery.ModFile/LOADING]: Loading mod file /workspaces/gaga_ga/servidor_minecraft/mods/journeymap-neoforge-1.21.11-6.0.0-beta.79.jar with languages [LanguageSpec[languageName=javafml, acceptedVersions=[1,)]]
[10Jun2026 22:36:48.923] [main/DEBUG] [net.neoforged.fml.loading.moddiscovery.ModFile/LOADING]: Found mixin config MixinConfig[config=journeymap.mixins.json, requiredMods=[], behaviorVersion=null]
[10Jun2026 22:36:48.923] [main/DEBUG] [net.neoforged.fml.loading.moddiscovery.ModFile/LOADING]: Found mixin config MixinConfig[config=journeymap.neoforge.mixins.json, requiredMods=[], behaviorVersion=null]
[10Jun2026 22:36:48.924] [main/DEBUG] [net.neoforged.fml.loading.moddiscovery.ModFileParser/LOADING]: Considering mod file candidate /workspaces/gaga_ga/servidor_minecraft/mods/lithostitched-1.7.2-neoforge-21.11.jar
[10Jun2026 22:36:48.924] [main/DEBUG] [net.neoforged.fml.loading.moddiscovery.ModFileInfo/LOADING]: Found valid mod file lithostitched-1.7.2-neoforge-21.11.jar with {lithostitched} mods - versions {1.7.2}
[10Jun2026 22:36:48.924] [main/DEBUG] [net.neoforged.fml.loading.moddiscovery.ModFile/LOADING]: Loading mod file /workspaces/gaga_ga/servidor_minecraft/mods/lithostitched-1.7.2-neoforge-21.11.jar with languages [LanguageSpec[languageName=javafml, acceptedVersions=[1,)]]
[10Jun2026 22:36:48.924] [main/DEBUG] [net.neoforged.fml.loading.moddiscovery.ModFile/LOADING]: Found mixin config MixinConfig[config=lithostitched.mixins.json, requiredMods=[], behaviorVersion=null]
[10Jun2026 22:36:48.925] [main/DEBUG] [net.neoforged.fml.loading.moddiscovery.ModFile/LOADING]: Found mixin config MixinConfig[config=lithostitched.26.1.mixins.json, requiredMods=[], behaviorVersion=null]
[10Jun2026 22:36:48.925] [main/DEBUG] [net.neoforged.fml.loading.moddiscovery.ModFile/LOADING]: Found mixin config MixinConfig[config=lithostitched.neoforge.mixins.json, requiredMods=[], behaviorVersion=null]
[10Jun2026 22:36:48.926] [main/DEBUG] [net.neoforged.fml.loading.moddiscovery.ModFileParser/LOADING]: Considering mod file candidate /workspaces/gaga_ga/servidor_minecraft/mods/mcw-windows-2.4.2-mc1.21.11neoforge.jar
[10Jun2026 22:36:48.927] [main/DEBUG] [net.neoforged.fml.loading.moddiscovery.ModFileInfo/LOADING]: Found valid mod file mcw-windows-2.4.2-mc1.21.11neoforge.jar with {mcwwindows} mods - versions {2.4.2}
[10Jun2026 22:36:48.927] [main/DEBUG] [net.neoforged.fml.loading.moddiscovery.ModFile/LOADING]: Loading mod file /workspaces/gaga_ga/servidor_minecraft/mods/mcw-windows-2.4.2-mc1.21.11neoforge.jar with languages [LanguageSpec[languageName=javafml, acceptedVersions=[1,)]]
[10Jun2026 22:36:48.927] [main/DEBUG] [net.neoforged.fml.loading.moddiscovery.ModFileParser/LOADING]: Considering mod file candidate /workspaces/gaga_ga/servidor_minecraft/mods/moogs_structures-neoforge-1.21.11-2.0.3.jar
[10Jun2026 22:36:48.928] [main/DEBUG] [net.neoforged.fml.loading.moddiscovery.ModFileInfo/LOADING]: Found valid mod file moogs_structures-neoforge-1.21.11-2.0.3.jar with {moogs_structures} mods - versions {2.0.3}
[10Jun2026 22:36:48.928] [main/DEBUG] [net.neoforged.fml.loading.moddiscovery.ModFile/LOADING]: Loading mod file /workspaces/gaga_ga/servidor_minecraft/mods/moogs_structures-neoforge-1.21.11-2.0.3.jar with languages [LanguageSpec[languageName=javafml, acceptedVersions=[4,)]]
[10Jun2026 22:36:48.928] [main/DEBUG] [net.neoforged.fml.loading.moddiscovery.ModFile/LOADING]: Found mixin config MixinConfig[config=moogs_structures-neoforge.mixins.json, requiredMods=[], behaviorVersion=null]
[10Jun2026 22:36:48.928] [main/DEBUG] [net.neoforged.fml.loading.moddiscovery.ModFile/LOADING]: Found mixin config MixinConfig[config=moogs_structures-common.mixins.json, requiredMods=[], behaviorVersion=null]
[10Jun2026 22:36:48.929] [main/DEBUG] [net.neoforged.fml.loading.moddiscovery.ModFileParser/LOADING]: Considering mod file candidate /workspaces/gaga_ga/servidor_minecraft/mods/MoogsTemplesReimagined-1.21-1.1.1.jar
[10Jun2026 22:36:48.929] [main/DEBUG] [net.neoforged.fml.loading.moddiscovery.ModFileInfo/LOADING]: Found valid mod file MoogsTemplesReimagined-1.21-1.1.1.jar with {mtr} mods - versions {1.1.1}
[10Jun2026 22:36:48.929] [main/DEBUG] [net.neoforged.fml.loading.moddiscovery.ModFile/LOADING]: Loading mod file /workspaces/gaga_ga/servidor_minecraft/mods/MoogsTemplesReimagined-1.21-1.1.1.jar with languages [LanguageSpec[languageName=javafml, acceptedVersions=[1,)]]
[10Jun2026 22:36:48.930] [main/DEBUG] [net.neoforged.fml.loading.moddiscovery.ModFileParser/LOADING]: Considering mod file candidate /workspaces/gaga_ga/servidor_minecraft/mods/prickle-neoforge-1.21.11-21.11.1.jar
[10Jun2026 22:36:48.930] [main/DEBUG] [net.neoforged.fml.loading.moddiscovery.ModFileInfo/LOADING]: Found valid mod file prickle-neoforge-1.21.11-21.11.1.jar with {prickle} mods - versions {21.11.1}
[10Jun2026 22:36:48.930] [main/DEBUG] [net.neoforged.fml.loading.moddiscovery.ModFile/LOADING]: Loading mod file /workspaces/gaga_ga/servidor_minecraft/mods/prickle-neoforge-1.21.11-21.11.1.jar with languages [LanguageSpec[languageName=javafml, acceptedVersions=[4,)]]
[10Jun2026 22:36:48.931] [main/DEBUG] [net.neoforged.fml.loading.moddiscovery.ModFile/LOADING]: Found mixin config MixinConfig[config=prickle.mixins.json, requiredMods=[], behaviorVersion=null]
[10Jun2026 22:36:48.931] [main/DEBUG] [net.neoforged.fml.loading.moddiscovery.ModFile/LOADING]: Found mixin config MixinConfig[config=prickle.neoforge.mixins.json, requiredMods=[], behaviorVersion=null]
[10Jun2026 22:36:48.931] [main/DEBUG] [net.neoforged.fml.loading.moddiscovery.ModFileParser/LOADING]: Considering mod file candidate /workspaces/gaga_ga/servidor_minecraft/mods/Prism-1.21.11-neoforge-1.1.0.jar
[10Jun2026 22:36:48.932] [main/DEBUG] [net.neoforged.fml.loading.moddiscovery.ModFileInfo/LOADING]: Found valid mod file Prism-1.21.11-neoforge-1.1.0.jar with {prism} mods - versions {1.1.0}
[10Jun2026 22:36:48.932] [main/DEBUG] [net.neoforged.fml.loading.moddiscovery.ModFile/LOADING]: Loading mod file /workspaces/gaga_ga/servidor_minecraft/mods/Prism-1.21.11-neoforge-1.1.0.jar with languages [LanguageSpec[languageName=javafml, acceptedVersions=[1,)]]
[10Jun2026 22:36:48.932] [main/DEBUG] [net.neoforged.fml.loading.moddiscovery.ModFile/LOADING]: Found mixin config MixinConfig[config=prism.mixins.json, requiredMods=[], behaviorVersion=null]
[10Jun2026 22:36:48.932] [main/DEBUG] [net.neoforged.fml.loading.moddiscovery.ModFileParser/LOADING]: Considering mod file candidate /workspaces/gaga_ga/servidor_minecraft/mods/PuzzlesLib-v21.11.12-mc1.21.11-NeoForge.jar
[10Jun2026 22:36:48.933] [main/DEBUG] [net.neoforged.fml.loading.moddiscovery.ModFileInfo/LOADING]: Found valid mod file PuzzlesLib-v21.11.12-mc1.21.11-NeoForge.jar with {puzzleslib} mods - versions {21.11.12}
[10Jun2026 22:36:48.933] [main/DEBUG] [net.neoforged.fml.loading.moddiscovery.ModFile/LOADING]: Loading mod file /workspaces/gaga_ga/servidor_minecraft/mods/PuzzlesLib-v21.11.12-mc1.21.11-NeoForge.jar with languages [LanguageSpec[languageName=javafml, acceptedVersions=*]]
[10Jun2026 22:36:48.933] [main/DEBUG] [net.neoforged.fml.loading.moddiscovery.ModFile/LOADING]: Found mixin config MixinConfig[config=puzzleslib.common.mixins.json, requiredMods=[], behaviorVersion=null]
[10Jun2026 22:36:48.934] [main/DEBUG] [net.neoforged.fml.loading.moddiscovery.ModFile/LOADING]: Found mixin config MixinConfig[config=puzzleslib.neoforge.mixins.json, requiredMods=[], behaviorVersion=null]
[10Jun2026 22:36:48.969] [main/DEBUG] [net.neoforged.fml.loading.moddiscovery.ModFileParser/LOADING]: Considering mod file candidate /workspaces/gaga_ga/servidor_minecraft/mods/refurbished_furniture-neoforge-1.21.11-1.0.23.jar
[10Jun2026 22:36:49.068] [main/DEBUG] [net.neoforged.fml.loading.moddiscovery.ModFileInfo/LOADING]: Found valid mod file refurbished_furniture-neoforge-1.21.11-1.0.23.jar with {refurbished_furniture} mods - versions {1.0.23}
[10Jun2026 22:36:49.068] [main/DEBUG] [net.neoforged.fml.loading.moddiscovery.ModFile/LOADING]: Loading mod file /workspaces/gaga_ga/servidor_minecraft/mods/refurbished_furniture-neoforge-1.21.11-1.0.23.jar with languages [LanguageSpec[languageName=javafml, acceptedVersions=[2,)]]
[10Jun2026 22:36:49.068] [main/DEBUG] [net.neoforged.fml.loading.moddiscovery.ModFile/LOADING]: Found mixin config MixinConfig[config=refurbished_furniture.common.mixins.json, requiredMods=[], behaviorVersion=null]
[10Jun2026 22:36:49.068] [main/DEBUG] [net.neoforged.fml.loading.moddiscovery.ModFileParser/LOADING]: Considering mod file candidate /workspaces/gaga_ga/servidor_minecraft/mods/sootychimneys-neoforge-1.3.4.jar
[10Jun2026 22:36:49.069] [main/DEBUG] [net.neoforged.fml.loading.moddiscovery.ModFileInfo/LOADING]: Found valid mod file sootychimneys-neoforge-1.3.4.jar with {sootychimneys} mods - versions {1.3.4}
[10Jun2026 22:36:49.069] [main/DEBUG] [net.neoforged.fml.loading.moddiscovery.ModFile/LOADING]: Loading mod file /workspaces/gaga_ga/servidor_minecraft/mods/sootychimneys-neoforge-1.3.4.jar with languages [LanguageSpec[languageName=javafml, acceptedVersions=[4,)]]
[10Jun2026 22:36:49.069] [main/DEBUG] [net.neoforged.fml.loading.moddiscovery.ModFile/LOADING]: Found mixin config MixinConfig[config=sootychimneys.mixins.json, requiredMods=[], behaviorVersion=null]
[10Jun2026 22:36:49.069] [main/DEBUG] [net.neoforged.fml.loading.moddiscovery.ModFile/LOADING]: Found mixin config MixinConfig[config=sootychimneys.neoforge.mixins.json, requiredMods=[], behaviorVersion=null]
[10Jun2026 22:36:49.070] [main/DEBUG] [net.neoforged.fml.loading.moddiscovery.ModFileParser/LOADING]: Considering mod file candidate /workspaces/gaga_ga/servidor_minecraft/mods/sophisticatedbackpacks-1.21.11-3.25.53.1783.jar
[10Jun2026 22:36:49.071] [main/DEBUG] [net.neoforged.fml.loading.moddiscovery.ModFileInfo/LOADING]: Found valid mod file sophisticatedbackpacks-1.21.11-3.25.53.1783.jar with {sophisticatedbackpacks} mods - versions {3.25.53}
[10Jun2026 22:36:49.071] [main/DEBUG] [net.neoforged.fml.loading.moddiscovery.ModFile/LOADING]: Loading mod file /workspaces/gaga_ga/servidor_minecraft/mods/sophisticatedbackpacks-1.21.11-3.25.53.1783.jar with languages [LanguageSpec[languageName=javafml, acceptedVersions=[4,)]]
[10Jun2026 22:36:49.072] [main/DEBUG] [net.neoforged.fml.loading.moddiscovery.ModFileParser/LOADING]: Considering mod file candidate /workspaces/gaga_ga/servidor_minecraft/mods/sophisticatedcore-1.21.11-1.4.41.1898.jar
[10Jun2026 22:36:49.072] [main/DEBUG] [net.neoforged.fml.loading.moddiscovery.ModFileInfo/LOADING]: Found valid mod file sophisticatedcore-1.21.11-1.4.41.1898.jar with {sophisticatedcore} mods - versions {1.4.41}
[10Jun2026 22:36:49.073] [main/DEBUG] [net.neoforged.fml.loading.moddiscovery.ModFile/LOADING]: Loading mod file /workspaces/gaga_ga/servidor_minecraft/mods/sophisticatedcore-1.21.11-1.4.41.1898.jar with languages [LanguageSpec[languageName=javafml, acceptedVersions=[4,)]]
[10Jun2026 22:36:49.073] [main/DEBUG] [net.neoforged.fml.loading.moddiscovery.ModFile/LOADING]: Found mixin config MixinConfig[config=sophisticatedcore.mixins.json, requiredMods=[], behaviorVersion=null]
[10Jun2026 22:36:49.073] [main/DEBUG] [net.neoforged.fml.loading.moddiscovery.ModFile/LOADING]: Found mixin config MixinConfig[config=sophisticatedcore.create.mixins.json, requiredMods=[create], behaviorVersion=null]
[10Jun2026 22:36:49.073] [main/DEBUG] [net.neoforged.fml.loading.moddiscovery.ModFileParser/LOADING]: Considering mod file candidate /workspaces/gaga_ga/servidor_minecraft/mods/stackrefill-1.21.11-5.0.jar
[10Jun2026 22:36:49.074] [main/DEBUG] [net.neoforged.fml.loading.moddiscovery.ModFileInfo/LOADING]: Found valid mod file stackrefill-1.21.11-5.0.jar with {stackrefill} mods - versions {5.0}
[10Jun2026 22:36:49.074] [main/DEBUG] [net.neoforged.fml.loading.moddiscovery.ModFile/LOADING]: Loading mod file /workspaces/gaga_ga/servidor_minecraft/mods/stackrefill-1.21.11-5.0.jar with languages [LanguageSpec[languageName=javafml, acceptedVersions=*]]
[10Jun2026 22:36:49.074] [main/DEBUG] [net.neoforged.fml.loading.moddiscovery.ModFile/LOADING]: Found mixin config MixinConfig[config=stackrefill_neoforge.mixins.json, requiredMods=[], behaviorVersion=null]
[10Jun2026 22:36:49.074] [main/DEBUG] [net.neoforged.fml.loading.moddiscovery.ModFileParser/LOADING]: Considering mod file candidate /workspaces/gaga_ga/servidor_minecraft/mods/supermartijn642configlib-1.1.8-neoforge-mc1.21.11.jar
[10Jun2026 22:36:49.075] [main/DEBUG] [net.neoforged.fml.loading.moddiscovery.ModFileInfo/LOADING]: Found valid mod file supermartijn642configlib-1.1.8-neoforge-mc1.21.11.jar with {supermartijn642configlib} mods - versions {1.1.8}
[10Jun2026 22:36:49.075] [main/DEBUG] [net.neoforged.fml.loading.moddiscovery.ModFile/LOADING]: Loading mod file /workspaces/gaga_ga/servidor_minecraft/mods/supermartijn642configlib-1.1.8-neoforge-mc1.21.11.jar with languages [LanguageSpec[languageName=javafml, acceptedVersions=[1,)]]
[10Jun2026 22:36:49.076] [main/DEBUG] [net.neoforged.fml.loading.moddiscovery.ModFileParser/LOADING]: Considering mod file candidate /workspaces/gaga_ga/servidor_minecraft/mods/supermartijn642corelib-1.1.21-neoforge-mc1.21.11.jar
[10Jun2026 22:36:49.077] [main/DEBUG] [net.neoforged.fml.loading.moddiscovery.ModFileInfo/LOADING]: Found valid mod file supermartijn642corelib-1.1.21-neoforge-mc1.21.11.jar with {supermartijn642corelib} mods - versions {1.1.21}
[10Jun2026 22:36:49.077] [main/DEBUG] [net.neoforged.fml.loading.moddiscovery.ModFile/LOADING]: Loading mod file /workspaces/gaga_ga/servidor_minecraft/mods/supermartijn642corelib-1.1.21-neoforge-mc1.21.11.jar with languages [LanguageSpec[languageName=javafml, acceptedVersions=[1,)]]
[10Jun2026 22:36:49.077] [main/DEBUG] [net.neoforged.fml.loading.moddiscovery.ModFile/LOADING]: Found mixin config MixinConfig[config=supermartijn642corelib.mixins.json, requiredMods=[], behaviorVersion=null]
[10Jun2026 22:36:49.078] [main/DEBUG] [net.neoforged.fml.loading.moddiscovery.ModFileParser/LOADING]: Considering mod file candidate /workspaces/gaga_ga/servidor_minecraft/mods/Terralith_1.21.11_v2.6.1_Neoforge.jar
[10Jun2026 22:36:49.079] [main/DEBUG] [net.neoforged.fml.loading.moddiscovery.ModFileInfo/LOADING]: Found valid mod file Terralith_1.21.11_v2.6.1_Neoforge.jar with {terralith} mods - versions {2.6.1}
[10Jun2026 22:36:49.079] [main/DEBUG] [net.neoforged.fml.loading.moddiscovery.ModFile/LOADING]: Loading mod file /workspaces/gaga_ga/servidor_minecraft/mods/Terralith_1.21.11_v2.6.1_Neoforge.jar with languages [LanguageSpec[languageName=javafml, acceptedVersions=[1,)]]
[10Jun2026 22:36:49.080] [main/DEBUG] [net.neoforged.fml.loading.moddiscovery.ModFile/LOADING]: Found mixin config MixinConfig[config=terralith.mixins.json, requiredMods=[], behaviorVersion=null]
[10Jun2026 22:36:49.080] [main/DEBUG] [net.neoforged.fml.loading.moddiscovery.ModFileParser/LOADING]: Considering mod file candidate /workspaces/gaga_ga/servidor_minecraft/mods/ToolsOnMyBack-1.0.2+1.21.11+neoforge.jar
[10Jun2026 22:36:49.081] [main/DEBUG] [net.neoforged.fml.loading.moddiscovery.ModFileInfo/LOADING]: Found valid mod file ToolsOnMyBack-1.0.2+1.21.11+neoforge.jar with {tools_on_my_back} mods - versions {1.0.2+1.21.11+neoforge}
[10Jun2026 22:36:49.081] [main/DEBUG] [net.neoforged.fml.loading.moddiscovery.ModFile/LOADING]: Loading mod file /workspaces/gaga_ga/servidor_minecraft/mods/ToolsOnMyBack-1.0.2+1.21.11+neoforge.jar with languages [LanguageSpec[languageName=javafml, acceptedVersions=[1,)]]
[10Jun2026 22:36:49.081] [main/DEBUG] [net.neoforged.fml.loading.moddiscovery.ModFile/LOADING]: Found mixin config MixinConfig[config=tools_on_my_back.mixins.json, requiredMods=[], behaviorVersion=null]
[10Jun2026 22:36:49.081] [main/DEBUG] [net.neoforged.fml.loading.moddiscovery.ModFileParser/LOADING]: Considering mod file candidate /workspaces/gaga_ga/servidor_minecraft/mods/trashcans-1.0.18-neoforge-mc1.21.11.jar
[10Jun2026 22:36:49.082] [main/DEBUG] [net.neoforged.fml.loading.moddiscovery.ModFileInfo/LOADING]: Found valid mod file trashcans-1.0.18-neoforge-mc1.21.11.jar with {trashcans} mods - versions {1.0.18}
[10Jun2026 22:36:49.082] [main/DEBUG] [net.neoforged.fml.loading.moddiscovery.ModFile/LOADING]: Loading mod file /workspaces/gaga_ga/servidor_minecraft/mods/trashcans-1.0.18-neoforge-mc1.21.11.jar with languages [LanguageSpec[languageName=javafml, acceptedVersions=[1,)]]
[10Jun2026 22:36:49.083] [main/DEBUG] [net.neoforged.fml.loading.moddiscovery.ModFile/LOADING]: Found mixin config MixinConfig[config=trashcans.mixins.json, requiredMods=[], behaviorVersion=null]
[10Jun2026 22:36:49.083] [main/DEBUG] [net.neoforged.fml.loading.moddiscovery.ModFileParser/LOADING]: Considering mod file candidate /workspaces/gaga_ga/servidor_minecraft/mods/trashslot-neoforge-1.21.11-21.11.5.jar
[10Jun2026 22:36:49.084] [main/DEBUG] [net.neoforged.fml.loading.moddiscovery.ModFileInfo/LOADING]: Found valid mod file trashslot-neoforge-1.21.11-21.11.5.jar with {trashslot} mods - versions {21.11.5}
[10Jun2026 22:36:49.084] [main/DEBUG] [net.neoforged.fml.loading.moddiscovery.ModFile/LOADING]: Loading mod file /workspaces/gaga_ga/servidor_minecraft/mods/trashslot-neoforge-1.21.11-21.11.5.jar with languages [LanguageSpec[languageName=javafml, acceptedVersions=[1,)]]
[10Jun2026 22:36:49.084] [main/DEBUG] [net.neoforged.fml.loading.moddiscovery.ModFile/LOADING]: Found mixin config MixinConfig[config=trashslot.mixins.json, requiredMods=[], behaviorVersion=null]
[10Jun2026 22:36:49.084] [main/DEBUG] [net.neoforged.fml.loading.moddiscovery.ModFile/LOADING]: Found mixin config MixinConfig[config=trashslot.neoforge.mixins.json, requiredMods=[], behaviorVersion=null]
[10Jun2026 22:36:49.084] [main/DEBUG] [net.neoforged.fml.loading.moddiscovery.ModFileParser/LOADING]: Considering mod file candidate /workspaces/gaga_ga/servidor_minecraft/mods/waystones-neoforge-1.21.11-21.11.9.jar
[10Jun2026 22:36:49.085] [main/DEBUG] [net.neoforged.fml.loading.moddiscovery.ModFileInfo/LOADING]: Found valid mod file waystones-neoforge-1.21.11-21.11.9.jar with {waystones} mods - versions {21.11.9}
[10Jun2026 22:36:49.085] [main/DEBUG] [net.neoforged.fml.loading.moddiscovery.ModFile/LOADING]: Loading mod file /workspaces/gaga_ga/servidor_minecraft/mods/waystones-neoforge-1.21.11-21.11.9.jar with languages [LanguageSpec[languageName=javafml, acceptedVersions=[1,)]]
[10Jun2026 22:36:49.085] [main/DEBUG] [net.neoforged.fml.loading.moddiscovery.ModFile/LOADING]: Found mixin config MixinConfig[config=waystones.mixins.json, requiredMods=[], behaviorVersion=null]
[10Jun2026 22:36:49.085] [main/DEBUG] [net.neoforged.fml.loading.moddiscovery.ModFile/LOADING]: Found mixin config MixinConfig[config=waystones.neoforge.mixins.json, requiredMods=[], behaviorVersion=null]
[10Jun2026 22:36:49.085] [main/DEBUG] [net.neoforged.fml.loading.moddiscovery.ModFileParser/LOADING]: Considering mod file candidate /workspaces/gaga_ga/servidor_minecraft/mods/weaponmaster-neoforge-1.21.11.jar
[10Jun2026 22:36:49.086] [main/DEBUG] [net.neoforged.fml.loading.moddiscovery.ModFileInfo/LOADING]: Found valid mod file weaponmaster-neoforge-1.21.11.jar with {weaponmaster_ydm} mods - versions {4.4.1}
[10Jun2026 22:36:49.086] [main/DEBUG] [net.neoforged.fml.loading.moddiscovery.ModFile/LOADING]: Loading mod file /workspaces/gaga_ga/servidor_minecraft/mods/weaponmaster-neoforge-1.21.11.jar with languages [LanguageSpec[languageName=javafml, acceptedVersions=[2,)]]
[10Jun2026 22:36:49.087] [main/DEBUG] [net.neoforged.fml.loading.moddiscovery.ModFile/LOADING]: Found mixin config MixinConfig[config=weaponmaster_ydm.mixins.json, requiredMods=[], behaviorVersion=null]
[10Jun2026 22:36:49.193] [main/DEBUG] [net.neoforged.fml.loading.moddiscovery.ModFile/LOADING]: Loading mod file /workspaces/gaga_ga/servidor_minecraft/.cache/jij/e6b762f15e4891178dddd74e4d57318f518ce278000129efa41f85410b132ccc/pngj-2.1.0.jar with languages []
[10Jun2026 22:36:49.211] [main/DEBUG] [net.neoforged.fml.loading.moddiscovery.ModFileParser/LOADING]: Considering mod file candidate /workspaces/gaga_ga/servidor_minecraft/.cache/jij/b99e6904ea1f4a690b0b9df8006f67f45e4116d81acd6cfd80df0947defbe6fe/journeymap-api-neoforge-2.0.0-1.21.11-SNAPSHOT.jar
[10Jun2026 22:36:49.212] [main/DEBUG] [net.neoforged.fml.loading.moddiscovery.ModFileInfo/LOADING]: Found valid mod file journeymap-api-neoforge-2.0.0-1.21.11-SNAPSHOT.jar with {journeymap_api} mods - versions {2.0.0-1.21.11-SNAPSHOT}
[10Jun2026 22:36:49.212] [main/DEBUG] [net.neoforged.fml.loading.moddiscovery.ModFile/LOADING]: Loading mod file /workspaces/gaga_ga/servidor_minecraft/.cache/jij/b99e6904ea1f4a690b0b9df8006f67f45e4116d81acd6cfd80df0947defbe6fe/journeymap-api-neoforge-2.0.0-1.21.11-SNAPSHOT.jar with languages [LanguageSpec[languageName=javafml, acceptedVersions=[1,)]]
[10Jun2026 22:36:49.223] [main/DEBUG] [net.neoforged.fml.loading.moddiscovery.ModFileParser/LOADING]: Considering mod file candidate /workspaces/gaga_ga/servidor_minecraft/.cache/jij/71631547820750d9874150863b94a197538e027a6b96d5fd215ba90f149d8669/common-networking-neoforge-1.0.22-1.21.11.jar
[10Jun2026 22:36:49.224] [main/DEBUG] [net.neoforged.fml.loading.moddiscovery.ModFileInfo/LOADING]: Found valid mod file common-networking-neoforge-1.0.22-1.21.11.jar with {commonnetworking} mods - versions {1.0.22-1.21.11}
[10Jun2026 22:36:49.225] [main/DEBUG] [net.neoforged.fml.loading.moddiscovery.ModFile/LOADING]: Loading mod file /workspaces/gaga_ga/servidor_minecraft/.cache/jij/71631547820750d9874150863b94a197538e027a6b96d5fd215ba90f149d8669/common-networking-neoforge-1.0.22-1.21.11.jar with languages [LanguageSpec[languageName=javafml, acceptedVersions=[2,)]]
[10Jun2026 22:36:49.259] [main/DEBUG] [net.neoforged.fml.loading.moddiscovery.ModFile/LOADING]: Loading mod file /workspaces/gaga_ga/servidor_minecraft/.cache/jij/9822e773bd9f42d36ed53ea3d67486207291747a7bfacc29beeb92040721bc9b/mixinextras-neoforge-0.5.3.jar with languages []
[10Jun2026 22:36:49.260] [main/DEBUG] [net.neoforged.fml.loading.moddiscovery.ModFile/LOADING]: Loading mod file /workspaces/gaga_ga/servidor_minecraft/.cache/jij/54bb3c61f37ced77ba30dc02ca5b2f71ced259612101a8b1325855cff9d9755c/net.neoforged.neoforge-coremods-21.11.42.jar with languages []
[10Jun2026 22:36:49.270] [main/DEBUG] [net.neoforged.fml.loading.moddiscovery.ModFileParser/LOADING]: Considering mod file candidate /workspaces/gaga_ga/servidor_minecraft/.cache/jij/392fa53f5720a202ae02d5df8b4e20adf1024f8d11c6252a849e8ee8d1b5e0c4/spectrelib-neoforge-0.20.2+1.21.11.jar
[10Jun2026 22:36:49.275] [main/DEBUG] [net.neoforged.fml.loading.moddiscovery.ModFileInfo/LOADING]: Found valid mod file spectrelib-neoforge-0.20.2+1.21.11.jar with {spectrelib} mods - versions {0.20.2+1.21.11}
[10Jun2026 22:36:49.275] [main/DEBUG] [net.neoforged.fml.loading.moddiscovery.ModFile/LOADING]: Loading mod file /workspaces/gaga_ga/servidor_minecraft/.cache/jij/392fa53f5720a202ae02d5df8b4e20adf1024f8d11c6252a849e8ee8d1b5e0c4/spectrelib-neoforge-0.20.2+1.21.11.jar with languages [LanguageSpec[languageName=javafml, acceptedVersions=[1,)]]
[10Jun2026 22:36:49.283] [main/DEBUG] [net.neoforged.fml.loading.moddiscovery.ModFileParser/LOADING]: Considering mod file candidate /workspaces/gaga_ga/servidor_minecraft/.cache/jij/eda522f5eb2df98db6f122bdaad5d24c2e28c09b43e9f2b309c6fd8183f70cf0/kuma-api-neoforge-21.11.12.jar
[10Jun2026 22:36:49.284] [main/DEBUG] [net.neoforged.fml.loading.moddiscovery.ModFileInfo/LOADING]: Found valid mod file kuma-api-neoforge-21.11.12.jar with {kuma_api} mods - versions {21.11.12}
[10Jun2026 22:36:49.284] [main/DEBUG] [net.neoforged.fml.loading.moddiscovery.ModFile/LOADING]: Loading mod file /workspaces/gaga_ga/servidor_minecraft/.cache/jij/eda522f5eb2df98db6f122bdaad5d24c2e28c09b43e9f2b309c6fd8183f70cf0/kuma-api-neoforge-21.11.12.jar with languages [LanguageSpec[languageName=javafml, acceptedVersions=[1,)]]
[10Jun2026 22:36:49.286] [main/DEBUG] [net.neoforged.fml.loading.moddiscovery.ModFile/LOADING]: Found mixin config MixinConfig[config=kuma_api.mixins.json, requiredMods=[], behaviorVersion=null]
[10Jun2026 22:36:49.286] [main/DEBUG] [net.neoforged.fml.loading.moddiscovery.ModFile/LOADING]: Found mixin config MixinConfig[config=kuma_api.neoforge.mixins.json, requiredMods=[], behaviorVersion=null]
[10Jun2026 22:36:49.289] [main/DEBUG] [net.neoforged.fml.loading.moddiscovery.ModFile/LOADING]: Loading mod file /workspaces/gaga_ga/servidor_minecraft/.cache/jij/edfe657253c35002e27bc97cd607d3a12ab640522a6bdb4275812575ef2d4222/cloth-config-coremods-21.11.153.jar with languages []
[10Jun2026 22:36:49.335] [main/WARN] [net.neoforged.jarjar.selection.JarSelector/]: Attempted to select a dependency jar for JarJar which was passed in as source: commonnetworking. Using jar(mods/common-networking-neoforge-1.0.22-1.21.11.jar)
[10Jun2026 22:36:49.336] [main/INFO] [net.neoforged.fml.loading.moddiscovery.locators.JarInJarDependencyLocator/]: Found 7 dependencies adding them to mods collection
[10Jun2026 22:36:49.340] [main/INFO] [net.neoforged.fml.loading.moddiscovery.ModDiscoverer/]: 
     Mod List:
		Name Version (Mod Id)

		Advanced_Graves-build 1.0.0 (advanced_graves_build)
		Aerial Hell 1.0.0 (aerialhell)
		Anvil Never Too Expensive 1.2.1 (ante)
		AttributeFix 21.11.1 (attributefix)
		Balm 21.11.9 (balm)
		Carry On 2.9.0 (carryon)
		Chisel Reborn 2.2.0+mc1.21.11 (chisel)
		Cloth Config v20 API 21.11.153 (cloth_config)
		Collective 8.22 (collective)
		Comforts 14.0.2+1.21.11 (comforts)
		Common Networking 1.0.22-1.21.11 (commonnetworking)
		Crops Love Rain 3.2.1 (cropsloverain)
		Cryonic Config 1.0.0+mc1.21.11 (cryonicconfig)
		Decocraft 3.0.8 (decocraft)
		Dynamic Lights 1.21.11.1NF (dynamiclights)
		ElevatorMod 1.21.11-1.15.0 (elevatorid)
		EnchantmentDescriptions 21.11.1 (enchdesc)
		Explosive Enhancement 1.1.2 (explosiveenhancement)
		FallingTree 1.21.11.3 (fallingtree)
		Framework 0.13.11 (framework)
		GeckoLib 5 5.4.5 (geckolib)
		GlitchCore 21.11.0.4 (glitchcore)
		Healing Campfire 6.2 (healingcampfire)
		Health Bars 21.11.0 (healthbars)
		Iceberg 1.4.0 (iceberg)
		Journeymap 1.21.11-6.0.0-beta.79 (journeymap)
		JourneyMap API 2.0.0-1.21.11-SNAPSHOT (journeymap_api)
		Just Enough Items 27.4.0.22 (jei)
		KumaAPI 21.11.12 (kuma_api)
		Lithostitched 1.7.2 (lithostitched)
		Macaw's Windows 2.4.2 (mcwwindows)
		Minecraft 1.21.11 (minecraft)
		Moog's Structure Lib 2.0.3 (moogs_structures)
		MoogsTemplesReimagined 1.1.1 (mtr)
		MrCrayfish's Furniture Mod: Refurbished 1.0.23 (refurbished_furniture)
		NeoForge 21.11.42 (neoforge)
		PrickleMC 21.11.1 (prickle)
		Prism 1.1.0 (prism)
		Puzzles Lib 21.11.12 (puzzleslib)
		SecurityCraft 1.10.1-beta2 (securitycraft)
		Sooty Chimneys 1.3.4 (sootychimneys)
		Sophisticated Backpacks 3.25.53 (sophisticatedbackpacks)
		Sophisticated Core 1.4.41 (sophisticatedcore)
		SpectreLib 0.20.2+1.21.11 (spectrelib)
		Stack Refill 5.0 (stackrefill)
		SuperMartijn642's Config Library 1.1.8 (supermartijn642configlib)
		SuperMartijn642's Core Lib 1.1.21 (supermartijn642corelib)
		Terralith 2.6.1 (terralith)
		Tools On My Back 1.0.2+1.21.11+neoforge (tools_on_my_back)
		Trash Cans 1.0.18 (trashcans)
		TrashSlot 21.11.5 (trashslot)
		Waystones 21.11.9 (waystones)
		YDM's Weapon Master 4.4.1 (weaponmaster_ydm)
[10Jun2026 22:36:49.345] [main/DEBUG] [net.neoforged.fml.loading.ModSorter/]: Configured system mods: [minecraft, neoforge]
[10Jun2026 22:36:49.345] [main/DEBUG] [net.neoforged.fml.loading.ModSorter/]: Found system mod: minecraft
[10Jun2026 22:36:49.345] [main/DEBUG] [net.neoforged.fml.loading.ModSorter/]: Found system mod: neoforge
[10Jun2026 22:36:49.353] [main/DEBUG] [net.neoforged.fml.loading.ModSorter/LOADING]: Found 97 mod requirements (96 mandatory, 1 optional)
[10Jun2026 22:36:49.355] [main/DEBUG] [net.neoforged.fml.loading.ModSorter/LOADING]: Found 0 mod requirements missing (0 mandatory, 0 optional)
[10Jun2026 22:36:49.898] [main/INFO] [mixin/]: SpongePowered MIXIN Subsystem Version=0.8.7 Source=file:/workspaces/gaga_ga/servidor_minecraft/libraries/net/fabricmc/sponge-mixin/0.16.5+mixin.0.8.7/sponge-mixin-0.16.5+mixin.0.8.7.jar Service=FML Env=SERVER
[10Jun2026 22:36:49.954] [main/DEBUG] [mixin/]: Initialising Mixin Platform Manager
[10Jun2026 22:36:49.955] [main/DEBUG] [mixin/]: Adding mixin platform agents for container ContainerHandleVirtual(fml:18c85)
[10Jun2026 22:36:49.956] [main/DEBUG] [mixin/]: Instancing new MixinPlatformAgentDefault for ContainerHandleVirtual(fml:18c85)
[10Jun2026 22:36:49.958] [main/DEBUG] [mixin/]: MixinPlatformAgentDefault accepted container ContainerHandleVirtual(fml:18c85)
[10Jun2026 22:36:49.958] [main/DEBUG] [mixin/]: Instancing new MixinPlatformAgentDefault for ContainerHandleVirtual(fml:18c85)
[10Jun2026 22:36:49.958] [main/DEBUG] [mixin/]: MixinPlatformAgentDefault accepted container ContainerHandleVirtual(fml:18c85)
[10Jun2026 22:36:49.959] [main/DEBUG] [mixin/]: Processing prepare() for PlatformAgent[MixinPlatformAgentDefault:ContainerHandleVirtual(fml:18c85)]
[10Jun2026 22:36:49.960] [main/DEBUG] [mixin/]: Processing prepare() for PlatformAgent[MixinPlatformAgentDefault:ContainerHandleVirtual(fml:18c85)]
[10Jun2026 22:36:49.961] [main/INFO] [net.neoforged.fml.loading.FMLLoader/]: Loading FML Plugins:
[10Jun2026 22:36:49.964] [main/INFO] [net.neoforged.fml.loading.FMLLoader/]:  - mods/cloth-config-21.11.153-neoforge.jar > cloth-config-coremods-21.11.153.jar
[10Jun2026 22:36:49.965] [main/INFO] [net.neoforged.fml.loading.FMLLoader/]:  - mods/journeymap-neoforge-1.21.11-6.0.0-beta.79.jar > pngj-2.1.0.jar
[10Jun2026 22:36:49.965] [main/INFO] [net.neoforged.fml.loading.FMLLoader/]:  - ~libraries/net/neoforged/neoforge/21.11.42/neoforge-21.11.42-universal.jar > net.neoforged.neoforge-coremods-21.11.42.jar
[10Jun2026 22:36:49.978] [main/DEBUG] [net.neoforged.fml.util.ServiceLoaderUtil/CORE]: Found 2 implementations of IModLanguageLoader:
[10Jun2026 22:36:49.978] [main/DEBUG] [net.neoforged.fml.util.ServiceLoaderUtil/CORE]: 	net.neoforged.fml.javafmlmod.FMLJavaModLanguageProvider from libraries/net/neoforged/fancymodloader/loader/10.0.36/loader-10.0.36.jar
[10Jun2026 22:36:49.980] [main/DEBUG] [net.neoforged.fml.util.ServiceLoaderUtil/CORE]: 	net.neoforged.fml.mclanguageprovider.MinecraftModLanguageProvider from libraries/net/neoforged/fancymodloader/loader/10.0.36/loader-10.0.36.jar
[10Jun2026 22:36:49.981] [main/DEBUG] [net.neoforged.fml.loading.LanguageProviderLoader/CORE]: Found language provider javafml, version 10.0
[10Jun2026 22:36:49.981] [main/DEBUG] [net.neoforged.fml.loading.LanguageProviderLoader/CORE]: Found language provider minecraft, version 10.0
[10Jun2026 22:36:49.989] [main/DEBUG] [net.neoforged.fml.loading.FMLLoader/]: Adding Access Transformer META-INF/accesstransformer.cfg in jar(mods/geckolib-neoforge-1.21.11-5.4.5.jar)
[10Jun2026 22:36:50.021] [main/DEBUG] [net.neoforged.fml.loading.FMLLoader/]: Adding Access Transformer META-INF/accesstransformer.cfg in jar(mods/ToolsOnMyBack-1.0.2+1.21.11+neoforge.jar)
[10Jun2026 22:36:50.021] [main/DEBUG] [net.neoforged.fml.loading.FMLLoader/]: Adding Access Transformer META-INF/accesstransformer.cfg in jar(mods/jei-1.21.11-neoforge-27.4.0.22.jar)
[10Jun2026 22:36:50.027] [main/DEBUG] [net.neoforged.fml.loading.FMLLoader/]: Adding Access Transformer META-INF/accesstransformer.cfg in jar(mods/lithostitched-1.7.2-neoforge-21.11.jar)
[10Jun2026 22:36:50.029] [main/DEBUG] [net.neoforged.fml.loading.FMLLoader/]: Adding Access Transformer META-INF/accesstransformer.cfg in jar(mods/sophisticatedcore-1.21.11-1.4.41.1898.jar)
[10Jun2026 22:36:50.043] [main/DEBUG] [net.neoforged.fml.loading.FMLLoader/]: Adding Access Transformer META-INF/accesstransformer.cfg in jar(mods/sootychimneys-neoforge-1.3.4.jar)
[10Jun2026 22:36:50.043] [main/DEBUG] [net.neoforged.fml.loading.FMLLoader/]: Adding Access Transformer META-INF/accesstransformer.cfg in jar(mods/journeymap-neoforge-1.21.11-6.0.0-beta.79.jar)
[10Jun2026 22:36:50.049] [main/DEBUG] [net.neoforged.fml.loading.FMLLoader/]: Adding Access Transformer META-INF/accesstransformer.cfg in jar(~libraries/net/neoforged/neoforge/21.11.42/neoforge-21.11.42-universal.jar)
[10Jun2026 22:36:50.093] [main/DEBUG] [net.neoforged.fml.loading.FMLLoader/]: Adding Access Transformer META-INF/accesstransformergenerated.cfg in jar(~libraries/net/neoforged/neoforge/21.11.42/neoforge-21.11.42-universal.jar)
[10Jun2026 22:36:50.123] [main/DEBUG] [net.neoforged.fml.loading.FMLLoader/]: Adding Access Transformer META-INF/accesstransformer.cfg in jar(mods/Prism-1.21.11-neoforge-1.1.0.jar)
[10Jun2026 22:36:50.124] [main/DEBUG] [net.neoforged.fml.loading.FMLLoader/]: Adding Access Transformer META-INF/accesstransformer.cfg in jar(mods/comforts-neoforge-14.0.2+1.21.11.jar)
[10Jun2026 22:36:50.128] [main/DEBUG] [net.neoforged.fml.loading.FMLLoader/]: Adding Access Transformer META-INF/accesstransformer.cfg in jar(mods/GlitchCore-neoforge-1.21.11-21.11.0.4.jar)
[10Jun2026 22:36:50.129] [main/DEBUG] [net.neoforged.fml.loading.FMLLoader/]: Adding Access Transformer META-INF/accesstransformer.cfg in jar(mods/sophisticatedbackpacks-1.21.11-3.25.53.1783.jar)
[10Jun2026 22:36:50.134] [main/DEBUG] [net.neoforged.fml.loading.FMLLoader/]: Adding Access Transformer META-INF/accesstransformer.cfg in jar(mods/Terralith_1.21.11_v2.6.1_Neoforge.jar)
[10Jun2026 22:36:50.135] [main/DEBUG] [net.neoforged.fml.loading.FMLLoader/]: Adding Access Transformer META-INF/accesstransformer.cfg in jar(mods/aerialhell-0.7.7_neoforge1.21.11.jar)
[10Jun2026 22:36:50.141] [main/DEBUG] [net.neoforged.fml.loading.FMLLoader/]: Adding Access Transformer META-INF/accesstransformer.cfg in jar(mods/cloth-config-21.11.153-neoforge.jar)
[10Jun2026 22:36:50.142] [main/DEBUG] [net.neoforged.fml.loading.FMLLoader/]: Adding Access Transformer META-INF/accesstransformer.cfg in jar(mods/HealthBars-v21.11.0-mc1.21.11-NeoForge.jar)
[10Jun2026 22:36:50.147] [main/DEBUG] [net.neoforged.fml.loading.FMLLoader/]: Adding Access Transformer META-INF/accesstransformer.cfg in jar(mods/decocraft-3.0.9-1.21.11-neoforge.jar)
[10Jun2026 22:36:50.149] [main/DEBUG] [net.neoforged.fml.loading.FMLLoader/]: Adding Access Transformer META-INF/accesstransformer.cfg in jar(mods/supermartijn642corelib-1.1.21-neoforge-mc1.21.11.jar)
[10Jun2026 22:36:50.156] [main/DEBUG] [net.neoforged.fml.loading.FMLLoader/]: Adding Access Transformer META-INF/accesstransformer.cfg in jar(mods/Iceberg-1.21.11-neoforge-1.4.0.jar)
[10Jun2026 22:36:50.158] [main/DEBUG] [net.neoforged.fml.loading.FMLLoader/]: Adding Access Transformer META-INF/accesstransformer.cfg in jar(mods/collective-1.21.11-8.22.jar)
[10Jun2026 22:36:50.165] [main/DEBUG] [net.neoforged.fml.loading.FMLLoader/]: Adding Access Transformer META-INF/accesstransformer.cfg in jar(mods/[1.21.11] SecurityCraft v1.10.1-beta2.jar)
[10Jun2026 22:36:50.175] [main/DEBUG] [net.neoforged.fml.loading.FMLLoader/]: Adding Access Transformer META-INF/accesstransformer.cfg in jar(mods/elevatorid-neoforge-1.21.11-1.15.0.jar)
[10Jun2026 22:36:50.177] [main/DEBUG] [net.neoforged.fml.loading.FMLLoader/]: Adding Access Transformer META-INF/accesstransformer.cfg in jar(mods/refurbished_furniture-neoforge-1.21.11-1.0.23.jar)
[10Jun2026 22:36:50.182] [main/DEBUG] [net.neoforged.fml.loading.FMLLoader/]: Adding Access Transformer META-INF/accesstransformer.cfg in jar(mods/PuzzlesLib-v21.11.12-mc1.21.11-NeoForge.jar)
[10Jun2026 22:36:50.219] [main/DEBUG] [net.neoforged.fml.loading.FMLLoader/]: Adding Access Transformer META-INF/accesstransformer.cfg in jar(mods/trashcans-1.0.18-neoforge-mc1.21.11.jar)
[10Jun2026 22:36:50.221] [main/DEBUG] [net.neoforged.fml.loading.FMLLoader/]: Adding Access Transformer META-INF/accesstransformer.cfg in jar(mods/moogs_structures-neoforge-1.21.11-2.0.3.jar)
[10Jun2026 22:36:50.224] [main/DEBUG] [net.neoforged.fml.loading.FMLLoader/]: Adding Access Transformer META-INF/accesstransformer.cfg in jar(mods/framework-neoforge-1.21.11-0.13.11.jar)
[10Jun2026 22:36:50.265] [main/DEBUG] [net.neoforged.fml.loading.FMLLoader/]: Adding Access Transformer META-INF/neoforge.accesstransformer.cfg in jar(mods/FallingTree-1.21.11-1.21.11.3.jar)
[10Jun2026 22:36:50.278] [main/DEBUG] [net.neoforged.fml.util.ServiceLoaderUtil/CORE]: Found 5 implementations of ClassProcessor:
[10Jun2026 22:36:50.278] [main/DEBUG] [net.neoforged.fml.util.ServiceLoaderUtil/CORE]: 	[built-in] net.neoforged.fml.common.asm.AccessTransformerService from libraries/net/neoforged/fancymodloader/loader/10.0.36/loader-10.0.36.jar
[10Jun2026 22:36:50.279] [main/DEBUG] [net.neoforged.fml.util.ServiceLoaderUtil/CORE]: 	[built-in] net.neoforged.fml.common.asm.enumextension.RuntimeEnumExtender from libraries/net/neoforged/fancymodloader/loader/10.0.36/loader-10.0.36.jar
[10Jun2026 22:36:50.279] [main/DEBUG] [net.neoforged.fml.util.ServiceLoaderUtil/CORE]: 	[built-in] net.neoforged.fml.common.asm.SimpleProcessorsGroup from libraries/net/neoforged/fancymodloader/loader/10.0.36/loader-10.0.36.jar
[10Jun2026 22:36:50.279] [main/DEBUG] [net.neoforged.fml.util.ServiceLoaderUtil/CORE]: 	[built-in] net.neoforged.fml.loading.mixin.FMLMixinClassProcessor from libraries/net/neoforged/fancymodloader/loader/10.0.36/loader-10.0.36.jar
[10Jun2026 22:36:50.279] [main/DEBUG] [net.neoforged.fml.util.ServiceLoaderUtil/CORE]: 	me.shedaniel.clothconfigcoremods.ClothConfigClassProcessor from mods/cloth-config-21.11.153-neoforge.jar > cloth-config-coremods-21.11.153.jar
[10Jun2026 22:36:50.281] [main/DEBUG] [net.neoforged.fml.util.ServiceLoaderUtil/CORE]: Found 1 implementations of ClassProcessorProvider:
[10Jun2026 22:36:50.283] [main/DEBUG] [net.neoforged.fml.util.ServiceLoaderUtil/CORE]: 	net.neoforged.neoforge.coremods.NeoForgeCoreMod from ~libraries/net/neoforged/neoforge/21.11.42/neoforge-21.11.42-universal.jar > net.neoforged.neoforge-coremods-21.11.42.jar
[10Jun2026 22:36:50.395] [main/INFO] [net.neoforged.fml.loading.FMLLoader/]: Building game content classloader:
 - advanced_graves_build (jar(mods/Advanced_Graves-build.jar))
 - aerialhell (jar(mods/aerialhell-0.7.7_neoforge1.21.11.jar))
 - ante (jar(mods/AnvilNeverTooExpensive-neoforge-1.21.5+-1.2.1.jar))
 - attributefix (jar(mods/attributefix-neoforge-1.21.11-21.11.1.jar))
 - balm (jar(mods/balm-neoforge-1.21.11-21.11.9.jar))
 - carryon (jar(mods/carryon-neoforge-1.21.11-2.9.0.jar))
 - chisel (jar(mods/chisel-neoforge-2.2.0+mc1.21.11.jar))
 - cloth_config (jar(mods/cloth-config-21.11.153-neoforge.jar))
 - collective (jar(mods/collective-1.21.11-8.22.jar))
 - comforts (jar(mods/comforts-neoforge-14.0.2+1.21.11.jar))
 - commonnetworking (jar(mods/common-networking-neoforge-1.0.22-1.21.11.jar))
 - cropsloverain (jar(mods/cropsloverain-3.2.1.jar))
 - cryonicconfig (jar(mods/cryonicconfig-neoforge-1.0.0+mc1.21.11.jar))
 - decocraft (jar(mods/decocraft-3.0.9-1.21.11-neoforge.jar))
 - dynamiclights (jar(mods/dynamiclights-1.21.11.1NF.jar))
 - elevatorid (jar(mods/elevatorid-neoforge-1.21.11-1.15.0.jar))
 - enchdesc (jar(mods/enchdesc-neoforge-1.21.11-21.11.1.jar))
 - explosiveenhancement (jar(mods/explosiveenhancement-neoforge-1.21.11-1.1.2.jar))
 - fallingtree (jar(mods/FallingTree-1.21.11-1.21.11.3.jar))
 - framework (jar(mods/framework-neoforge-1.21.11-0.13.11.jar))
 - geckolib (jar(mods/geckolib-neoforge-1.21.11-5.4.5.jar))
 - glitchcore (jar(mods/GlitchCore-neoforge-1.21.11-21.11.0.4.jar))
 - healingcampfire (jar(mods/healingcampfire-1.21.11-6.2.jar))
 - healthbars (jar(mods/HealthBars-v21.11.0-mc1.21.11-NeoForge.jar))
 - iceberg (jar(mods/Iceberg-1.21.11-neoforge-1.4.0.jar))
 - jei (jar(mods/jei-1.21.11-neoforge-27.4.0.22.jar))
 - journeymap (jar(mods/journeymap-neoforge-1.21.11-6.0.0-beta.79.jar))
 - journeymap_api (jar(mods/journeymap-neoforge-1.21.11-6.0.0-beta.79.jar > journeymap-api-neoforge-2.0.0-1.21.11-SNAPSHOT.jar))
 - kuma_api (jar(mods/balm-neoforge-1.21.11-21.11.9.jar > kuma-api-neoforge-21.11.12.jar))
 - lithostitched (jar(mods/lithostitched-1.7.2-neoforge-21.11.jar))
 - mcwwindows (jar(mods/mcw-windows-2.4.2-mc1.21.11neoforge.jar))
 - minecraft (jar(~libraries/net/neoforged/minecraft-server-patched/21.11.42/minecraft-server-patched-21.11.42.jar))
 - mixinextras.neoforge (jar(~libraries/net/neoforged/neoforge/21.11.42/neoforge-21.11.42-universal.jar > mixinextras-neoforge-0.5.3.jar))
 - moogs_structures (jar(mods/moogs_structures-neoforge-1.21.11-2.0.3.jar))
 - mtr (jar(mods/MoogsTemplesReimagined-1.21-1.1.1.jar))
 - neoforge (jar(~libraries/net/neoforged/neoforge/21.11.42/neoforge-21.11.42-universal.jar))
 - net.neoforged.fml.generated (empty(VirtualJar/net.neoforged.fml.generated))
 - prickle (jar(mods/prickle-neoforge-1.21.11-21.11.1.jar))
 - prism (jar(mods/Prism-1.21.11-neoforge-1.1.0.jar))
 - puzzleslib (jar(mods/PuzzlesLib-v21.11.12-mc1.21.11-NeoForge.jar))
 - refurbished_furniture (jar(mods/refurbished_furniture-neoforge-1.21.11-1.0.23.jar))
 - securitycraft (jar(mods/[1.21.11] SecurityCraft v1.10.1-beta2.jar))
 - sootychimneys (jar(mods/sootychimneys-neoforge-1.3.4.jar))
 - sophisticatedbackpacks (jar(mods/sophisticatedbackpacks-1.21.11-3.25.53.1783.jar))
 - sophisticatedcore (jar(mods/sophisticatedcore-1.21.11-1.4.41.1898.jar))
 - spectrelib (jar(mods/comforts-neoforge-14.0.2+1.21.11.jar > spectrelib-neoforge-0.20.2+1.21.11.jar))
 - stackrefill (jar(mods/stackrefill-1.21.11-5.0.jar))
 - supermartijn642configlib (jar(mods/supermartijn642configlib-1.1.8-neoforge-mc1.21.11.jar))
 - supermartijn642corelib (jar(mods/supermartijn642corelib-1.1.21-neoforge-mc1.21.11.jar))
 - terralith (jar(mods/Terralith_1.21.11_v2.6.1_Neoforge.jar))
 - tools_on_my_back (jar(mods/ToolsOnMyBack-1.0.2+1.21.11+neoforge.jar))
 - trashcans (jar(mods/trashcans-1.0.18-neoforge-mc1.21.11.jar))
 - trashslot (jar(mods/trashslot-neoforge-1.21.11-21.11.5.jar))
 - waystones (jar(mods/waystones-neoforge-1.21.11-21.11.9.jar))
 - weaponmaster_ydm (jar(mods/weaponmaster-neoforge-1.21.11.jar))
[10Jun2026 22:36:50.446] [main/INFO] [net.neoforged.fml.loading.FMLLoader/]: Built game content classloader in 131ms
[10Jun2026 22:36:50.487] [main/DEBUG] [mixin/]: Compatibility level JAVA_17 specified by weaponmaster_ydm.mixins.json is lower than the default level supported by the current mixin service (JAVA_21).
[10Jun2026 22:36:50.487] [main/DEBUG] [mixin/]: Compatibility level JAVA_17 specified by weaponmaster_ydm.mixins.json is higher than the maximum level supported by this version of mixin (JAVA_13).
[10Jun2026 22:36:50.488] [main/DEBUG] [mixin/]: Mixin config weaponmaster_ydm.mixins.json does not specify "minVersion" or "requiredFeatures" property
[10Jun2026 22:36:50.489] [main/DEBUG] [mixin/]: Compatibility level JAVA_17 specified by kuma_api.mixins.json is lower than the default level supported by the current mixin service (JAVA_21).
[10Jun2026 22:36:50.490] [main/DEBUG] [mixin/]: Compatibility level JAVA_17 specified by kuma_api.mixins.json is higher than the maximum level supported by this version of mixin (JAVA_13).
[10Jun2026 22:36:50.491] [main/DEBUG] [mixin/]: Compatibility level JAVA_17 specified by trashslot.mixins.json is lower than the default level supported by the current mixin service (JAVA_21).
[10Jun2026 22:36:50.491] [main/DEBUG] [mixin/]: Compatibility level JAVA_17 specified by trashslot.mixins.json is higher than the maximum level supported by this version of mixin (JAVA_13).
[10Jun2026 22:36:50.492] [main/DEBUG] [mixin/]: Compatibility level JAVA_17 specified by trashslot.neoforge.mixins.json is lower than the default level supported by the current mixin service (JAVA_21).
[10Jun2026 22:36:50.492] [main/DEBUG] [mixin/]: Compatibility level JAVA_17 specified by trashslot.neoforge.mixins.json is higher than the maximum level supported by this version of mixin (JAVA_13).
[10Jun2026 22:36:50.493] [main/DEBUG] [mixin/]: Compatibility level JAVA_17 specified by geckolib.mixins.json is lower than the default level supported by the current mixin service (JAVA_21).
[10Jun2026 22:36:50.493] [main/DEBUG] [mixin/]: Compatibility level JAVA_17 specified by geckolib.mixins.json is higher than the maximum level supported by this version of mixin (JAVA_13).
[10Jun2026 22:36:50.494] [main/DEBUG] [mixin/]: Mixin config tools_on_my_back.mixins.json does not specify "minVersion" or "requiredFeatures" property
[10Jun2026 22:36:50.495] [main/DEBUG] [mixin/]: Compatibility level JAVA_17 specified by lithostitched.mixins.json is lower than the default level supported by the current mixin service (JAVA_21).
[10Jun2026 22:36:50.495] [main/DEBUG] [mixin/]: Compatibility level JAVA_17 specified by lithostitched.mixins.json is higher than the maximum level supported by this version of mixin (JAVA_13).
[10Jun2026 22:36:50.496] [main/DEBUG] [mixin/]: Mixin config lithostitched.mixins.json does not specify "minVersion" or "requiredFeatures" property
[10Jun2026 22:36:50.496] [main/DEBUG] [mixin/]: Compatibility level JAVA_17 specified by lithostitched.26.1.mixins.json is lower than the default level supported by the current mixin service (JAVA_21).
[10Jun2026 22:36:50.497] [main/DEBUG] [mixin/]: Compatibility level JAVA_17 specified by lithostitched.26.1.mixins.json is higher than the maximum level supported by this version of mixin (JAVA_13).
[10Jun2026 22:36:50.497] [main/DEBUG] [mixin/]: Mixin config lithostitched.26.1.mixins.json does not specify "minVersion" or "requiredFeatures" property
[10Jun2026 22:36:50.497] [main/DEBUG] [mixin/]: Compatibility level JAVA_17 specified by lithostitched.neoforge.mixins.json is lower than the default level supported by the current mixin service (JAVA_21).
[10Jun2026 22:36:50.498] [main/DEBUG] [mixin/]: Compatibility level JAVA_17 specified by lithostitched.neoforge.mixins.json is higher than the maximum level supported by this version of mixin (JAVA_13).
[10Jun2026 22:36:50.498] [main/DEBUG] [mixin/]: Mixin config lithostitched.neoforge.mixins.json does not specify "minVersion" or "requiredFeatures" property
[10Jun2026 22:36:50.499] [main/DEBUG] [mixin/]: Compatibility level JAVA_18 specified by attributefix.mixins.json is lower than the default level supported by the current mixin service (JAVA_21).
[10Jun2026 22:36:50.499] [main/DEBUG] [mixin/]: Compatibility level JAVA_18 specified by attributefix.mixins.json is higher than the maximum level supported by this version of mixin (JAVA_13).
[10Jun2026 22:36:50.500] [main/DEBUG] [mixin/]: Compatibility level JAVA_17 specified by sophisticatedcore.mixins.json is lower than the default level supported by the current mixin service (JAVA_21).
[10Jun2026 22:36:50.500] [main/DEBUG] [mixin/]: Compatibility level JAVA_17 specified by sophisticatedcore.mixins.json is higher than the maximum level supported by this version of mixin (JAVA_13).
[10Jun2026 22:36:50.501] [main/INFO] [net.neoforged.fml.loading.mixin.MixinFacade/]: Mixin config sophisticatedcore.create.mixins.json from jar(mods/sophisticatedcore-1.21.11-1.4.41.1898.jar) not applied as required mod 'create' is missing
[10Jun2026 22:36:50.502] [main/DEBUG] [mixin/]: Compatibility level JAVA_17 specified by waystones.mixins.json is lower than the default level supported by the current mixin service (JAVA_21).
[10Jun2026 22:36:50.502] [main/DEBUG] [mixin/]: Compatibility level JAVA_17 specified by waystones.mixins.json is higher than the maximum level supported by this version of mixin (JAVA_13).
[10Jun2026 22:36:50.503] [main/DEBUG] [mixin/]: Compatibility level JAVA_17 specified by waystones.neoforge.mixins.json is lower than the default level supported by the current mixin service (JAVA_21).
[10Jun2026 22:36:50.503] [main/DEBUG] [mixin/]: Compatibility level JAVA_17 specified by waystones.neoforge.mixins.json is higher than the maximum level supported by this version of mixin (JAVA_13).
[10Jun2026 22:36:50.505] [main/DEBUG] [mixin/]: Compatibility level JAVA_17 specified by journeymap.mixins.json is lower than the default level supported by the current mixin service (JAVA_21).
[10Jun2026 22:36:50.505] [main/DEBUG] [mixin/]: Compatibility level JAVA_17 specified by journeymap.mixins.json is higher than the maximum level supported by this version of mixin (JAVA_13).
[10Jun2026 22:36:50.506] [main/DEBUG] [mixin/]: Compatibility level JAVA_17 specified by journeymap.neoforge.mixins.json is lower than the default level supported by the current mixin service (JAVA_21).
[10Jun2026 22:36:50.506] [main/DEBUG] [mixin/]: Compatibility level JAVA_17 specified by journeymap.neoforge.mixins.json is higher than the maximum level supported by this version of mixin (JAVA_13).
[10Jun2026 22:36:50.513] [main/DEBUG] [mixin/]: Compatibility level JAVA_17 specified by prism.mixins.json is lower than the default level supported by the current mixin service (JAVA_21).
[10Jun2026 22:36:50.513] [main/DEBUG] [mixin/]: Compatibility level JAVA_17 specified by prism.mixins.json is higher than the maximum level supported by this version of mixin (JAVA_13).
[10Jun2026 22:36:50.514] [main/DEBUG] [mixin/]: Compatibility level JAVA_17 specified by comforts.mixins.json is lower than the default level supported by the current mixin service (JAVA_21).
[10Jun2026 22:36:50.514] [main/DEBUG] [mixin/]: Compatibility level JAVA_17 specified by comforts.mixins.json is higher than the maximum level supported by this version of mixin (JAVA_13).
[10Jun2026 22:36:50.515] [main/DEBUG] [mixin/]: Compatibility level JAVA_17 specified by glitchcore.mixins.json is lower than the default level supported by the current mixin service (JAVA_21).
[10Jun2026 22:36:50.515] [main/DEBUG] [mixin/]: Compatibility level JAVA_17 specified by glitchcore.mixins.json is higher than the maximum level supported by this version of mixin (JAVA_13).
[10Jun2026 22:36:50.516] [main/DEBUG] [mixin/]: Compatibility level JAVA_17 specified by glitchcore.neoforge.mixins.json is lower than the default level supported by the current mixin service (JAVA_21).
[10Jun2026 22:36:50.516] [main/DEBUG] [mixin/]: Compatibility level JAVA_17 specified by glitchcore.neoforge.mixins.json is higher than the maximum level supported by this version of mixin (JAVA_13).
[10Jun2026 22:36:50.517] [main/DEBUG] [mixin/]: Compatibility level JAVA_17 specified by cropsloverain.mixins.json is lower than the default level supported by the current mixin service (JAVA_21).
[10Jun2026 22:36:50.517] [main/DEBUG] [mixin/]: Compatibility level JAVA_17 specified by cropsloverain.mixins.json is higher than the maximum level supported by this version of mixin (JAVA_13).
[10Jun2026 22:36:50.517] [main/DEBUG] [mixin/]: Compatibility level JAVA_17 specified by balm.mixins.json is lower than the default level supported by the current mixin service (JAVA_21).
[10Jun2026 22:36:50.517] [main/DEBUG] [mixin/]: Compatibility level JAVA_17 specified by balm.mixins.json is higher than the maximum level supported by this version of mixin (JAVA_13).
[10Jun2026 22:36:50.518] [main/DEBUG] [mixin/]: Compatibility level JAVA_17 specified by balm.api.mixins.json is lower than the default level supported by the current mixin service (JAVA_21).
[10Jun2026 22:36:50.518] [main/DEBUG] [mixin/]: Compatibility level JAVA_17 specified by balm.api.mixins.json is higher than the maximum level supported by this version of mixin (JAVA_13).
[10Jun2026 22:36:50.519] [main/DEBUG] [mixin/]: Compatibility level JAVA_17 specified by terralith.mixins.json is lower than the default level supported by the current mixin service (JAVA_21).
[10Jun2026 22:36:50.519] [main/DEBUG] [mixin/]: Compatibility level JAVA_17 specified by terralith.mixins.json is higher than the maximum level supported by this version of mixin (JAVA_13).
[10Jun2026 22:36:50.519] [main/DEBUG] [mixin/]: Mixin config terralith.mixins.json does not specify "minVersion" or "requiredFeatures" property
[10Jun2026 22:36:50.520] [main/DEBUG] [mixin/]: Compatibility level JAVA_18 specified by prickle.mixins.json is lower than the default level supported by the current mixin service (JAVA_21).
[10Jun2026 22:36:50.520] [main/DEBUG] [mixin/]: Compatibility level JAVA_18 specified by prickle.mixins.json is higher than the maximum level supported by this version of mixin (JAVA_13).
[10Jun2026 22:36:50.525] [main/DEBUG] [mixin/]: Mixin config aerialhell.mixins.json does not specify "minVersion" or "requiredFeatures" property
[10Jun2026 22:36:50.527] [main/DEBUG] [mixin/]: Compatibility level JAVA_18 specified by enchdesc.mixins.json is lower than the default level supported by the current mixin service (JAVA_21).
[10Jun2026 22:36:50.527] [main/DEBUG] [mixin/]: Compatibility level JAVA_18 specified by enchdesc.mixins.json is higher than the maximum level supported by this version of mixin (JAVA_13).
[10Jun2026 22:36:50.528] [main/DEBUG] [mixin/]: Compatibility level JAVA_17 specified by supermartijn642corelib.mixins.json is lower than the default level supported by the current mixin service (JAVA_21).
[10Jun2026 22:36:50.528] [main/DEBUG] [mixin/]: Compatibility level JAVA_17 specified by supermartijn642corelib.mixins.json is higher than the maximum level supported by this version of mixin (JAVA_13).
[10Jun2026 22:36:50.532] [main/DEBUG] [mixin/]: Compatibility level JAVA_17 specified by chisel.mixins.json is lower than the default level supported by the current mixin service (JAVA_21).
[10Jun2026 22:36:50.532] [main/DEBUG] [mixin/]: Compatibility level JAVA_17 specified by chisel.mixins.json is higher than the maximum level supported by this version of mixin (JAVA_13).
[10Jun2026 22:36:50.534] [main/DEBUG] [mixin/]: Compatibility level JAVA_17 specified by trashcans.mixins.json is lower than the default level supported by the current mixin service (JAVA_21).
[10Jun2026 22:36:50.534] [main/DEBUG] [mixin/]: Compatibility level JAVA_17 specified by trashcans.mixins.json is higher than the maximum level supported by this version of mixin (JAVA_13).
[10Jun2026 22:36:50.537] [main/DEBUG] [mixin/]: Compatibility level JAVA_18 specified by ante.mixins.json is lower than the default level supported by the current mixin service (JAVA_21).
[10Jun2026 22:36:50.537] [main/DEBUG] [mixin/]: Compatibility level JAVA_18 specified by ante.mixins.json is higher than the maximum level supported by this version of mixin (JAVA_13).
[10Jun2026 22:36:50.544] [main/DEBUG] [mixin/]: Processing launch tasks for PlatformAgent[MixinPlatformAgentDefault:ContainerHandleVirtual(fml:18c85)]
[10Jun2026 22:36:50.544] [main/DEBUG] [mixin/]: Processing launch tasks for PlatformAgent[MixinPlatformAgentDefault:ContainerHandleVirtual(fml:18c85)]
[10Jun2026 22:36:50.544] [main/DEBUG] [mixin/]: Adding agents for Mixin Container jar(mods/cloth-config-21.11.153-neoforge.jar) > jar(mods/cloth-config-21.11.153-neoforge.jar > cloth-config-coremods-21.11.153.jar)
[10Jun2026 22:36:50.545] [main/DEBUG] [mixin/]: Adding mixin platform agents for container jar(mods/cloth-config-21.11.153-neoforge.jar) > jar(mods/cloth-config-21.11.153-neoforge.jar > cloth-config-coremods-21.11.153.jar)
[10Jun2026 22:36:50.545] [main/DEBUG] [mixin/]: Instancing new MixinPlatformAgentDefault for jar(mods/cloth-config-21.11.153-neoforge.jar) > jar(mods/cloth-config-21.11.153-neoforge.jar > cloth-config-coremods-21.11.153.jar)
[10Jun2026 22:36:50.545] [main/DEBUG] [mixin/]: MixinPlatformAgentDefault accepted container jar(mods/cloth-config-21.11.153-neoforge.jar) > jar(mods/cloth-config-21.11.153-neoforge.jar > cloth-config-coremods-21.11.153.jar)
[10Jun2026 22:36:50.545] [main/DEBUG] [mixin/]: Instancing new MixinPlatformAgentDefault for jar(mods/cloth-config-21.11.153-neoforge.jar) > jar(mods/cloth-config-21.11.153-neoforge.jar > cloth-config-coremods-21.11.153.jar)
[10Jun2026 22:36:50.545] [main/DEBUG] [mixin/]: MixinPlatformAgentDefault accepted container jar(mods/cloth-config-21.11.153-neoforge.jar) > jar(mods/cloth-config-21.11.153-neoforge.jar > cloth-config-coremods-21.11.153.jar)
[10Jun2026 22:36:50.545] [main/DEBUG] [mixin/]: Processing prepare() for PlatformAgent[MixinPlatformAgentDefault:jar(mods/cloth-config-21.11.153-neoforge.jar) > jar(mods/cloth-config-21.11.153-neoforge.jar > cloth-config-coremods-21.11.153.jar)]
[10Jun2026 22:36:50.545] [main/DEBUG] [mixin/]: Processing prepare() for PlatformAgent[MixinPlatformAgentDefault:jar(mods/cloth-config-21.11.153-neoforge.jar) > jar(mods/cloth-config-21.11.153-neoforge.jar > cloth-config-coremods-21.11.153.jar)]
[10Jun2026 22:36:50.546] [main/DEBUG] [mixin/]: Adding agents for Mixin Container jar(mods/journeymap-neoforge-1.21.11-6.0.0-beta.79.jar) > jar(mods/journeymap-neoforge-1.21.11-6.0.0-beta.79.jar > pngj-2.1.0.jar)
[10Jun2026 22:36:50.546] [main/DEBUG] [mixin/]: Adding mixin platform agents for container jar(mods/journeymap-neoforge-1.21.11-6.0.0-beta.79.jar) > jar(mods/journeymap-neoforge-1.21.11-6.0.0-beta.79.jar > pngj-2.1.0.jar)
[10Jun2026 22:36:50.546] [main/DEBUG] [mixin/]: Instancing new MixinPlatformAgentDefault for jar(mods/journeymap-neoforge-1.21.11-6.0.0-beta.79.jar) > jar(mods/journeymap-neoforge-1.21.11-6.0.0-beta.79.jar > pngj-2.1.0.jar)
[10Jun2026 22:36:50.546] [main/DEBUG] [mixin/]: MixinPlatformAgentDefault accepted container jar(mods/journeymap-neoforge-1.21.11-6.0.0-beta.79.jar) > jar(mods/journeymap-neoforge-1.21.11-6.0.0-beta.79.jar > pngj-2.1.0.jar)
[10Jun2026 22:36:50.546] [main/DEBUG] [mixin/]: Instancing new MixinPlatformAgentDefault for jar(mods/journeymap-neoforge-1.21.11-6.0.0-beta.79.jar) > jar(mods/journeymap-neoforge-1.21.11-6.0.0-beta.79.jar > pngj-2.1.0.jar)
[10Jun2026 22:36:50.546] [main/DEBUG] [mixin/]: MixinPlatformAgentDefault accepted container jar(mods/journeymap-neoforge-1.21.11-6.0.0-beta.79.jar) > jar(mods/journeymap-neoforge-1.21.11-6.0.0-beta.79.jar > pngj-2.1.0.jar)
[10Jun2026 22:36:50.546] [main/DEBUG] [mixin/]: Processing prepare() for PlatformAgent[MixinPlatformAgentDefault:jar(mods/journeymap-neoforge-1.21.11-6.0.0-beta.79.jar) > jar(mods/journeymap-neoforge-1.21.11-6.0.0-beta.79.jar > pngj-2.1.0.jar)]
[10Jun2026 22:36:50.546] [main/DEBUG] [mixin/]: Processing prepare() for PlatformAgent[MixinPlatformAgentDefault:jar(mods/journeymap-neoforge-1.21.11-6.0.0-beta.79.jar) > jar(mods/journeymap-neoforge-1.21.11-6.0.0-beta.79.jar > pngj-2.1.0.jar)]
[10Jun2026 22:36:50.546] [main/DEBUG] [mixin/]: Adding agents for Mixin Container jar(~libraries/net/neoforged/neoforge/21.11.42/neoforge-21.11.42-universal.jar) > jar(~libraries/net/neoforged/neoforge/21.11.42/neoforge-21.11.42-universal.jar > net.neoforged.neoforge-coremods-21.11.42.jar)
[10Jun2026 22:36:50.546] [main/DEBUG] [mixin/]: Adding mixin platform agents for container jar(~libraries/net/neoforged/neoforge/21.11.42/neoforge-21.11.42-universal.jar) > jar(~libraries/net/neoforged/neoforge/21.11.42/neoforge-21.11.42-universal.jar > net.neoforged.neoforge-coremods-21.11.42.jar)
[10Jun2026 22:36:50.546] [main/DEBUG] [mixin/]: Instancing new MixinPlatformAgentDefault for jar(~libraries/net/neoforged/neoforge/21.11.42/neoforge-21.11.42-universal.jar) > jar(~libraries/net/neoforged/neoforge/21.11.42/neoforge-21.11.42-universal.jar > net.neoforged.neoforge-coremods-21.11.42.jar)
[10Jun2026 22:36:50.546] [main/DEBUG] [mixin/]: MixinPlatformAgentDefault accepted container jar(~libraries/net/neoforged/neoforge/21.11.42/neoforge-21.11.42-universal.jar) > jar(~libraries/net/neoforged/neoforge/21.11.42/neoforge-21.11.42-universal.jar > net.neoforged.neoforge-coremods-21.11.42.jar)
[10Jun2026 22:36:50.547] [main/DEBUG] [mixin/]: Instancing new MixinPlatformAgentDefault for jar(~libraries/net/neoforged/neoforge/21.11.42/neoforge-21.11.42-universal.jar) > jar(~libraries/net/neoforged/neoforge/21.11.42/neoforge-21.11.42-universal.jar > net.neoforged.neoforge-coremods-21.11.42.jar)
[10Jun2026 22:36:50.547] [main/DEBUG] [mixin/]: MixinPlatformAgentDefault accepted container jar(~libraries/net/neoforged/neoforge/21.11.42/neoforge-21.11.42-universal.jar) > jar(~libraries/net/neoforged/neoforge/21.11.42/neoforge-21.11.42-universal.jar > net.neoforged.neoforge-coremods-21.11.42.jar)
[10Jun2026 22:36:50.547] [main/DEBUG] [mixin/]: Processing prepare() for PlatformAgent[MixinPlatformAgentDefault:jar(~libraries/net/neoforged/neoforge/21.11.42/neoforge-21.11.42-universal.jar) > jar(~libraries/net/neoforged/neoforge/21.11.42/neoforge-21.11.42-universal.jar > net.neoforged.neoforge-coremods-21.11.42.jar)]
[10Jun2026 22:36:50.547] [main/DEBUG] [mixin/]: Processing prepare() for PlatformAgent[MixinPlatformAgentDefault:jar(~libraries/net/neoforged/neoforge/21.11.42/neoforge-21.11.42-universal.jar) > jar(~libraries/net/neoforged/neoforge/21.11.42/neoforge-21.11.42-universal.jar > net.neoforged.neoforge-coremods-21.11.42.jar)]
[10Jun2026 22:36:50.547] [main/DEBUG] [mixin/]: Adding agents for Mixin Container jar(~libraries/net/neoforged/neoforge/21.11.42/neoforge-21.11.42-universal.jar) > jar(~libraries/net/neoforged/neoforge/21.11.42/neoforge-21.11.42-universal.jar > mixinextras-neoforge-0.5.3.jar)
[10Jun2026 22:36:50.547] [main/DEBUG] [mixin/]: Adding mixin platform agents for container jar(~libraries/net/neoforged/neoforge/21.11.42/neoforge-21.11.42-universal.jar) > jar(~libraries/net/neoforged/neoforge/21.11.42/neoforge-21.11.42-universal.jar > mixinextras-neoforge-0.5.3.jar)
[10Jun2026 22:36:50.547] [main/DEBUG] [mixin/]: Instancing new MixinPlatformAgentDefault for jar(~libraries/net/neoforged/neoforge/21.11.42/neoforge-21.11.42-universal.jar) > jar(~libraries/net/neoforged/neoforge/21.11.42/neoforge-21.11.42-universal.jar > mixinextras-neoforge-0.5.3.jar)
[10Jun2026 22:36:50.547] [main/DEBUG] [mixin/]: MixinPlatformAgentDefault accepted container jar(~libraries/net/neoforged/neoforge/21.11.42/neoforge-21.11.42-universal.jar) > jar(~libraries/net/neoforged/neoforge/21.11.42/neoforge-21.11.42-universal.jar > mixinextras-neoforge-0.5.3.jar)
[10Jun2026 22:36:50.548] [main/DEBUG] [mixin/]: Instancing new MixinPlatformAgentDefault for jar(~libraries/net/neoforged/neoforge/21.11.42/neoforge-21.11.42-universal.jar) > jar(~libraries/net/neoforged/neoforge/21.11.42/neoforge-21.11.42-universal.jar > mixinextras-neoforge-0.5.3.jar)
[10Jun2026 22:36:50.548] [main/DEBUG] [mixin/]: MixinPlatformAgentDefault accepted container jar(~libraries/net/neoforged/neoforge/21.11.42/neoforge-21.11.42-universal.jar) > jar(~libraries/net/neoforged/neoforge/21.11.42/neoforge-21.11.42-universal.jar > mixinextras-neoforge-0.5.3.jar)
[10Jun2026 22:36:50.548] [main/DEBUG] [mixin/]: Processing prepare() for PlatformAgent[MixinPlatformAgentDefault:jar(~libraries/net/neoforged/neoforge/21.11.42/neoforge-21.11.42-universal.jar) > jar(~libraries/net/neoforged/neoforge/21.11.42/neoforge-21.11.42-universal.jar > mixinextras-neoforge-0.5.3.jar)]
[10Jun2026 22:36:50.548] [main/DEBUG] [mixin/]: Registering mixin config: mixinextras.init.mixins.json source=jar(~libraries/net/neoforged/neoforge/21.11.42/neoforge-21.11.42-universal.jar) > jar(~libraries/net/neoforged/neoforge/21.11.42/neoforge-21.11.42-universal.jar > mixinextras-neoforge-0.5.3.jar)
[10Jun2026 22:36:50.550] [main/DEBUG] [mixin/]: Processing prepare() for PlatformAgent[MixinPlatformAgentDefault:jar(~libraries/net/neoforged/neoforge/21.11.42/neoforge-21.11.42-universal.jar) > jar(~libraries/net/neoforged/neoforge/21.11.42/neoforge-21.11.42-universal.jar > mixinextras-neoforge-0.5.3.jar)]
[10Jun2026 22:36:50.550] [main/DEBUG] [mixin/]: Registering mixin config: mixinextras.init.mixins.json source=jar(~libraries/net/neoforged/neoforge/21.11.42/neoforge-21.11.42-universal.jar) > jar(~libraries/net/neoforged/neoforge/21.11.42/neoforge-21.11.42-universal.jar > mixinextras-neoforge-0.5.3.jar)
[10Jun2026 22:36:50.550] [main/DEBUG] [mixin/]: inject() running with 5 agents
[10Jun2026 22:36:50.550] [main/DEBUG] [mixin/]: Processing inject() for PlatformAgent[MixinPlatformAgentDefault:ContainerHandleVirtual(fml:18c85)]
[10Jun2026 22:36:50.550] [main/DEBUG] [mixin/]: Processing inject() for PlatformAgent[MixinPlatformAgentDefault:ContainerHandleVirtual(fml:18c85)]
[10Jun2026 22:36:50.550] [main/DEBUG] [mixin/]: Processing inject() for PlatformAgent[MixinPlatformAgentDefault:jar(mods/cloth-config-21.11.153-neoforge.jar) > jar(mods/cloth-config-21.11.153-neoforge.jar > cloth-config-coremods-21.11.153.jar)]
[10Jun2026 22:36:50.550] [main/DEBUG] [mixin/]: Processing inject() for PlatformAgent[MixinPlatformAgentDefault:jar(mods/cloth-config-21.11.153-neoforge.jar) > jar(mods/cloth-config-21.11.153-neoforge.jar > cloth-config-coremods-21.11.153.jar)]
[10Jun2026 22:36:50.550] [main/DEBUG] [mixin/]: Processing inject() for PlatformAgent[MixinPlatformAgentDefault:jar(mods/journeymap-neoforge-1.21.11-6.0.0-beta.79.jar) > jar(mods/journeymap-neoforge-1.21.11-6.0.0-beta.79.jar > pngj-2.1.0.jar)]
[10Jun2026 22:36:50.550] [main/DEBUG] [mixin/]: Processing inject() for PlatformAgent[MixinPlatformAgentDefault:jar(mods/journeymap-neoforge-1.21.11-6.0.0-beta.79.jar) > jar(mods/journeymap-neoforge-1.21.11-6.0.0-beta.79.jar > pngj-2.1.0.jar)]
[10Jun2026 22:36:50.551] [main/DEBUG] [mixin/]: Processing inject() for PlatformAgent[MixinPlatformAgentDefault:jar(~libraries/net/neoforged/neoforge/21.11.42/neoforge-21.11.42-universal.jar) > jar(~libraries/net/neoforged/neoforge/21.11.42/neoforge-21.11.42-universal.jar > net.neoforged.neoforge-coremods-21.11.42.jar)]
[10Jun2026 22:36:50.551] [main/DEBUG] [mixin/]: Processing inject() for PlatformAgent[MixinPlatformAgentDefault:jar(~libraries/net/neoforged/neoforge/21.11.42/neoforge-21.11.42-universal.jar) > jar(~libraries/net/neoforged/neoforge/21.11.42/neoforge-21.11.42-universal.jar > net.neoforged.neoforge-coremods-21.11.42.jar)]
[10Jun2026 22:36:50.551] [main/DEBUG] [mixin/]: Processing inject() for PlatformAgent[MixinPlatformAgentDefault:jar(~libraries/net/neoforged/neoforge/21.11.42/neoforge-21.11.42-universal.jar) > jar(~libraries/net/neoforged/neoforge/21.11.42/neoforge-21.11.42-universal.jar > mixinextras-neoforge-0.5.3.jar)]
[10Jun2026 22:36:50.551] [main/DEBUG] [mixin/]: Processing inject() for PlatformAgent[MixinPlatformAgentDefault:jar(~libraries/net/neoforged/neoforge/21.11.42/neoforge-21.11.42-universal.jar) > jar(~libraries/net/neoforged/neoforge/21.11.42/neoforge-21.11.42-universal.jar > mixinextras-neoforge-0.5.3.jar)]
[10Jun2026 22:36:50.554] [main/DEBUG] [mixin/]: Preparing mixins for MixinEnvironment[DEFAULT]
[10Jun2026 22:36:50.554] [main/DEBUG] [mixin/]: Selecting config weaponmaster_ydm.mixins.json
[10Jun2026 22:36:50.557] [main/DEBUG] [mixin/]: Selecting config kuma_api.mixins.json
[10Jun2026 22:36:50.557] [main/WARN] [mixin/]: Reference map 'kuma_api.refmap.json' for kuma_api.mixins.json could not be read. If this is a development environment you can ignore this message
[10Jun2026 22:36:50.558] [main/DEBUG] [mixin/]: Selecting config kuma_api.neoforge.mixins.json
[10Jun2026 22:36:50.558] [main/DEBUG] [mixin/]: Selecting config trashslot.mixins.json
[10Jun2026 22:36:50.558] [main/WARN] [mixin/]: Reference map 'trashslot.refmap.json' for trashslot.mixins.json could not be read. If this is a development environment you can ignore this message
[10Jun2026 22:36:50.558] [main/DEBUG] [mixin/]: Selecting config trashslot.neoforge.mixins.json
[10Jun2026 22:36:50.559] [main/DEBUG] [mixin/]: Selecting config geckolib.mixins.json
[10Jun2026 22:36:50.559] [main/WARN] [mixin/]: Reference map 'geckolib.refmap.json' for geckolib.mixins.json could not be read. If this is a development environment you can ignore this message
[10Jun2026 22:36:50.559] [main/DEBUG] [mixin/]: Selecting config tools_on_my_back.mixins.json
[10Jun2026 22:36:50.559] [main/WARN] [mixin/]: Reference map 'tools_on_my_back.refmap.json' for tools_on_my_back.mixins.json could not be read. If this is a development environment you can ignore this message
[10Jun2026 22:36:50.559] [main/DEBUG] [mixin/]: Selecting config lithostitched.mixins.json
[10Jun2026 22:36:50.559] [main/DEBUG] [mixin/]: Selecting config lithostitched.26.1.mixins.json
[10Jun2026 22:36:50.560] [main/DEBUG] [mixin/]: Selecting config lithostitched.neoforge.mixins.json
[10Jun2026 22:36:50.560] [main/DEBUG] [mixin/]: Selecting config attributefix.mixins.json
[10Jun2026 22:36:50.560] [main/WARN] [mixin/]: Reference map 'attributefix.refmap.json' for attributefix.mixins.json could not be read. If this is a development environment you can ignore this message
[10Jun2026 22:36:50.560] [main/DEBUG] [mixin/]: Selecting config attributefix.neoforge.mixins.json
[10Jun2026 22:36:50.560] [main/DEBUG] [mixin/]: Selecting config sophisticatedcore.mixins.json
[10Jun2026 22:36:50.561] [main/DEBUG] [mixin/]: Selecting config waystones.mixins.json
[10Jun2026 22:36:50.561] [main/WARN] [mixin/]: Reference map 'waystones.refmap.json' for waystones.mixins.json could not be read. If this is a development environment you can ignore this message
[10Jun2026 22:36:50.561] [main/DEBUG] [mixin/]: Selecting config waystones.neoforge.mixins.json
[10Jun2026 22:36:50.562] [main/DEBUG] [mixin/]: Selecting config sootychimneys.mixins.json
[10Jun2026 22:36:50.562] [main/DEBUG] [mixin/]: Selecting config sootychimneys.neoforge.mixins.json
[10Jun2026 22:36:50.562] [main/DEBUG] [mixin/]: Selecting config journeymap.mixins.json
[10Jun2026 22:36:50.563] [main/WARN] [mixin/]: Reference map 'journeymap-refmap.json' for journeymap.mixins.json could not be read. If this is a development environment you can ignore this message
[10Jun2026 22:36:50.565] [main/DEBUG] [mixin/]: Selecting config journeymap.neoforge.mixins.json
[10Jun2026 22:36:50.565] [main/DEBUG] [mixin/]: Selecting config neoforge.mixins.json
[10Jun2026 22:36:50.565] [main/DEBUG] [mixin/]: Selecting config prism.mixins.json
[10Jun2026 22:36:50.565] [main/DEBUG] [mixin/]: Selecting config comforts.mixins.json
[10Jun2026 22:36:50.565] [main/WARN] [mixin/]: Reference map 'comforts.refmap.json' for comforts.mixins.json could not be read. If this is a development environment you can ignore this message
[10Jun2026 22:36:50.565] [main/DEBUG] [mixin/]: Selecting config glitchcore.mixins.json
[10Jun2026 22:36:50.566] [main/WARN] [mixin/]: Reference map 'glitchcore.refmap.json' for glitchcore.mixins.json could not be read. If this is a development environment you can ignore this message
[10Jun2026 22:36:50.566] [main/DEBUG] [mixin/]: Selecting config glitchcore.neoforge.mixins.json
[10Jun2026 22:36:50.567] [main/WARN] [mixin/]: Reference map 'glitchcore.refmap.json' for glitchcore.neoforge.mixins.json could not be read. If this is a development environment you can ignore this message
[10Jun2026 22:36:50.568] [main/DEBUG] [mixin/]: Selecting config cropsloverain.mixins.json
[10Jun2026 22:36:50.568] [main/DEBUG] [mixin/]: Selecting config balm.mixins.json
[10Jun2026 22:36:50.569] [main/WARN] [mixin/]: Reference map 'balm.refmap.json' for balm.mixins.json could not be read. If this is a development environment you can ignore this message
[10Jun2026 22:36:50.569] [main/DEBUG] [mixin/]: Selecting config balm.api.mixins.json
[10Jun2026 22:36:50.569] [main/WARN] [mixin/]: Reference map 'balm.refmap.json' for balm.api.mixins.json could not be read. If this is a development environment you can ignore this message
[10Jun2026 22:36:50.570] [main/DEBUG] [mixin/]: Selecting config balm.neoforge.mixins.json
[10Jun2026 22:36:50.570] [main/DEBUG] [mixin/]: Selecting config terralith.mixins.json
[10Jun2026 22:36:50.570] [main/DEBUG] [mixin/]: Selecting config prickle.mixins.json
[10Jun2026 22:36:50.570] [main/WARN] [mixin/]: Reference map 'prickle.refmap.json' for prickle.mixins.json could not be read. If this is a development environment you can ignore this message
[10Jun2026 22:36:50.570] [main/DEBUG] [mixin/]: Selecting config prickle.neoforge.mixins.json
[10Jun2026 22:36:50.571] [main/DEBUG] [mixin/]: Selecting config carryon.mixins.json
[10Jun2026 22:36:50.634] [main/DEBUG] [MixinExtras|Service/]: com.llamalad7.mixinextras.service.MixinExtrasServiceImpl(version=0.5.3) is taking over from null
[10Jun2026 22:36:50.672] [main/DEBUG] [mixin/]: Registering new injector for @Inject with org.spongepowered.asm.mixin.injection.struct.CallbackInjectionInfo
[10Jun2026 22:36:50.673] [main/DEBUG] [mixin/]: Registering new injector for @ModifyArg with org.spongepowered.asm.mixin.injection.struct.ModifyArgInjectionInfo
[10Jun2026 22:36:50.675] [main/DEBUG] [mixin/]: Registering new injector for @ModifyArgs with org.spongepowered.asm.mixin.injection.struct.ModifyArgsInjectionInfo
[10Jun2026 22:36:50.694] [main/DEBUG] [mixin/]: Registering new injector for @Redirect with org.spongepowered.asm.mixin.injection.struct.RedirectInjectionInfo
[10Jun2026 22:36:50.699] [main/DEBUG] [mixin/]: Registering new injector for @ModifyVariable with org.spongepowered.asm.mixin.injection.struct.ModifyVariableInjectionInfo
[10Jun2026 22:36:50.699] [main/DEBUG] [mixin/]: Registering new injector for @ModifyConstant with org.spongepowered.asm.mixin.injection.struct.ModifyConstantInjectionInfo
[10Jun2026 22:36:50.719] [main/WARN] [mixin/]: Reference map 'carryon.refmap.json' for carryon.mixins.json could not be read. If this is a development environment you can ignore this message
[10Jun2026 22:36:50.719] [main/DEBUG] [mixin/]: Selecting config carryon.neoforge.mixins.json
[10Jun2026 22:36:50.720] [main/DEBUG] [mixin/]: Selecting config aerialhell.mixins.json
[10Jun2026 22:36:50.720] [main/DEBUG] [mixin/]: Selecting config stackrefill_neoforge.mixins.json
[10Jun2026 22:36:50.721] [main/DEBUG] [mixin/]: Selecting config healthbars.common.mixins.json
[10Jun2026 22:36:50.721] [main/DEBUG] [mixin/]: Selecting config healthbars.neoforge.mixins.json
[10Jun2026 22:36:50.721] [main/DEBUG] [mixin/]: Selecting config enchdesc.mixins.json
[10Jun2026 22:36:50.721] [main/WARN] [mixin/]: Reference map 'enchdesc.refmap.json' for enchdesc.mixins.json could not be read. If this is a development environment you can ignore this message
[10Jun2026 22:36:50.722] [main/DEBUG] [mixin/]: Selecting config enchdesc.neoforge.mixins.json
[10Jun2026 22:36:50.722] [main/DEBUG] [mixin/]: Selecting config supermartijn642corelib.mixins.json
[10Jun2026 22:36:50.723] [main/WARN] [mixin/]: Reference map 'supermartijn642corelib.mixins.refmap.json' for supermartijn642corelib.mixins.json could not be read. If this is a development environment you can ignore this message
[10Jun2026 22:36:50.723] [main/DEBUG] [mixin/]: Selecting config iceberg.mixins.json
[10Jun2026 22:36:50.723] [main/DEBUG] [mixin/]: Selecting config iceberg.neoforge.mixins.json
[10Jun2026 22:36:50.724] [main/DEBUG] [mixin/]: Selecting config collective_neoforge.mixins.json
[10Jun2026 22:36:50.724] [main/DEBUG] [mixin/]: Selecting config securitycraft.mixins.json
[10Jun2026 22:36:50.724] [main/WARN] [mixin/]: Reference map 'securitycraft.refmap.json' for securitycraft.mixins.json could not be read. If this is a development environment you can ignore this message
[10Jun2026 22:36:50.724] [main/DEBUG] [mixin/]: Selecting config elevatorid.mixins.json
[10Jun2026 22:36:50.725] [main/DEBUG] [mixin/]: Selecting config cryonicconfig.mixins.json
[10Jun2026 22:36:50.725] [main/DEBUG] [mixin/]: Selecting config chisel.mixins.json
[10Jun2026 22:36:50.725] [main/DEBUG] [mixin/]: Selecting config refurbished_furniture.common.mixins.json
[10Jun2026 22:36:50.725] [main/WARN] [mixin/]: Reference map 'refurbished_furniture.refmap.json' for refurbished_furniture.common.mixins.json could not be read. If this is a development environment you can ignore this message
[10Jun2026 22:36:50.726] [main/DEBUG] [mixin/]: Selecting config puzzleslib.common.mixins.json
[10Jun2026 22:36:50.727] [main/DEBUG] [mixin/]: Selecting config puzzleslib.neoforge.mixins.json
[10Jun2026 22:36:50.728] [main/DEBUG] [mixin/]: Selecting config trashcans.mixins.json
[10Jun2026 22:36:50.728] [main/DEBUG] [mixin/]: Selecting config moogs_structures-neoforge.mixins.json
[10Jun2026 22:36:50.728] [main/DEBUG] [mixin/]: Selecting config moogs_structures-common.mixins.json
[10Jun2026 22:36:50.729] [main/WARN] [mixin/]: Reference map 'moogs_structures.refmap.json' for moogs_structures-common.mixins.json could not be read. If this is a development environment you can ignore this message
[10Jun2026 22:36:50.729] [main/DEBUG] [mixin/]: Selecting config framework.common.mixins.json
[10Jun2026 22:36:50.729] [main/WARN] [mixin/]: Reference map 'framework.refmap.json' for framework.common.mixins.json could not be read. If this is a development environment you can ignore this message
[10Jun2026 22:36:50.729] [main/DEBUG] [mixin/]: Selecting config ante.mixins.json
[10Jun2026 22:36:50.730] [main/WARN] [mixin/]: Reference map 'ante.refmap.json' for ante.mixins.json could not be read. If this is a development environment you can ignore this message
[10Jun2026 22:36:50.730] [main/DEBUG] [mixin/]: Selecting config ante.neoforge.mixins.json
[10Jun2026 22:36:50.730] [main/DEBUG] [mixin/]: Selecting config explosiveenhancement.neoforge.mixins.json
[10Jun2026 22:36:50.730] [main/DEBUG] [mixin/]: Selecting config healingcampfire_neoforge.mixins.json
[10Jun2026 22:36:50.730] [main/DEBUG] [mixin/]: Selecting config mixinextras.init.mixins.json
[10Jun2026 22:36:50.733] [main/DEBUG] [mixin/]: Preparing weaponmaster_ydm.mixins.json (3)
[10Jun2026 22:36:50.851] [main/DEBUG] [mixin/]: Preparing kuma_api.mixins.json (7)
[10Jun2026 22:36:50.851] [main/DEBUG] [mixin/]: Preparing kuma_api.neoforge.mixins.json (0)
[10Jun2026 22:36:50.851] [main/DEBUG] [mixin/]: Preparing trashslot.mixins.json (0)
[10Jun2026 22:36:50.851] [main/DEBUG] [mixin/]: Preparing trashslot.neoforge.mixins.json (0)
[10Jun2026 22:36:50.851] [main/DEBUG] [mixin/]: Preparing geckolib.mixins.json (12)
[10Jun2026 22:36:50.921] [main/DEBUG] [mixin/]: Preparing tools_on_my_back.mixins.json (6)
[10Jun2026 22:36:50.921] [main/DEBUG] [mixin/]: Preparing lithostitched.mixins.json (45)
[10Jun2026 22:36:51.019] [main/DEBUG] [mixin/]: Preparing lithostitched.26.1.mixins.json (11)
[10Jun2026 22:36:51.031] [main/DEBUG] [mixin/]: Preparing lithostitched.neoforge.mixins.json (2)
[10Jun2026 22:36:51.035] [main/DEBUG] [mixin/]: Preparing attributefix.mixins.json (1)
[10Jun2026 22:36:51.036] [main/DEBUG] [mixin/]: Preparing attributefix.neoforge.mixins.json (0)
[10Jun2026 22:36:51.036] [main/DEBUG] [mixin/]: Preparing sophisticatedcore.mixins.json (1)
[10Jun2026 22:36:51.038] [main/DEBUG] [mixin/]: Preparing waystones.mixins.json (3)
[10Jun2026 22:36:51.040] [main/DEBUG] [mixin/]: Preparing waystones.neoforge.mixins.json (0)
[10Jun2026 22:36:51.040] [main/DEBUG] [mixin/]: Preparing sootychimneys.mixins.json (1)
[10Jun2026 22:36:51.042] [main/DEBUG] [mixin/]: Preparing sootychimneys.neoforge.mixins.json (0)
[10Jun2026 22:36:51.042] [main/DEBUG] [mixin/]: Preparing journeymap.mixins.json (37)
[10Jun2026 22:36:51.045] [main/WARN] [mixin/]: Error loading class: net/minecraft/client/renderer/entity/SalmonRenderer (java.lang.ClassNotFoundException: net.minecraft.client.renderer.entity.SalmonRenderer)
[10Jun2026 22:36:51.045] [main/WARN] [mixin/]: @Mixin target net.minecraft.client.renderer.entity.SalmonRenderer was not found journeymap.mixins.json:client.SalmonRendererAccessor from mod journeymap
[10Jun2026 22:36:51.048] [main/DEBUG] [mixin/]: Preparing journeymap.neoforge.mixins.json (1)
[10Jun2026 22:36:51.048] [main/DEBUG] [mixin/]: Preparing neoforge.mixins.json (2)
[10Jun2026 22:36:51.053] [main/DEBUG] [mixin/]: Preparing prism.mixins.json (2)
[10Jun2026 22:36:51.053] [main/DEBUG] [mixin/]: Preparing comforts.mixins.json (8)
[10Jun2026 22:36:51.070] [main/DEBUG] [mixin/]: Preparing glitchcore.mixins.json (5)
[10Jun2026 22:36:51.075] [main/DEBUG] [mixin/]: Preparing glitchcore.neoforge.mixins.json (7)
[10Jun2026 22:36:51.091] [main/DEBUG] [mixin/]: Preparing cropsloverain.mixins.json (8)
[10Jun2026 22:36:51.102] [main/DEBUG] [mixin/]: Preparing balm.mixins.json (14)
[10Jun2026 22:36:51.129] [main/DEBUG] [mixin/]: @Mixin target net.minecraft.server.level.ChunkMap$TrackedEntity is public in balm.mixins.json:TrackedEntityAccessor from mod balm and should be specified in value
[10Jun2026 22:36:51.129] [main/DEBUG] [mixin/]: Preparing balm.api.mixins.json (8)
[10Jun2026 22:36:51.131] [main/DEBUG] [mixin/]: Preparing balm.neoforge.mixins.json (4)
[10Jun2026 22:36:51.151] [main/DEBUG] [mixin/]: Preparing terralith.mixins.json (0)
[10Jun2026 22:36:51.151] [main/DEBUG] [mixin/]: Preparing prickle.mixins.json (0)
[10Jun2026 22:36:51.151] [main/DEBUG] [mixin/]: Preparing prickle.neoforge.mixins.json (0)
[10Jun2026 22:36:51.151] [main/DEBUG] [mixin/]: Preparing carryon.mixins.json (8)
[10Jun2026 22:36:51.155] [main/DEBUG] [mixin/]: Preparing carryon.neoforge.mixins.json (0)
[10Jun2026 22:36:51.155] [main/DEBUG] [mixin/]: Preparing aerialhell.mixins.json (5)
[10Jun2026 22:36:51.161] [main/WARN] [mixin/]: Error loading class: net/minecraft/client/renderer/LevelRenderer (java.lang.ClassNotFoundException: net.minecraft.client.renderer.LevelRenderer)
[10Jun2026 22:36:51.161] [main/WARN] [mixin/]: @Mixin target net.minecraft.client.renderer.LevelRenderer was not found aerialhell.mixins.json:RenderSkyMixin from mod aerialhell
[10Jun2026 22:36:51.161] [main/DEBUG] [mixin/]: Preparing stackrefill_neoforge.mixins.json (0)
[10Jun2026 22:36:51.161] [main/DEBUG] [mixin/]: Preparing healthbars.common.mixins.json (0)
[10Jun2026 22:36:51.161] [main/DEBUG] [mixin/]: Preparing healthbars.neoforge.mixins.json (0)
[10Jun2026 22:36:51.161] [main/DEBUG] [mixin/]: Preparing enchdesc.mixins.json (3)
[10Jun2026 22:36:51.161] [main/DEBUG] [mixin/]: Preparing enchdesc.neoforge.mixins.json (0)
[10Jun2026 22:36:51.161] [main/DEBUG] [mixin/]: Preparing supermartijn642corelib.mixins.json (15)
[10Jun2026 22:36:51.170] [main/DEBUG] [mixin/]: Preparing iceberg.mixins.json (11)
[10Jun2026 22:36:51.172] [main/DEBUG] [mixin/]: Preparing iceberg.neoforge.mixins.json (1)
[10Jun2026 22:36:51.173] [main/DEBUG] [mixin/]: Preparing collective_neoforge.mixins.json (8)
[10Jun2026 22:36:51.185] [main/DEBUG] [mixin/]: Preparing securitycraft.mixins.json (31)
[10Jun2026 22:36:51.227] [main/DEBUG] [mixin/]: Preparing elevatorid.mixins.json (0)
[10Jun2026 22:36:51.227] [main/DEBUG] [mixin/]: Preparing cryonicconfig.mixins.json (4)
[10Jun2026 22:36:51.229] [main/DEBUG] [mixin/]: Preparing chisel.mixins.json (3)
[10Jun2026 22:36:51.229] [main/DEBUG] [mixin/]: Preparing refurbished_furniture.common.mixins.json (17)
[10Jun2026 22:36:51.242] [main/DEBUG] [mixin/]: Preparing puzzleslib.common.mixins.json (7)
[10Jun2026 22:36:51.248] [main/DEBUG] [mixin/]: Preparing puzzleslib.neoforge.mixins.json (5)
[10Jun2026 22:36:51.253] [main/DEBUG] [mixin/]: Preparing trashcans.mixins.json (0)
[10Jun2026 22:36:51.253] [main/DEBUG] [mixin/]: Preparing moogs_structures-neoforge.mixins.json (1)
[10Jun2026 22:36:51.253] [main/DEBUG] [mixin/]: Preparing moogs_structures-common.mixins.json (10)
[10Jun2026 22:36:51.268] [main/DEBUG] [mixin/]: Preparing framework.common.mixins.json (4)
[10Jun2026 22:36:51.268] [main/DEBUG] [mixin/]: Preparing ante.mixins.json (2)
[10Jun2026 22:36:51.270] [main/DEBUG] [mixin/]: Preparing ante.neoforge.mixins.json (2)
[10Jun2026 22:36:51.270] [main/DEBUG] [mixin/]: Preparing explosiveenhancement.neoforge.mixins.json (3)
[10Jun2026 22:36:51.273] [main/DEBUG] [mixin/]: Preparing healingcampfire_neoforge.mixins.json (0)
[10Jun2026 22:36:51.273] [main/DEBUG] [mixin/]: Preparing mixinextras.init.mixins.json (0)
[10Jun2026 22:36:51.353] [main/DEBUG] [mixin/]: Prepared 175 mixins in 0.797 sec (4.6ms avg) (0ms load, 0ms transform, 0ms plugin)
[10Jun2026 22:36:51.356] [main/INFO] [MixinExtras|Service/]: Initializing MixinExtras via com.llamalad7.mixinextras.service.MixinExtrasServiceImpl(version=0.5.3).
[10Jun2026 22:36:51.357] [main/DEBUG] [mixin/]: Registering new injector for @SugarWrapper with com.llamalad7.mixinextras.sugar.impl.SugarWrapperInjectionInfo
[10Jun2026 22:36:51.358] [main/DEBUG] [mixin/]: Registering new injector for @FactoryRedirectWrapper with com.llamalad7.mixinextras.wrapper.factory.FactoryRedirectWrapperInjectionInfo
[10Jun2026 22:36:51.358] [main/DEBUG] [mixin/]: Registering new injector for @ExpressionInjectorWrapper with com.llamalad7.mixinextras.expression.impl.wrapper.ExpressionInjectorWrapperInjectionInfo
[10Jun2026 22:36:51.369] [main/DEBUG] [mixin/]: Mixing server.MainMixin from cryonicconfig.mixins.json into net.minecraft.server.Main
[10Jun2026 22:36:51.391] [main/DEBUG] [mixin/]: cryonicconfig.mixins.json:server.MainMixin from mod cryonicconfig->@Inject::initCryonicConfig([Ljava/lang/String;Lorg/spongepowered/asm/mixin/injection/callback/CallbackInfo;)V doesn't use it's CallbackInfo
[10Jun2026 22:36:51.417] [main/DEBUG] [io.netty.util.internal.logging.InternalLoggerFactory/]: Using SLF4J as the default logging framework
[10Jun2026 22:36:51.419] [main/DEBUG] [io.netty.util.ResourceLeakDetector/]: -Dio.netty.leakDetection.level: simple
[10Jun2026 22:36:51.419] [main/DEBUG] [io.netty.util.ResourceLeakDetector/]: -Dio.netty.leakDetection.targetRecords: 4
[10Jun2026 22:36:51.654] [main/DEBUG] [oshi.util.FileUtil/]: Reading file /proc/self/auxv
[10Jun2026 22:36:51.655] [main/DEBUG] [oshi.util.FileUtil/]: Reading file /proc/self/auxv
[10Jun2026 22:36:51.660] [main/DEBUG] [oshi.util.FileUtil/]: Reading file /proc/stat
[10Jun2026 22:36:51.666] [main/DEBUG] [oshi.util.FileUtil/]: Reading file /sys/devices/system/cpu/cpu0/topology/core_id
[10Jun2026 22:36:51.667] [main/DEBUG] [oshi.util.FileUtil/]: Reading file /sys/devices/system/cpu/cpu0/topology/core_id
[10Jun2026 22:36:51.667] [main/DEBUG] [oshi.util.FileUtil/]: Reading file /sys/devices/system/cpu/cpu0/topology/physical_package_id
[10Jun2026 22:36:51.667] [main/DEBUG] [oshi.util.FileUtil/]: Reading file /sys/devices/system/cpu/cpu0/topology/physical_package_id
[10Jun2026 22:36:51.667] [main/DEBUG] [oshi.util.FileUtil/]: Reading file /sys/devices/system/cpu/cpu0/cpu_capacity
[10Jun2026 22:36:51.669] [main/DEBUG] [oshi.util.FileUtil/]: Reading file /sys/devices/system/cpu/cpu0/cache/index2/level
[10Jun2026 22:36:51.669] [main/DEBUG] [oshi.util.FileUtil/]: Reading file /sys/devices/system/cpu/cpu0/cache/index2/level
[10Jun2026 22:36:51.669] [main/DEBUG] [oshi.util.FileUtil/]: Reading file /sys/devices/system/cpu/cpu0/cache/index2/type
[10Jun2026 22:36:51.669] [main/DEBUG] [oshi.util.FileUtil/]: Reading file /sys/devices/system/cpu/cpu0/cache/index2/type
[10Jun2026 22:36:51.670] [main/DEBUG] [oshi.util.FileUtil/]: Reading file /sys/devices/system/cpu/cpu0/cache/index2/ways_of_associativity
[10Jun2026 22:36:51.670] [main/DEBUG] [oshi.util.FileUtil/]: Reading file /sys/devices/system/cpu/cpu0/cache/index2/ways_of_associativity
[10Jun2026 22:36:51.670] [main/DEBUG] [oshi.util.FileUtil/]: Reading file /sys/devices/system/cpu/cpu0/cache/index2/coherency_line_size
[10Jun2026 22:36:51.670] [main/DEBUG] [oshi.util.FileUtil/]: Reading file /sys/devices/system/cpu/cpu0/cache/index2/coherency_line_size
[10Jun2026 22:36:51.670] [main/DEBUG] [oshi.util.FileUtil/]: Reading file /sys/devices/system/cpu/cpu0/cache/index2/size
[10Jun2026 22:36:51.670] [main/DEBUG] [oshi.util.FileUtil/]: Reading file /sys/devices/system/cpu/cpu0/cache/index2/size
[10Jun2026 22:36:51.671] [main/DEBUG] [oshi.util.FileUtil/]: Reading file /sys/devices/system/cpu/cpu0/cache/index0/level
[10Jun2026 22:36:51.671] [main/DEBUG] [oshi.util.FileUtil/]: Reading file /sys/devices/system/cpu/cpu0/cache/index0/level
[10Jun2026 22:36:51.671] [main/DEBUG] [oshi.util.FileUtil/]: Reading file /sys/devices/system/cpu/cpu0/cache/index0/type
[10Jun2026 22:36:51.671] [main/DEBUG] [oshi.util.FileUtil/]: Reading file /sys/devices/system/cpu/cpu0/cache/index0/type
[10Jun2026 22:36:51.671] [main/DEBUG] [oshi.util.FileUtil/]: Reading file /sys/devices/system/cpu/cpu0/cache/index0/ways_of_associativity
[10Jun2026 22:36:51.671] [main/DEBUG] [oshi.util.FileUtil/]: Reading file /sys/devices/system/cpu/cpu0/cache/index0/ways_of_associativity
[10Jun2026 22:36:51.671] [main/DEBUG] [oshi.util.FileUtil/]: Reading file /sys/devices/system/cpu/cpu0/cache/index0/coherency_line_size
[10Jun2026 22:36:51.671] [main/DEBUG] [oshi.util.FileUtil/]: Reading file /sys/devices/system/cpu/cpu0/cache/index0/coherency_line_size
[10Jun2026 22:36:51.671] [main/DEBUG] [oshi.util.FileUtil/]: Reading file /sys/devices/system/cpu/cpu0/cache/index0/size
[10Jun2026 22:36:51.672] [main/DEBUG] [oshi.util.FileUtil/]: Reading file /sys/devices/system/cpu/cpu0/cache/index0/size
[10Jun2026 22:36:51.672] [main/DEBUG] [oshi.util.FileUtil/]: Reading file /sys/devices/system/cpu/cpu0/cache/index3/level
[10Jun2026 22:36:51.672] [main/DEBUG] [oshi.util.FileUtil/]: Reading file /sys/devices/system/cpu/cpu0/cache/index3/level
[10Jun2026 22:36:51.672] [main/DEBUG] [oshi.util.FileUtil/]: Reading file /sys/devices/system/cpu/cpu0/cache/index3/type
[10Jun2026 22:36:51.672] [main/DEBUG] [oshi.util.FileUtil/]: Reading file /sys/devices/system/cpu/cpu0/cache/index3/type
[10Jun2026 22:36:51.672] [main/DEBUG] [oshi.util.FileUtil/]: Reading file /sys/devices/system/cpu/cpu0/cache/index3/ways_of_associativity
[10Jun2026 22:36:51.672] [main/DEBUG] [oshi.util.FileUtil/]: Reading file /sys/devices/system/cpu/cpu0/cache/index3/ways_of_associativity
[10Jun2026 22:36:51.672] [main/DEBUG] [oshi.util.FileUtil/]: Reading file /sys/devices/system/cpu/cpu0/cache/index3/coherency_line_size
[10Jun2026 22:36:51.673] [main/DEBUG] [oshi.util.FileUtil/]: Reading file /sys/devices/system/cpu/cpu0/cache/index3/coherency_line_size
[10Jun2026 22:36:51.673] [main/DEBUG] [oshi.util.FileUtil/]: Reading file /sys/devices/system/cpu/cpu0/cache/index3/size
[10Jun2026 22:36:51.673] [main/DEBUG] [oshi.util.FileUtil/]: Reading file /sys/devices/system/cpu/cpu0/cache/index3/size
[10Jun2026 22:36:51.673] [main/DEBUG] [oshi.util.FileUtil/]: Reading file /sys/devices/system/cpu/cpu0/cache/index1/level
[10Jun2026 22:36:51.673] [main/DEBUG] [oshi.util.FileUtil/]: Reading file /sys/devices/system/cpu/cpu0/cache/index1/level
[10Jun2026 22:36:51.673] [main/DEBUG] [oshi.util.FileUtil/]: Reading file /sys/devices/system/cpu/cpu0/cache/index1/type
[10Jun2026 22:36:51.673] [main/DEBUG] [oshi.util.FileUtil/]: Reading file /sys/devices/system/cpu/cpu0/cache/index1/type
[10Jun2026 22:36:51.673] [main/DEBUG] [oshi.util.FileUtil/]: Reading file /sys/devices/system/cpu/cpu0/cache/index1/ways_of_associativity
[10Jun2026 22:36:51.673] [main/DEBUG] [oshi.util.FileUtil/]: Reading file /sys/devices/system/cpu/cpu0/cache/index1/ways_of_associativity
[10Jun2026 22:36:51.674] [main/DEBUG] [oshi.util.FileUtil/]: Reading file /sys/devices/system/cpu/cpu0/cache/index1/coherency_line_size
[10Jun2026 22:36:51.674] [main/DEBUG] [oshi.util.FileUtil/]: Reading file /sys/devices/system/cpu/cpu0/cache/index1/coherency_line_size
[10Jun2026 22:36:51.674] [main/DEBUG] [oshi.util.FileUtil/]: Reading file /sys/devices/system/cpu/cpu0/cache/index1/size
[10Jun2026 22:36:51.674] [main/DEBUG] [oshi.util.FileUtil/]: Reading file /sys/devices/system/cpu/cpu0/cache/index1/size
[10Jun2026 22:36:51.675] [main/DEBUG] [oshi.util.FileUtil/]: Reading file /sys/devices/system/cpu/cpu1/topology/core_id
[10Jun2026 22:36:51.675] [main/DEBUG] [oshi.util.FileUtil/]: Reading file /sys/devices/system/cpu/cpu1/topology/core_id
[10Jun2026 22:36:51.675] [main/DEBUG] [oshi.util.FileUtil/]: Reading file /sys/devices/system/cpu/cpu1/topology/physical_package_id
[10Jun2026 22:36:51.675] [main/DEBUG] [oshi.util.FileUtil/]: Reading file /sys/devices/system/cpu/cpu1/topology/physical_package_id
[10Jun2026 22:36:51.675] [main/DEBUG] [oshi.util.FileUtil/]: Reading file /sys/devices/system/cpu/cpu1/cpu_capacity
[10Jun2026 22:36:51.675] [main/DEBUG] [oshi.util.FileUtil/]: Reading file /sys/devices/system/cpu/cpu1/cache/index2/level
[10Jun2026 22:36:51.675] [main/DEBUG] [oshi.util.FileUtil/]: Reading file /sys/devices/system/cpu/cpu1/cache/index2/level
[10Jun2026 22:36:51.676] [main/DEBUG] [oshi.util.FileUtil/]: Reading file /sys/devices/system/cpu/cpu1/cache/index2/type
[10Jun2026 22:36:51.676] [main/DEBUG] [oshi.util.FileUtil/]: Reading file /sys/devices/system/cpu/cpu1/cache/index2/type
[10Jun2026 22:36:51.676] [main/DEBUG] [oshi.util.FileUtil/]: Reading file /sys/devices/system/cpu/cpu1/cache/index2/ways_of_associativity
[10Jun2026 22:36:51.676] [main/DEBUG] [oshi.util.FileUtil/]: Reading file /sys/devices/system/cpu/cpu1/cache/index2/ways_of_associativity
[10Jun2026 22:36:51.676] [main/DEBUG] [oshi.util.FileUtil/]: Reading file /sys/devices/system/cpu/cpu1/cache/index2/coherency_line_size
[10Jun2026 22:36:51.676] [main/DEBUG] [oshi.util.FileUtil/]: Reading file /sys/devices/system/cpu/cpu1/cache/index2/coherency_line_size
[10Jun2026 22:36:51.676] [main/DEBUG] [oshi.util.FileUtil/]: Reading file /sys/devices/system/cpu/cpu1/cache/index2/size
[10Jun2026 22:36:51.676] [main/DEBUG] [oshi.util.FileUtil/]: Reading file /sys/devices/system/cpu/cpu1/cache/index2/size
[10Jun2026 22:36:51.677] [main/DEBUG] [oshi.util.FileUtil/]: Reading file /sys/devices/system/cpu/cpu1/cache/index0/level
[10Jun2026 22:36:51.677] [main/DEBUG] [oshi.util.FileUtil/]: Reading file /sys/devices/system/cpu/cpu1/cache/index0/level
[10Jun2026 22:36:51.677] [main/DEBUG] [oshi.util.FileUtil/]: Reading file /sys/devices/system/cpu/cpu1/cache/index0/type
[10Jun2026 22:36:51.677] [main/DEBUG] [oshi.util.FileUtil/]: Reading file /sys/devices/system/cpu/cpu1/cache/index0/type
[10Jun2026 22:36:51.677] [main/DEBUG] [oshi.util.FileUtil/]: Reading file /sys/devices/system/cpu/cpu1/cache/index0/ways_of_associativity
[10Jun2026 22:36:51.677] [main/DEBUG] [oshi.util.FileUtil/]: Reading file /sys/devices/system/cpu/cpu1/cache/index0/ways_of_associativity
[10Jun2026 22:36:51.677] [main/DEBUG] [oshi.util.FileUtil/]: Reading file /sys/devices/system/cpu/cpu1/cache/index0/coherency_line_size
[10Jun2026 22:36:51.677] [main/DEBUG] [oshi.util.FileUtil/]: Reading file /sys/devices/system/cpu/cpu1/cache/index0/coherency_line_size
[10Jun2026 22:36:51.678] [main/DEBUG] [oshi.util.FileUtil/]: Reading file /sys/devices/system/cpu/cpu1/cache/index0/size
[10Jun2026 22:36:51.678] [main/DEBUG] [oshi.util.FileUtil/]: Reading file /sys/devices/system/cpu/cpu1/cache/index0/size
[10Jun2026 22:36:51.678] [main/DEBUG] [oshi.util.FileUtil/]: Reading file /sys/devices/system/cpu/cpu1/cache/index3/level
[10Jun2026 22:36:51.678] [main/DEBUG] [oshi.util.FileUtil/]: Reading file /sys/devices/system/cpu/cpu1/cache/index3/level
[10Jun2026 22:36:51.678] [main/DEBUG] [oshi.util.FileUtil/]: Reading file /sys/devices/system/cpu/cpu1/cache/index3/type
[10Jun2026 22:36:51.678] [main/DEBUG] [oshi.util.FileUtil/]: Reading file /sys/devices/system/cpu/cpu1/cache/index3/type
[10Jun2026 22:36:51.678] [main/DEBUG] [oshi.util.FileUtil/]: Reading file /sys/devices/system/cpu/cpu1/cache/index3/ways_of_associativity
[10Jun2026 22:36:51.678] [main/DEBUG] [oshi.util.FileUtil/]: Reading file /sys/devices/system/cpu/cpu1/cache/index3/ways_of_associativity
[10Jun2026 22:36:51.678] [main/DEBUG] [oshi.util.FileUtil/]: Reading file /sys/devices/system/cpu/cpu1/cache/index3/coherency_line_size
[10Jun2026 22:36:51.678] [main/DEBUG] [oshi.util.FileUtil/]: Reading file /sys/devices/system/cpu/cpu1/cache/index3/coherency_line_size
[10Jun2026 22:36:51.678] [main/DEBUG] [oshi.util.FileUtil/]: Reading file /sys/devices/system/cpu/cpu1/cache/index3/size
[10Jun2026 22:36:51.679] [main/DEBUG] [oshi.util.FileUtil/]: Reading file /sys/devices/system/cpu/cpu1/cache/index3/size
[10Jun2026 22:36:51.679] [main/DEBUG] [oshi.util.FileUtil/]: Reading file /sys/devices/system/cpu/cpu1/cache/index1/level
[10Jun2026 22:36:51.679] [main/DEBUG] [oshi.util.FileUtil/]: Reading file /sys/devices/system/cpu/cpu1/cache/index1/level
[10Jun2026 22:36:51.679] [main/DEBUG] [oshi.util.FileUtil/]: Reading file /sys/devices/system/cpu/cpu1/cache/index1/type
[10Jun2026 22:36:51.679] [main/DEBUG] [oshi.util.FileUtil/]: Reading file /sys/devices/system/cpu/cpu1/cache/index1/type
[10Jun2026 22:36:51.679] [main/DEBUG] [oshi.util.FileUtil/]: Reading file /sys/devices/system/cpu/cpu1/cache/index1/ways_of_associativity
[10Jun2026 22:36:51.679] [main/DEBUG] [oshi.util.FileUtil/]: Reading file /sys/devices/system/cpu/cpu1/cache/index1/ways_of_associativity
[10Jun2026 22:36:51.679] [main/DEBUG] [oshi.util.FileUtil/]: Reading file /sys/devices/system/cpu/cpu1/cache/index1/coherency_line_size
[10Jun2026 22:36:51.679] [main/DEBUG] [oshi.util.FileUtil/]: Reading file /sys/devices/system/cpu/cpu1/cache/index1/coherency_line_size
[10Jun2026 22:36:51.680] [main/DEBUG] [oshi.util.FileUtil/]: Reading file /sys/devices/system/cpu/cpu1/cache/index1/size
[10Jun2026 22:36:51.680] [main/DEBUG] [oshi.util.FileUtil/]: Reading file /sys/devices/system/cpu/cpu1/cache/index1/size
[10Jun2026 22:36:51.680] [main/DEBUG] [oshi.util.FileUtil/]: Reading file /sys/devices/system/cpu/cpu2/topology/core_id
[10Jun2026 22:36:51.680] [main/DEBUG] [oshi.util.FileUtil/]: Reading file /sys/devices/system/cpu/cpu2/topology/core_id
[10Jun2026 22:36:51.680] [main/DEBUG] [oshi.util.FileUtil/]: Reading file /sys/devices/system/cpu/cpu2/topology/physical_package_id
[10Jun2026 22:36:51.680] [main/DEBUG] [oshi.util.FileUtil/]: Reading file /sys/devices/system/cpu/cpu2/topology/physical_package_id
[10Jun2026 22:36:51.680] [main/DEBUG] [oshi.util.FileUtil/]: Reading file /sys/devices/system/cpu/cpu2/cpu_capacity
[10Jun2026 22:36:51.681] [main/DEBUG] [oshi.util.FileUtil/]: Reading file /sys/devices/system/cpu/cpu2/cache/index2/level
[10Jun2026 22:36:51.681] [main/DEBUG] [oshi.util.FileUtil/]: Reading file /sys/devices/system/cpu/cpu2/cache/index2/level
[10Jun2026 22:36:51.681] [main/DEBUG] [oshi.util.FileUtil/]: Reading file /sys/devices/system/cpu/cpu2/cache/index2/type
[10Jun2026 22:36:51.681] [main/DEBUG] [oshi.util.FileUtil/]: Reading file /sys/devices/system/cpu/cpu2/cache/index2/type
[10Jun2026 22:36:51.681] [main/DEBUG] [oshi.util.FileUtil/]: Reading file /sys/devices/system/cpu/cpu2/cache/index2/ways_of_associativity
[10Jun2026 22:36:51.681] [main/DEBUG] [oshi.util.FileUtil/]: Reading file /sys/devices/system/cpu/cpu2/cache/index2/ways_of_associativity
[10Jun2026 22:36:51.681] [main/DEBUG] [oshi.util.FileUtil/]: Reading file /sys/devices/system/cpu/cpu2/cache/index2/coherency_line_size
[10Jun2026 22:36:51.681] [main/DEBUG] [oshi.util.FileUtil/]: Reading file /sys/devices/system/cpu/cpu2/cache/index2/coherency_line_size
[10Jun2026 22:36:51.681] [main/DEBUG] [oshi.util.FileUtil/]: Reading file /sys/devices/system/cpu/cpu2/cache/index2/size
[10Jun2026 22:36:51.681] [main/DEBUG] [oshi.util.FileUtil/]: Reading file /sys/devices/system/cpu/cpu2/cache/index2/size
[10Jun2026 22:36:51.682] [main/DEBUG] [oshi.util.FileUtil/]: Reading file /sys/devices/system/cpu/cpu2/cache/index0/level
[10Jun2026 22:36:51.682] [main/DEBUG] [oshi.util.FileUtil/]: Reading file /sys/devices/system/cpu/cpu2/cache/index0/level
[10Jun2026 22:36:51.682] [main/DEBUG] [oshi.util.FileUtil/]: Reading file /sys/devices/system/cpu/cpu2/cache/index0/type
[10Jun2026 22:36:51.682] [main/DEBUG] [oshi.util.FileUtil/]: Reading file /sys/devices/system/cpu/cpu2/cache/index0/type
[10Jun2026 22:36:51.682] [main/DEBUG] [oshi.util.FileUtil/]: Reading file /sys/devices/system/cpu/cpu2/cache/index0/ways_of_associativity
[10Jun2026 22:36:51.682] [main/DEBUG] [oshi.util.FileUtil/]: Reading file /sys/devices/system/cpu/cpu2/cache/index0/ways_of_associativity
[10Jun2026 22:36:51.682] [main/DEBUG] [oshi.util.FileUtil/]: Reading file /sys/devices/system/cpu/cpu2/cache/index0/coherency_line_size
[10Jun2026 22:36:51.682] [main/DEBUG] [oshi.util.FileUtil/]: Reading file /sys/devices/system/cpu/cpu2/cache/index0/coherency_line_size
[10Jun2026 22:36:51.683] [main/DEBUG] [oshi.util.FileUtil/]: Reading file /sys/devices/system/cpu/cpu2/cache/index0/size
[10Jun2026 22:36:51.683] [main/DEBUG] [oshi.util.FileUtil/]: Reading file /sys/devices/system/cpu/cpu2/cache/index0/size
[10Jun2026 22:36:51.683] [main/DEBUG] [oshi.util.FileUtil/]: Reading file /sys/devices/system/cpu/cpu2/cache/index3/level
[10Jun2026 22:36:51.683] [main/DEBUG] [oshi.util.FileUtil/]: Reading file /sys/devices/system/cpu/cpu2/cache/index3/level
[10Jun2026 22:36:51.683] [main/DEBUG] [oshi.util.FileUtil/]: Reading file /sys/devices/system/cpu/cpu2/cache/index3/type
[10Jun2026 22:36:51.683] [main/DEBUG] [oshi.util.FileUtil/]: Reading file /sys/devices/system/cpu/cpu2/cache/index3/type
[10Jun2026 22:36:51.683] [main/DEBUG] [oshi.util.FileUtil/]: Reading file /sys/devices/system/cpu/cpu2/cache/index3/ways_of_associativity
[10Jun2026 22:36:51.683] [main/DEBUG] [oshi.util.FileUtil/]: Reading file /sys/devices/system/cpu/cpu2/cache/index3/ways_of_associativity
[10Jun2026 22:36:51.683] [main/DEBUG] [oshi.util.FileUtil/]: Reading file /sys/devices/system/cpu/cpu2/cache/index3/coherency_line_size
[10Jun2026 22:36:51.684] [main/DEBUG] [oshi.util.FileUtil/]: Reading file /sys/devices/system/cpu/cpu2/cache/index3/coherency_line_size
[10Jun2026 22:36:51.684] [main/DEBUG] [oshi.util.FileUtil/]: Reading file /sys/devices/system/cpu/cpu2/cache/index3/size
[10Jun2026 22:36:51.684] [main/DEBUG] [oshi.util.FileUtil/]: Reading file /sys/devices/system/cpu/cpu2/cache/index3/size
[10Jun2026 22:36:51.684] [main/DEBUG] [oshi.util.FileUtil/]: Reading file /sys/devices/system/cpu/cpu2/cache/index1/level
[10Jun2026 22:36:51.684] [main/DEBUG] [oshi.util.FileUtil/]: Reading file /sys/devices/system/cpu/cpu2/cache/index1/level
[10Jun2026 22:36:51.684] [main/DEBUG] [oshi.util.FileUtil/]: Reading file /sys/devices/system/cpu/cpu2/cache/index1/type
[10Jun2026 22:36:51.684] [main/DEBUG] [oshi.util.FileUtil/]: Reading file /sys/devices/system/cpu/cpu2/cache/index1/type
[10Jun2026 22:36:51.684] [main/DEBUG] [oshi.util.FileUtil/]: Reading file /sys/devices/system/cpu/cpu2/cache/index1/ways_of_associativity
[10Jun2026 22:36:51.684] [main/DEBUG] [oshi.util.FileUtil/]: Reading file /sys/devices/system/cpu/cpu2/cache/index1/ways_of_associativity
[10Jun2026 22:36:51.684] [main/DEBUG] [oshi.util.FileUtil/]: Reading file /sys/devices/system/cpu/cpu2/cache/index1/coherency_line_size
[10Jun2026 22:36:51.685] [main/DEBUG] [oshi.util.FileUtil/]: Reading file /sys/devices/system/cpu/cpu2/cache/index1/coherency_line_size
[10Jun2026 22:36:51.685] [main/DEBUG] [oshi.util.FileUtil/]: Reading file /sys/devices/system/cpu/cpu2/cache/index1/size
[10Jun2026 22:36:51.685] [main/DEBUG] [oshi.util.FileUtil/]: Reading file /sys/devices/system/cpu/cpu2/cache/index1/size
[10Jun2026 22:36:51.685] [main/DEBUG] [oshi.util.FileUtil/]: Reading file /sys/devices/system/cpu/cpu3/topology/core_id
[10Jun2026 22:36:51.685] [main/DEBUG] [oshi.util.FileUtil/]: Reading file /sys/devices/system/cpu/cpu3/topology/core_id
[10Jun2026 22:36:51.685] [main/DEBUG] [oshi.util.FileUtil/]: Reading file /sys/devices/system/cpu/cpu3/topology/physical_package_id
[10Jun2026 22:36:51.685] [main/DEBUG] [oshi.util.FileUtil/]: Reading file /sys/devices/system/cpu/cpu3/topology/physical_package_id
[10Jun2026 22:36:51.685] [main/DEBUG] [oshi.util.FileUtil/]: Reading file /sys/devices/system/cpu/cpu3/cpu_capacity
[10Jun2026 22:36:51.686] [main/DEBUG] [oshi.util.FileUtil/]: Reading file /sys/devices/system/cpu/cpu3/cache/index2/level
[10Jun2026 22:36:51.686] [main/DEBUG] [oshi.util.FileUtil/]: Reading file /sys/devices/system/cpu/cpu3/cache/index2/level
[10Jun2026 22:36:51.686] [main/DEBUG] [oshi.util.FileUtil/]: Reading file /sys/devices/system/cpu/cpu3/cache/index2/type
[10Jun2026 22:36:51.686] [main/DEBUG] [oshi.util.FileUtil/]: Reading file /sys/devices/system/cpu/cpu3/cache/index2/type
[10Jun2026 22:36:51.686] [main/DEBUG] [oshi.util.FileUtil/]: Reading file /sys/devices/system/cpu/cpu3/cache/index2/ways_of_associativity
[10Jun2026 22:36:51.686] [main/DEBUG] [oshi.util.FileUtil/]: Reading file /sys/devices/system/cpu/cpu3/cache/index2/ways_of_associativity
[10Jun2026 22:36:51.686] [main/DEBUG] [oshi.util.FileUtil/]: Reading file /sys/devices/system/cpu/cpu3/cache/index2/coherency_line_size
[10Jun2026 22:36:51.686] [main/DEBUG] [oshi.util.FileUtil/]: Reading file /sys/devices/system/cpu/cpu3/cache/index2/coherency_line_size
[10Jun2026 22:36:51.687] [main/DEBUG] [oshi.util.FileUtil/]: Reading file /sys/devices/system/cpu/cpu3/cache/index2/size
[10Jun2026 22:36:51.687] [main/DEBUG] [oshi.util.FileUtil/]: Reading file /sys/devices/system/cpu/cpu3/cache/index2/size
[10Jun2026 22:36:51.687] [main/DEBUG] [oshi.util.FileUtil/]: Reading file /sys/devices/system/cpu/cpu3/cache/index0/level
[10Jun2026 22:36:51.687] [main/DEBUG] [oshi.util.FileUtil/]: Reading file /sys/devices/system/cpu/cpu3/cache/index0/level
[10Jun2026 22:36:51.687] [main/DEBUG] [oshi.util.FileUtil/]: Reading file /sys/devices/system/cpu/cpu3/cache/index0/type
[10Jun2026 22:36:51.687] [main/DEBUG] [oshi.util.FileUtil/]: Reading file /sys/devices/system/cpu/cpu3/cache/index0/type
[10Jun2026 22:36:51.687] [main/DEBUG] [oshi.util.FileUtil/]: Reading file /sys/devices/system/cpu/cpu3/cache/index0/ways_of_associativity
[10Jun2026 22:36:51.687] [main/DEBUG] [oshi.util.FileUtil/]: Reading file /sys/devices/system/cpu/cpu3/cache/index0/ways_of_associativity
[10Jun2026 22:36:51.687] [main/DEBUG] [oshi.util.FileUtil/]: Reading file /sys/devices/system/cpu/cpu3/cache/index0/coherency_line_size
[10Jun2026 22:36:51.687] [main/DEBUG] [oshi.util.FileUtil/]: Reading file /sys/devices/system/cpu/cpu3/cache/index0/coherency_line_size
[10Jun2026 22:36:51.688] [main/DEBUG] [oshi.util.FileUtil/]: Reading file /sys/devices/system/cpu/cpu3/cache/index0/size
[10Jun2026 22:36:51.688] [main/DEBUG] [oshi.util.FileUtil/]: Reading file /sys/devices/system/cpu/cpu3/cache/index0/size
[10Jun2026 22:36:51.688] [main/DEBUG] [oshi.util.FileUtil/]: Reading file /sys/devices/system/cpu/cpu3/cache/index3/level
[10Jun2026 22:36:51.688] [main/DEBUG] [oshi.util.FileUtil/]: Reading file /sys/devices/system/cpu/cpu3/cache/index3/level
[10Jun2026 22:36:51.688] [main/DEBUG] [oshi.util.FileUtil/]: Reading file /sys/devices/system/cpu/cpu3/cache/index3/type
[10Jun2026 22:36:51.688] [main/DEBUG] [oshi.util.FileUtil/]: Reading file /sys/devices/system/cpu/cpu3/cache/index3/type
[10Jun2026 22:36:51.688] [main/DEBUG] [oshi.util.FileUtil/]: Reading file /sys/devices/system/cpu/cpu3/cache/index3/ways_of_associativity
[10Jun2026 22:36:51.688] [main/DEBUG] [oshi.util.FileUtil/]: Reading file /sys/devices/system/cpu/cpu3/cache/index3/ways_of_associativity
[10Jun2026 22:36:51.688] [main/DEBUG] [oshi.util.FileUtil/]: Reading file /sys/devices/system/cpu/cpu3/cache/index3/coherency_line_size
[10Jun2026 22:36:51.688] [main/DEBUG] [oshi.util.FileUtil/]: Reading file /sys/devices/system/cpu/cpu3/cache/index3/coherency_line_size
[10Jun2026 22:36:51.688] [main/DEBUG] [oshi.util.FileUtil/]: Reading file /sys/devices/system/cpu/cpu3/cache/index3/size
[10Jun2026 22:36:51.688] [main/DEBUG] [oshi.util.FileUtil/]: Reading file /sys/devices/system/cpu/cpu3/cache/index3/size
[10Jun2026 22:36:51.688] [main/DEBUG] [oshi.util.FileUtil/]: Reading file /sys/devices/system/cpu/cpu3/cache/index1/level
[10Jun2026 22:36:51.689] [main/DEBUG] [oshi.util.FileUtil/]: Reading file /sys/devices/system/cpu/cpu3/cache/index1/level
[10Jun2026 22:36:51.689] [main/DEBUG] [oshi.util.FileUtil/]: Reading file /sys/devices/system/cpu/cpu3/cache/index1/type
[10Jun2026 22:36:51.689] [main/DEBUG] [oshi.util.FileUtil/]: Reading file /sys/devices/system/cpu/cpu3/cache/index1/type
[10Jun2026 22:36:51.689] [main/DEBUG] [oshi.util.FileUtil/]: Reading file /sys/devices/system/cpu/cpu3/cache/index1/ways_of_associativity
[10Jun2026 22:36:51.689] [main/DEBUG] [oshi.util.FileUtil/]: Reading file /sys/devices/system/cpu/cpu3/cache/index1/ways_of_associativity
[10Jun2026 22:36:51.689] [main/DEBUG] [oshi.util.FileUtil/]: Reading file /sys/devices/system/cpu/cpu3/cache/index1/coherency_line_size
[10Jun2026 22:36:51.689] [main/DEBUG] [oshi.util.FileUtil/]: Reading file /sys/devices/system/cpu/cpu3/cache/index1/coherency_line_size
[10Jun2026 22:36:51.689] [main/DEBUG] [oshi.util.FileUtil/]: Reading file /sys/devices/system/cpu/cpu3/cache/index1/size
[10Jun2026 22:36:51.689] [main/DEBUG] [oshi.util.FileUtil/]: Reading file /sys/devices/system/cpu/cpu3/cache/index1/size
[10Jun2026 22:36:51.691] [main/DEBUG] [oshi.util.FileUtil/]: Reading file /proc/cpuinfo
[10Jun2026 22:36:51.691] [main/DEBUG] [oshi.util.FileUtil/]: Reading file /proc/cpuinfo
[10Jun2026 22:36:51.721] [main/DEBUG] [oshi.util.FileUtil/]: Reading file /proc/self/auxv
[10Jun2026 22:36:51.747] [main/DEBUG] [oshi.util.FileUtil/]: Reading file /proc/meminfo
[10Jun2026 22:36:51.748] [main/DEBUG] [oshi.util.FileUtil/]: Reading file /proc/meminfo
[10Jun2026 22:36:51.806] [main/DEBUG] [mixin/]: Mixing common.MappedRegistryAccessor from lithostitched.mixins.json into net.minecraft.core.MappedRegistry
[10Jun2026 22:36:51.808] [main/DEBUG] [mixin/]: lithostitched.mixins.json:common.MappedRegistryAccessor from mod lithostitched: Class version 65 required is higher than the class version supported by the current version of Mixin (JAVA_17 supports class version 61)
[10Jun2026 22:36:51.811] [main/DEBUG] [mixin/]: Mixing MappedRegistryAccessor from neoforge.mixins.json into net.minecraft.core.MappedRegistry
[10Jun2026 22:36:51.812] [main/DEBUG] [mixin/]: Mixing MappedRegistryMixin from supermartijn642corelib.mixins.json into net.minecraft.core.MappedRegistry
[10Jun2026 22:36:51.812] [main/DEBUG] [mixin/]: supermartijn642corelib.mixins.json:MappedRegistryMixin from mod supermartijn642corelib: Class version 65 required is higher than the class version supported by the current version of Mixin (JAVA_17 supports class version 61)
[10Jun2026 22:36:51.839] [main/DEBUG] [mixin/]: supermartijn642corelib.mixins.json:MappedRegistryMixin from mod supermartijn642corelib->@Inject::registerMappingHead(Lnet/minecraft/resources/ResourceKey;Ljava/lang/Object;Lnet/minecraft/core/RegistrationInfo;Lorg/spongepowered/asm/mixin/injection/callback/CallbackInfoReturnable;)V doesn't use it's CallbackInfoReturnable
[10Jun2026 22:36:51.839] [main/DEBUG] [mixin/]: supermartijn642corelib.mixins.json:MappedRegistryMixin from mod supermartijn642corelib->@Inject::registerMappingHead(Lnet/minecraft/resources/ResourceKey;Ljava/lang/Object;Lnet/minecraft/core/RegistrationInfo;Lorg/spongepowered/asm/mixin/injection/callback/CallbackInfoReturnable;)V has 0 override(s) in child classes
[10Jun2026 22:36:51.839] [main/DEBUG] [mixin/]: supermartijn642corelib.mixins.json:MappedRegistryMixin from mod supermartijn642corelib->@Inject::registerMappingHead(Lnet/minecraft/resources/ResourceKey;Ljava/lang/Object;Lnet/minecraft/core/RegistrationInfo;Lorg/spongepowered/asm/mixin/injection/callback/CallbackInfoReturnable;)V won't be passed a CallbackInfoReturnable as a result
[10Jun2026 22:36:51.839] [main/DEBUG] [mixin/]: supermartijn642corelib.mixins.json:MappedRegistryMixin from mod supermartijn642corelib->@Inject::registerMappingTail(Lnet/minecraft/resources/ResourceKey;Ljava/lang/Object;Lnet/minecraft/core/RegistrationInfo;Lorg/spongepowered/asm/mixin/injection/callback/CallbackInfoReturnable;)V doesn't use it's CallbackInfoReturnable
[10Jun2026 22:36:51.839] [main/DEBUG] [mixin/]: supermartijn642corelib.mixins.json:MappedRegistryMixin from mod supermartijn642corelib->@Inject::registerMappingTail(Lnet/minecraft/resources/ResourceKey;Ljava/lang/Object;Lnet/minecraft/core/RegistrationInfo;Lorg/spongepowered/asm/mixin/injection/callback/CallbackInfoReturnable;)V has 0 override(s) in child classes
[10Jun2026 22:36:51.839] [main/DEBUG] [mixin/]: supermartijn642corelib.mixins.json:MappedRegistryMixin from mod supermartijn642corelib->@Inject::registerMappingTail(Lnet/minecraft/resources/ResourceKey;Ljava/lang/Object;Lnet/minecraft/core/RegistrationInfo;Lorg/spongepowered/asm/mixin/injection/callback/CallbackInfoReturnable;)V won't be passed a CallbackInfoReturnable as a result
[10Jun2026 22:36:51.888] [main/DEBUG] [mixin/]: Mixing common.HolderReferenceAccessor from lithostitched.mixins.json into net.minecraft.core.Holder$Reference
[10Jun2026 22:36:51.888] [main/DEBUG] [mixin/]: lithostitched.mixins.json:common.HolderReferenceAccessor from mod lithostitched: Class version 65 required is higher than the class version supported by the current version of Mixin (JAVA_17 supports class version 61)
[10Jun2026 22:36:51.888] [main/DEBUG] [mixin/]: Mixing HolderReferenceMixin from supermartijn642corelib.mixins.json into net.minecraft.core.Holder$Reference
[10Jun2026 22:36:51.888] [main/DEBUG] [mixin/]: supermartijn642corelib.mixins.json:HolderReferenceMixin from mod supermartijn642corelib: Class version 65 required is higher than the class version supported by the current version of Mixin (JAVA_17 supports class version 61)
[10Jun2026 22:36:51.923] [main/DEBUG] [mixin/]: Mixing AccessorRangedAttribute from attributefix.mixins.json into net.minecraft.world.entity.ai.attributes.RangedAttribute
[10Jun2026 22:36:51.924] [main/DEBUG] [mixin/]: attributefix.mixins.json:AccessorRangedAttribute from mod attributefix: Class version 65 required is higher than the class version supported by the current version of Mixin (JAVA_18 supports class version 62)
[10Jun2026 22:36:51.935] [main/DEBUG] [mixin/]: Mixing common.villager.VillagerTypeMixin from lithostitched.26.1.mixins.json into net.minecraft.world.entity.npc.villager.VillagerType
[10Jun2026 22:36:51.936] [main/DEBUG] [mixin/]: lithostitched.26.1.mixins.json:common.villager.VillagerTypeMixin from mod lithostitched: Class version 65 required is higher than the class version supported by the current version of Mixin (JAVA_17 supports class version 61)
[10Jun2026 22:36:51.936] [main/DEBUG] [mixin/]: Renaming synthetic method lambda$useBiomeTags$0(Lnet/minecraft/resources/ResourceKey;Lnet/minecraft/resources/ResourceKey;)Lnet/minecraft/tags/TagKey; to mdc81b13$lithostitched$lambda$useBiomeTags$0$0 in lithostitched.26.1.mixins.json:common.villager.VillagerTypeMixin from mod lithostitched
[10Jun2026 22:36:52.053] [main/DEBUG] [mixin/]: Mixing BlockStateBaseAccessor from balm.mixins.json into net.minecraft.world.level.block.state.BlockBehaviour$BlockStateBase
[10Jun2026 22:36:52.055] [main/DEBUG] [mixin/]: balm.mixins.json:BlockStateBaseAccessor from mod balm: Class version 65 required is higher than the class version supported by the current version of Mixin (JAVA_17 supports class version 61)
[10Jun2026 22:36:52.056] [main/DEBUG] [mixin/]: Mixing BlockStateBaseMixin from balm.mixins.json into net.minecraft.world.level.block.state.BlockBehaviour$BlockStateBase
[10Jun2026 22:36:52.056] [main/DEBUG] [mixin/]: balm.mixins.json:BlockStateBaseMixin from mod balm: Class version 65 required is higher than the class version supported by the current version of Mixin (JAVA_17 supports class version 61)
[10Jun2026 22:36:52.062] [main/DEBUG] [mixin/]: balm.mixins.json:BlockStateBaseMixin from mod balm->@Inject::getDestroyProgress(Lnet/minecraft/world/entity/player/Player;Lnet/minecraft/world/level/BlockGetter;Lnet/minecraft/core/BlockPos;Lorg/spongepowered/asm/mixin/injection/callback/CallbackInfoReturnable;)V does use it's CallbackInfoReturnable
[10Jun2026 22:36:52.084] [main/DEBUG] [mixin/]: Mixing EntityMixin from balm.neoforge.mixins.json into net.minecraft.world.entity.Entity
[10Jun2026 22:36:52.086] [main/DEBUG] [mixin/]: Renaming synthetic method lambda$load$1(Lnet/minecraft/world/level/storage/ValueInput;)Ljava/util/Optional; to mdc81b13$balm$lambda$load$1$0 in balm.neoforge.mixins.json:EntityMixin from mod balm
[10Jun2026 22:36:52.086] [main/DEBUG] [mixin/]: Renaming synthetic method lambda$load$0(Lnet/minecraft/world/level/storage/ValueInput;)Ljava/util/Optional; to mdc81b13$balm$lambda$load$0$1 in balm.neoforge.mixins.json:EntityMixin from mod balm
[10Jun2026 22:36:52.090] [main/DEBUG] [mixin/]: Mixing EntityMixin from carryon.mixins.json into net.minecraft.world.entity.Entity
[10Jun2026 22:36:52.101] [main/DEBUG] [mixin/]: Mixing EntityAccessor from refurbished_furniture.common.mixins.json into net.minecraft.world.entity.Entity
[10Jun2026 22:36:52.101] [main/DEBUG] [mixin/]: Mixing EntityMixin from refurbished_furniture.common.mixins.json into net.minecraft.world.entity.Entity
[10Jun2026 22:36:52.128] [main/DEBUG] [mixin/]: balm.neoforge.mixins.json:EntityMixin from mod balm->@Inject::load(Lnet/minecraft/world/level/storage/ValueInput;Lorg/spongepowered/asm/mixin/injection/callback/CallbackInfo;)V doesn't use it's CallbackInfo
[10Jun2026 22:36:52.128] [main/DEBUG] [mixin/]: balm.neoforge.mixins.json:EntityMixin from mod balm->@Inject::load(Lnet/minecraft/world/level/storage/ValueInput;Lorg/spongepowered/asm/mixin/injection/callback/CallbackInfo;)V has 0 override(s) in child classes
[10Jun2026 22:36:52.128] [main/DEBUG] [mixin/]: balm.neoforge.mixins.json:EntityMixin from mod balm->@Inject::load(Lnet/minecraft/world/level/storage/ValueInput;Lorg/spongepowered/asm/mixin/injection/callback/CallbackInfo;)V won't be passed a CallbackInfo as a result
[10Jun2026 22:36:52.129] [main/DEBUG] [mixin/]: carryon.mixins.json:EntityMixin from mod carryon->@Inject::onPositionPassenger(Lnet/minecraft/world/entity/Entity;Lnet/minecraft/world/entity/Entity$MoveFunction;Lorg/spongepowered/asm/mixin/injection/callback/CallbackInfo;)V does use it's CallbackInfo
[10Jun2026 22:36:52.129] [main/DEBUG] [mixin/]: carryon.mixins.json:EntityMixin from mod carryon->@Inject::onDismountPassenger(Lnet/minecraft/world/entity/LivingEntity;Lorg/spongepowered/asm/mixin/injection/callback/CallbackInfoReturnable;)V doesn't use it's CallbackInfoReturnable
[10Jun2026 22:36:52.130] [main/DEBUG] [mixin/]: carryon.mixins.json:EntityMixin from mod carryon->@Inject::onDismountPassenger(Lnet/minecraft/world/entity/LivingEntity;Lorg/spongepowered/asm/mixin/injection/callback/CallbackInfoReturnable;)V has 0 override(s) in child classes
[10Jun2026 22:36:52.130] [main/DEBUG] [mixin/]: carryon.mixins.json:EntityMixin from mod carryon->@Inject::onDismountPassenger(Lnet/minecraft/world/entity/LivingEntity;Lorg/spongepowered/asm/mixin/injection/callback/CallbackInfoReturnable;)V won't be passed a CallbackInfoReturnable as a result
[10Jun2026 22:36:52.130] [main/DEBUG] [mixin/]: carryon.mixins.json:EntityMixin from mod carryon->@Inject::onPassengerTurned(Lnet/minecraft/world/entity/Entity;Lorg/spongepowered/asm/mixin/injection/callback/CallbackInfo;)V doesn't use it's CallbackInfo
[10Jun2026 22:36:52.130] [main/DEBUG] [mixin/]: carryon.mixins.json:EntityMixin from mod carryon->@Inject::onPassengerTurned(Lnet/minecraft/world/entity/Entity;Lorg/spongepowered/asm/mixin/injection/callback/CallbackInfo;)V has 0 override(s) in child classes
[10Jun2026 22:36:52.130] [main/DEBUG] [mixin/]: carryon.mixins.json:EntityMixin from mod carryon->@Inject::onPassengerTurned(Lnet/minecraft/world/entity/Entity;Lorg/spongepowered/asm/mixin/injection/callback/CallbackInfo;)V won't be passed a CallbackInfo as a result
[10Jun2026 22:36:52.130] [main/DEBUG] [mixin/]: refurbished_furniture.common.mixins.json:EntityMixin from mod refurbished_furniture->@Inject::refurbishedFurnitureJumpFactor(Lorg/spongepowered/asm/mixin/injection/callback/CallbackInfoReturnable;)V does use it's CallbackInfoReturnable
[10Jun2026 22:36:52.131] [main/DEBUG] [mixin/]: refurbished_furniture.common.mixins.json:EntityMixin from mod refurbished_furniture->@Inject::refurbishedFurnitureTrampolinePhysics(Lnet/minecraft/world/entity/MoverType;Lnet/minecraft/world/phys/Vec3;Lorg/spongepowered/asm/mixin/injection/callback/CallbackInfo;)V doesn't use it's CallbackInfo
[10Jun2026 22:36:52.131] [main/DEBUG] [mixin/]: refurbished_furniture.common.mixins.json:EntityMixin from mod refurbished_furniture->@Inject::refurbishedFurnitureTrampolinePhysics(Lnet/minecraft/world/entity/MoverType;Lnet/minecraft/world/phys/Vec3;Lorg/spongepowered/asm/mixin/injection/callback/CallbackInfo;)V has 0 override(s) in child classes
[10Jun2026 22:36:52.131] [main/DEBUG] [mixin/]: refurbished_furniture.common.mixins.json:EntityMixin from mod refurbished_furniture->@Inject::refurbishedFurnitureTrampolinePhysics(Lnet/minecraft/world/entity/MoverType;Lnet/minecraft/world/phys/Vec3;Lorg/spongepowered/asm/mixin/injection/callback/CallbackInfo;)V won't be passed a CallbackInfo as a result
[10Jun2026 22:36:52.209] [main/DEBUG] [mixin/]: Mixing common.LivingEntityMixin from geckolib.mixins.json into net.minecraft.world.entity.LivingEntity
[10Jun2026 22:36:52.210] [main/DEBUG] [mixin/]: geckolib.mixins.json:common.LivingEntityMixin from mod geckolib: Class version 65 required is higher than the class version supported by the current version of Mixin (JAVA_17 supports class version 61)
[10Jun2026 22:36:52.213] [main/DEBUG] [mixin/]: Mixing LivingEntityMixin from balm.mixins.json into net.minecraft.world.entity.LivingEntity
[10Jun2026 22:36:52.213] [main/DEBUG] [mixin/]: balm.mixins.json:LivingEntityMixin from mod balm: Class version 65 required is higher than the class version supported by the current version of Mixin (JAVA_17 supports class version 61)
[10Jun2026 22:36:52.213] [main/DEBUG] [mixin/]: Mixing LivingEntityFallFlyingMixin from aerialhell.mixins.json into net.minecraft.world.entity.LivingEntity
[10Jun2026 22:36:52.229] [main/DEBUG] [mixin/]: Mixing LivingEntityGravityMixin from aerialhell.mixins.json into net.minecraft.world.entity.LivingEntity
[10Jun2026 22:36:52.231] [main/DEBUG] [mixin/]: Mixing LivingEntityMixin from refurbished_furniture.common.mixins.json into net.minecraft.world.entity.LivingEntity
[10Jun2026 22:36:52.249] [main/DEBUG] [mixin/]: aerialhell.mixins.json:LivingEntityFallFlyingMixin from mod aerialhell->@Inject::onTravelInAir(Lnet/minecraft/world/phys/Vec3;Lorg/spongepowered/asm/mixin/injection/callback/CallbackInfo;)V doesn't use it's CallbackInfo
[10Jun2026 22:36:52.250] [main/DEBUG] [mixin/]: aerialhell.mixins.json:LivingEntityFallFlyingMixin from mod aerialhell->@Inject::onTravelInAir(Lnet/minecraft/world/phys/Vec3;Lorg/spongepowered/asm/mixin/injection/callback/CallbackInfo;)V has 0 override(s) in child classes
[10Jun2026 22:36:52.250] [main/DEBUG] [mixin/]: aerialhell.mixins.json:LivingEntityFallFlyingMixin from mod aerialhell->@Inject::onTravelInAir(Lnet/minecraft/world/phys/Vec3;Lorg/spongepowered/asm/mixin/injection/callback/CallbackInfo;)V won't be passed a CallbackInfo as a result
[10Jun2026 22:36:52.250] [main/DEBUG] [mixin/]: aerialhell.mixins.json:LivingEntityGravityMixin from mod aerialhell->@Inject::onGetEffectiveGravity(Lorg/spongepowered/asm/mixin/injection/callback/CallbackInfoReturnable;)V does use it's CallbackInfoReturnable
[10Jun2026 22:36:52.250] [main/DEBUG] [mixin/]: refurbished_furniture.common.mixins.json:LivingEntityMixin from mod refurbished_furniture->@Inject::refurbishedFurnitureOnJump(Lorg/spongepowered/asm/mixin/injection/callback/CallbackInfo;)V doesn't use it's CallbackInfo
[10Jun2026 22:36:52.250] [main/DEBUG] [mixin/]: refurbished_furniture.common.mixins.json:LivingEntityMixin from mod refurbished_furniture->@Inject::refurbishedFurnitureOnJump(Lorg/spongepowered/asm/mixin/injection/callback/CallbackInfo;)V has 0 override(s) in child classes
[10Jun2026 22:36:52.250] [main/DEBUG] [mixin/]: refurbished_furniture.common.mixins.json:LivingEntityMixin from mod refurbished_furniture->@Inject::refurbishedFurnitureOnJump(Lorg/spongepowered/asm/mixin/injection/callback/CallbackInfo;)V won't be passed a CallbackInfo as a result
[10Jun2026 22:36:52.311] [main/DEBUG] [mixin/]: Mixing WMPlayerMixin from weaponmaster_ydm.mixins.json into net.minecraft.world.entity.player.Player
[10Jun2026 22:36:52.311] [main/DEBUG] [mixin/]: weaponmaster_ydm.mixins.json:WMPlayerMixin from mod weaponmaster_ydm: Class version 65 required is higher than the class version supported by the current version of Mixin (JAVA_17 supports class version 61)
[10Jun2026 22:36:52.313] [main/DEBUG] [mixin/]: Mixing AccessorPlayer from comforts.mixins.json into net.minecraft.world.entity.player.Player
[10Jun2026 22:36:52.313] [main/DEBUG] [mixin/]: comforts.mixins.json:AccessorPlayer from mod comforts: Class version 65 required is higher than the class version supported by the current version of Mixin (JAVA_17 supports class version 61)
[10Jun2026 22:36:52.314] [main/DEBUG] [mixin/]: Mixing PlayerMixin from carryon.mixins.json into net.minecraft.world.entity.player.Player
[10Jun2026 22:36:52.314] [main/DEBUG] [mixin/]: Renaming synthetic method lambda$onReadAdditionalSaveData$0(Ltschipp/carryon/common/carry/CarryOnData;)V to mdc81b13$carryon$lambda$onReadAdditionalSaveData$0$0 in carryon.mixins.json:PlayerMixin from mod carryon
[10Jun2026 22:36:52.325] [main/DEBUG] [mixin/]: weaponmaster_ydm.mixins.json:WMPlayerMixin from mod weaponmaster_ydm->@Inject::tick(Lorg/spongepowered/asm/mixin/injection/callback/CallbackInfo;)V doesn't use it's CallbackInfo
[10Jun2026 22:36:52.325] [main/DEBUG] [mixin/]: weaponmaster_ydm.mixins.json:WMPlayerMixin from mod weaponmaster_ydm->@Inject::tick(Lorg/spongepowered/asm/mixin/injection/callback/CallbackInfo;)V has 0 override(s) in child classes
[10Jun2026 22:36:52.325] [main/DEBUG] [mixin/]: weaponmaster_ydm.mixins.json:WMPlayerMixin from mod weaponmaster_ydm->@Inject::tick(Lorg/spongepowered/asm/mixin/injection/callback/CallbackInfo;)V won't be passed a CallbackInfo as a result
[10Jun2026 22:36:52.325] [main/DEBUG] [mixin/]: carryon.mixins.json:PlayerMixin from mod carryon->@Inject::onReadAdditionalSaveData(Lnet/minecraft/world/level/storage/ValueInput;Lorg/spongepowered/asm/mixin/injection/callback/CallbackInfo;)V doesn't use it's CallbackInfo
[10Jun2026 22:36:52.326] [main/DEBUG] [mixin/]: carryon.mixins.json:PlayerMixin from mod carryon->@Inject::onReadAdditionalSaveData(Lnet/minecraft/world/level/storage/ValueInput;Lorg/spongepowered/asm/mixin/injection/callback/CallbackInfo;)V has 0 override(s) in child classes
[10Jun2026 22:36:52.326] [main/DEBUG] [mixin/]: carryon.mixins.json:PlayerMixin from mod carryon->@Inject::onReadAdditionalSaveData(Lnet/minecraft/world/level/storage/ValueInput;Lorg/spongepowered/asm/mixin/injection/callback/CallbackInfo;)V won't be passed a CallbackInfo as a result
[10Jun2026 22:36:52.353] [main/DEBUG] [mixin/]: Mixing LevelMixin from refurbished_furniture.common.mixins.json into net.minecraft.world.level.Level
[10Jun2026 22:36:52.365] [main/DEBUG] [mixin/]: refurbished_furniture.common.mixins.json:LevelMixin from mod refurbished_furniture->@Inject::refurbishedFurniture$TickBlockEntitiesHead(Lorg/spongepowered/asm/mixin/injection/callback/CallbackInfo;)V doesn't use it's CallbackInfo
[10Jun2026 22:36:52.365] [main/DEBUG] [mixin/]: refurbished_furniture.common.mixins.json:LevelMixin from mod refurbished_furniture->@Inject::refurbishedFurniture$TickBlockEntitiesHead(Lorg/spongepowered/asm/mixin/injection/callback/CallbackInfo;)V has 0 override(s) in child classes
[10Jun2026 22:36:52.365] [main/DEBUG] [mixin/]: refurbished_furniture.common.mixins.json:LevelMixin from mod refurbished_furniture->@Inject::refurbishedFurniture$TickBlockEntitiesHead(Lorg/spongepowered/asm/mixin/injection/callback/CallbackInfo;)V won't be passed a CallbackInfo as a result
[10Jun2026 22:36:52.375] [main/DEBUG] [mixin/]: Mixing MixinServerSleepStatus from comforts.mixins.json into net.minecraft.server.level.ServerLevel
[10Jun2026 22:36:52.375] [main/DEBUG] [mixin/]: comforts.mixins.json:MixinServerSleepStatus from mod comforts: Class version 65 required is higher than the class version supported by the current version of Mixin (JAVA_17 supports class version 61)
[10Jun2026 22:36:52.377] [main/DEBUG] [mixin/]: Mixing MixinServerLevel from glitchcore.mixins.json into net.minecraft.server.level.ServerLevel
[10Jun2026 22:36:52.377] [main/DEBUG] [mixin/]: glitchcore.mixins.json:MixinServerLevel from mod glitchcore: Class version 65 required is higher than the class version supported by the current version of Mixin (JAVA_17 supports class version 61)
[10Jun2026 22:36:52.379] [main/DEBUG] [mixin/]: Mixing ServerLevelMixin from refurbished_furniture.common.mixins.json into net.minecraft.server.level.ServerLevel
[10Jun2026 22:36:52.380] [main/DEBUG] [mixin/]: Mixing ExplosionPacketMixin from explosiveenhancement.neoforge.mixins.json into net.minecraft.server.level.ServerLevel
[10Jun2026 22:36:52.390] [main/DEBUG] [mixin/]: comforts.mixins.json:MixinServerSleepStatus from mod comforts->@Inject::comforts$onInit(Lorg/spongepowered/asm/mixin/injection/callback/CallbackInfo;)V doesn't use it's CallbackInfo
[10Jun2026 22:36:52.390] [main/DEBUG] [mixin/]: comforts.mixins.json:MixinServerSleepStatus from mod comforts->@Inject::comforts$onInit(Lorg/spongepowered/asm/mixin/injection/callback/CallbackInfo;)V has 0 override(s) in child classes
[10Jun2026 22:36:52.391] [main/DEBUG] [mixin/]: comforts.mixins.json:MixinServerSleepStatus from mod comforts->@Inject::comforts$onInit(Lorg/spongepowered/asm/mixin/injection/callback/CallbackInfo;)V won't be passed a CallbackInfo as a result
[10Jun2026 22:36:52.391] [main/DEBUG] [mixin/]: comforts.mixins.json:MixinServerSleepStatus from mod comforts->@Inject::comforts$onAnnounceSleepStatus(Lorg/spongepowered/asm/mixin/injection/callback/CallbackInfo;)V does use it's CallbackInfo
[10Jun2026 22:36:52.391] [main/DEBUG] [mixin/]: glitchcore.mixins.json:MixinServerLevel from mod glitchcore->@Inject::onAddPlayer(Lnet/minecraft/server/level/ServerPlayer;Lorg/spongepowered/asm/mixin/injection/callback/CallbackInfo;)V doesn't use it's CallbackInfo
[10Jun2026 22:36:52.391] [main/DEBUG] [mixin/]: glitchcore.mixins.json:MixinServerLevel from mod glitchcore->@Inject::onAddPlayer(Lnet/minecraft/server/level/ServerPlayer;Lorg/spongepowered/asm/mixin/injection/callback/CallbackInfo;)V has 0 override(s) in child classes
[10Jun2026 22:36:52.391] [main/DEBUG] [mixin/]: glitchcore.mixins.json:MixinServerLevel from mod glitchcore->@Inject::onAddPlayer(Lnet/minecraft/server/level/ServerPlayer;Lorg/spongepowered/asm/mixin/injection/callback/CallbackInfo;)V won't be passed a CallbackInfo as a result
[10Jun2026 22:36:52.391] [main/DEBUG] [mixin/]: ArgsClassGenerator assigning org.spongepowered.asm.synthetic.args.Args$1 for descriptor (Lnet/minecraft/world/phys/Vec3;FILjava/util/Optional;Lnet/minecraft/core/particles/ParticleOptions;Lnet/minecraft/core/Holder;Lnet/minecraft/util/random/WeightedList;)V
[10Jun2026 22:36:52.446] [main/DEBUG] [mixin/]: Mixing GameDataMixin from supermartijn642corelib.mixins.json into net.neoforged.neoforge.registries.GameData
[10Jun2026 22:36:52.446] [main/DEBUG] [mixin/]: supermartijn642corelib.mixins.json:GameDataMixin from mod supermartijn642corelib: Class version 65 required is higher than the class version supported by the current version of Mixin (JAVA_17 supports class version 61)
[10Jun2026 22:36:52.458] [main/DEBUG] [mixin/]: supermartijn642corelib.mixins.json:GameDataMixin from mod supermartijn642corelib->@Inject::postRegisterEvents(Lorg/spongepowered/asm/mixin/injection/callback/CallbackInfo;)V doesn't use it's CallbackInfo
[10Jun2026 22:36:52.810] [main/DEBUG] [mixin/]: Mixing SaplingGrowthSpeedup from cropsloverain.mixins.json into net.minecraft.world.level.block.SaplingBlock
[10Jun2026 22:36:52.816] [main/DEBUG] [mixin/]: cropsloverain.mixins.json:SaplingGrowthSpeedup from mod cropsloverain: Class version 65 required is higher than the class version supported by the current version of Mixin (JAVA_17 supports class version 61)
[10Jun2026 22:36:52.839] [main/DEBUG] [mixin/]: cropsloverain.mixins.json:SaplingGrowthSpeedup from mod cropsloverain->@Inject::crops_love_rain$randomTick(Lnet/minecraft/world/level/block/state/BlockState;Lnet/minecraft/server/level/ServerLevel;Lnet/minecraft/core/BlockPos;Lnet/minecraft/util/RandomSource;Lorg/spongepowered/asm/mixin/injection/callback/CallbackInfo;)V does use it's CallbackInfo
[10Jun2026 22:36:52.850] [main/DEBUG] [mixin/]: Mixing client.FlowerPotBlockInvoker from journeymap.mixins.json into net.minecraft.world.level.block.FlowerPotBlock
[10Jun2026 22:36:52.850] [main/DEBUG] [mixin/]: journeymap.mixins.json:client.FlowerPotBlockInvoker from mod journeymap: Class version 65 required is higher than the class version supported by the current version of Mixin (JAVA_17 supports class version 61)
[10Jun2026 22:36:52.891] [main/DEBUG] [mixin/]: Mixing CampfireParticleMixin from sootychimneys.mixins.json into net.minecraft.world.level.block.CampfireBlock
[10Jun2026 22:36:52.897] [main/DEBUG] [mixin/]: sootychimneys.mixins.json:CampfireParticleMixin from mod sootychimneys->@Inject::onMakeParticles(Lnet/minecraft/world/level/Level;Lnet/minecraft/core/BlockPos;ZZLorg/spongepowered/asm/mixin/injection/callback/CallbackInfo;)V does use it's CallbackInfo
[10Jun2026 22:36:52.933] [main/DEBUG] [mixin/]: Mixing StemBlockGrowthSpeedup from cropsloverain.mixins.json into net.minecraft.world.level.block.StemBlock
[10Jun2026 22:36:52.934] [main/DEBUG] [mixin/]: cropsloverain.mixins.json:StemBlockGrowthSpeedup from mod cropsloverain: Class version 65 required is higher than the class version supported by the current version of Mixin (JAVA_17 supports class version 61)
[10Jun2026 22:36:52.964] [main/DEBUG] [mixin/]: Mixing StemBlockMixin from balm.mixins.json into net.minecraft.world.level.block.StemBlock
[10Jun2026 22:36:52.964] [main/DEBUG] [mixin/]: balm.mixins.json:StemBlockMixin from mod balm: Class version 65 required is higher than the class version supported by the current version of Mixin (JAVA_17 supports class version 61)
[10Jun2026 22:36:52.970] [main/DEBUG] [mixin/]: cropsloverain.mixins.json:StemBlockGrowthSpeedup from mod cropsloverain->@Inject::crops_love_rain$randomTick(Lnet/minecraft/world/level/block/state/BlockState;Lnet/minecraft/server/level/ServerLevel;Lnet/minecraft/core/BlockPos;Lnet/minecraft/util/RandomSource;Lorg/spongepowered/asm/mixin/injection/callback/CallbackInfo;)V doesn't use it's CallbackInfo
[10Jun2026 22:36:52.970] [main/DEBUG] [mixin/]: cropsloverain.mixins.json:StemBlockGrowthSpeedup from mod cropsloverain->@Inject::crops_love_rain$randomTick(Lnet/minecraft/world/level/block/state/BlockState;Lnet/minecraft/server/level/ServerLevel;Lnet/minecraft/core/BlockPos;Lnet/minecraft/util/RandomSource;Lorg/spongepowered/asm/mixin/injection/callback/CallbackInfo;)V has 0 override(s) in child classes
[10Jun2026 22:36:52.970] [main/DEBUG] [mixin/]: cropsloverain.mixins.json:StemBlockGrowthSpeedup from mod cropsloverain->@Inject::crops_love_rain$randomTick(Lnet/minecraft/world/level/block/state/BlockState;Lnet/minecraft/server/level/ServerLevel;Lnet/minecraft/core/BlockPos;Lnet/minecraft/util/RandomSource;Lorg/spongepowered/asm/mixin/injection/callback/CallbackInfo;)V won't be passed a CallbackInfo as a result
[10Jun2026 22:36:52.970] [main/DEBUG] [mixin/]: balm.mixins.json:StemBlockMixin from mod balm->@Inject::mayPlaceOn(Lnet/minecraft/world/level/block/state/BlockState;Lnet/minecraft/world/level/BlockGetter;Lnet/minecraft/core/BlockPos;Lorg/spongepowered/asm/mixin/injection/callback/CallbackInfoReturnable;)V does use it's CallbackInfoReturnable
[10Jun2026 22:36:53.130] [main/DEBUG] [mixin/]: Mixing BlockEntityMixin from refurbished_furniture.common.mixins.json into net.minecraft.world.level.block.entity.BlockEntity
[10Jun2026 22:36:53.130] [main/DEBUG] [mixin/]: Mixing BlockEntityMixin from collective_neoforge.mixins.json into net.minecraft.world.level.block.entity.BlockEntity
[10Jun2026 22:36:53.137] [main/DEBUG] [mixin/]: refurbished_furniture.common.mixins.json:BlockEntityMixin from mod refurbished_furniture->@Inject::refurbishedFurniture$SetLevelTail(Lnet/minecraft/world/level/Level;Lorg/spongepowered/asm/mixin/injection/callback/CallbackInfo;)V doesn't use it's CallbackInfo
[10Jun2026 22:36:53.137] [main/DEBUG] [mixin/]: refurbished_furniture.common.mixins.json:BlockEntityMixin from mod refurbished_furniture->@Inject::refurbishedFurniture$SetLevelTail(Lnet/minecraft/world/level/Level;Lorg/spongepowered/asm/mixin/injection/callback/CallbackInfo;)V has 0 override(s) in child classes
[10Jun2026 22:36:53.137] [main/DEBUG] [mixin/]: refurbished_furniture.common.mixins.json:BlockEntityMixin from mod refurbished_furniture->@Inject::refurbishedFurniture$SetLevelTail(Lnet/minecraft/world/level/Level;Lorg/spongepowered/asm/mixin/injection/callback/CallbackInfo;)V won't be passed a CallbackInfo as a result
[10Jun2026 22:36:53.137] [main/DEBUG] [mixin/]: collective_neoforge.mixins.json:BlockEntityMixin from mod collective->@Inject::setLevel(Lnet/minecraft/world/level/Level;Lorg/spongepowered/asm/mixin/injection/callback/CallbackInfo;)V doesn't use it's CallbackInfo
[10Jun2026 22:36:53.137] [main/DEBUG] [mixin/]: collective_neoforge.mixins.json:BlockEntityMixin from mod collective->@Inject::setLevel(Lnet/minecraft/world/level/Level;Lorg/spongepowered/asm/mixin/injection/callback/CallbackInfo;)V has 0 override(s) in child classes
[10Jun2026 22:36:53.137] [main/DEBUG] [mixin/]: collective_neoforge.mixins.json:BlockEntityMixin from mod collective->@Inject::setLevel(Lnet/minecraft/world/level/Level;Lorg/spongepowered/asm/mixin/injection/callback/CallbackInfo;)V won't be passed a CallbackInfo as a result
[10Jun2026 22:36:53.137] [main/DEBUG] [mixin/]: collective_neoforge.mixins.json:BlockEntityMixin from mod collective->@Inject::setRemoved(Lorg/spongepowered/asm/mixin/injection/callback/CallbackInfo;)V doesn't use it's CallbackInfo
[10Jun2026 22:36:53.137] [main/DEBUG] [mixin/]: collective_neoforge.mixins.json:BlockEntityMixin from mod collective->@Inject::setRemoved(Lorg/spongepowered/asm/mixin/injection/callback/CallbackInfo;)V has 0 override(s) in child classes
[10Jun2026 22:36:53.137] [main/DEBUG] [mixin/]: collective_neoforge.mixins.json:BlockEntityMixin from mod collective->@Inject::setRemoved(Lorg/spongepowered/asm/mixin/injection/callback/CallbackInfo;)V won't be passed a CallbackInfo as a result
[10Jun2026 22:36:53.227] [main/DEBUG] [mixin/]: Mixing RandomizableContainerBlockEntityMixin from balm.mixins.json into net.minecraft.world.level.block.entity.RandomizableContainerBlockEntity
[10Jun2026 22:36:53.228] [main/DEBUG] [mixin/]: balm.mixins.json:RandomizableContainerBlockEntityMixin from mod balm: Class version 65 required is higher than the class version supported by the current version of Mixin (JAVA_17 supports class version 61)
[10Jun2026 22:36:53.233] [main/DEBUG] [mixin/]: Mixing RandomizableContainerMixin from balm.neoforge.mixins.json into net.minecraft.world.RandomizableContainer
[10Jun2026 22:36:53.234] [main/DEBUG] [mixin/]: balm.neoforge.mixins.json:RandomizableContainerMixin from mod balm->@Inject::unpackLootTable(Lnet/minecraft/world/entity/player/Player;Lorg/spongepowered/asm/mixin/injection/callback/CallbackInfo;)V doesn't use it's CallbackInfo
[10Jun2026 22:36:53.234] [main/DEBUG] [mixin/]: balm.neoforge.mixins.json:RandomizableContainerMixin from mod balm->@Inject::unpackLootTable(Lnet/minecraft/world/entity/player/Player;Lorg/spongepowered/asm/mixin/injection/callback/CallbackInfo;)V has 0 override(s) in child classes
[10Jun2026 22:36:53.234] [main/DEBUG] [mixin/]: balm.neoforge.mixins.json:RandomizableContainerMixin from mod balm->@Inject::unpackLootTable(Lnet/minecraft/world/entity/player/Player;Lorg/spongepowered/asm/mixin/injection/callback/CallbackInfo;)V won't be passed a CallbackInfo as a result
[10Jun2026 22:36:53.604] [main/DEBUG] [mixin/]: Mixing BlockEntityTypeAccessor from neoforge.mixins.json into net.minecraft.world.level.block.entity.BlockEntityType
[10Jun2026 22:36:53.669] [main/DEBUG] [mixin/]: Mixing common.AbstractContainerMenuMixin from geckolib.mixins.json into net.minecraft.world.inventory.AbstractContainerMenu
[10Jun2026 22:36:53.669] [main/DEBUG] [mixin/]: geckolib.mixins.json:common.AbstractContainerMenuMixin from mod geckolib: Class version 65 required is higher than the class version supported by the current version of Mixin (JAVA_17 supports class version 61)
[10Jun2026 22:36:53.676] [main/DEBUG] [mixin/]: Mixing CropGrowthSpeedup from cropsloverain.mixins.json into net.minecraft.world.level.block.CropBlock
[10Jun2026 22:36:53.677] [main/DEBUG] [mixin/]: cropsloverain.mixins.json:CropGrowthSpeedup from mod cropsloverain: Class version 65 required is higher than the class version supported by the current version of Mixin (JAVA_17 supports class version 61)
[10Jun2026 22:36:53.677] [main/DEBUG] [mixin/]: Mixing CropBlockMixin from balm.mixins.json into net.minecraft.world.level.block.CropBlock
[10Jun2026 22:36:53.677] [main/DEBUG] [mixin/]: balm.mixins.json:CropBlockMixin from mod balm: Class version 65 required is higher than the class version supported by the current version of Mixin (JAVA_17 supports class version 61)
[10Jun2026 22:36:53.678] [main/DEBUG] [mixin/]: cropsloverain.mixins.json:CropGrowthSpeedup from mod cropsloverain->@Inject::crops_love_rain$randomTick(Lnet/minecraft/world/level/block/state/BlockState;Lnet/minecraft/server/level/ServerLevel;Lnet/minecraft/core/BlockPos;Lnet/minecraft/util/RandomSource;Lorg/spongepowered/asm/mixin/injection/callback/CallbackInfo;)V does use it's CallbackInfo
[10Jun2026 22:36:53.678] [main/DEBUG] [mixin/]: balm.mixins.json:CropBlockMixin from mod balm->@Inject::mayPlaceOn(Lnet/minecraft/world/level/block/state/BlockState;Lnet/minecraft/world/level/BlockGetter;Lnet/minecraft/core/BlockPos;Lorg/spongepowered/asm/mixin/injection/callback/CallbackInfoReturnable;)V does use it's CallbackInfoReturnable
[10Jun2026 22:36:53.759] [main/DEBUG] [mixin/]: Mixing SugarCaneGrowthSpeedup from cropsloverain.mixins.json into net.minecraft.world.level.block.SugarCaneBlock
[10Jun2026 22:36:53.759] [main/DEBUG] [mixin/]: cropsloverain.mixins.json:SugarCaneGrowthSpeedup from mod cropsloverain: Class version 65 required is higher than the class version supported by the current version of Mixin (JAVA_17 supports class version 61)
[10Jun2026 22:36:53.761] [main/DEBUG] [mixin/]: cropsloverain.mixins.json:SugarCaneGrowthSpeedup from mod cropsloverain->@Inject::crops_love_rain$sugarCaneExtraTick(Lnet/minecraft/world/level/block/state/BlockState;Lnet/minecraft/server/level/ServerLevel;Lnet/minecraft/core/BlockPos;Lnet/minecraft/util/RandomSource;Lorg/spongepowered/asm/mixin/injection/callback/CallbackInfo;)V does use it's CallbackInfo
[10Jun2026 22:36:53.909] [main/DEBUG] [mixin/]: Mixing common.ItemStackMixin from geckolib.mixins.json into net.minecraft.world.item.ItemStack
[10Jun2026 22:36:53.910] [main/DEBUG] [mixin/]: geckolib.mixins.json:common.ItemStackMixin from mod geckolib: Class version 65 required is higher than the class version supported by the current version of Mixin (JAVA_17 supports class version 61)
[10Jun2026 22:36:53.910] [main/DEBUG] [mixin/]: Mixing MixinItemStack from glitchcore.mixins.json into net.minecraft.world.item.ItemStack
[10Jun2026 22:36:53.911] [main/DEBUG] [mixin/]: glitchcore.mixins.json:MixinItemStack from mod glitchcore: Class version 65 required is higher than the class version supported by the current version of Mixin (JAVA_17 supports class version 61)
[10Jun2026 22:36:53.916] [main/DEBUG] [mixin/]: glitchcore.mixins.json:MixinItemStack from mod glitchcore->@Inject::onUse(Lnet/minecraft/world/level/Level;Lnet/minecraft/world/entity/player/Player;Lnet/minecraft/world/InteractionHand;Lorg/spongepowered/asm/mixin/injection/callback/CallbackInfoReturnable;)V does use it's CallbackInfoReturnable
[10Jun2026 22:36:53.916] [main/DEBUG] [mixin/]: glitchcore.mixins.json:MixinItemStack from mod glitchcore->@Inject::onFinishUsingItemBegin(Lnet/minecraft/world/level/Level;Lnet/minecraft/world/entity/LivingEntity;Lorg/spongepowered/asm/mixin/injection/callback/CallbackInfoReturnable;)V doesn't use it's CallbackInfoReturnable
[10Jun2026 22:36:53.916] [main/DEBUG] [mixin/]: glitchcore.mixins.json:MixinItemStack from mod glitchcore->@Inject::onFinishUsingItem(Lnet/minecraft/world/level/Level;Lnet/minecraft/world/entity/LivingEntity;Lorg/spongepowered/asm/mixin/injection/callback/CallbackInfoReturnable;)V does use it's CallbackInfoReturnable
[10Jun2026 22:36:53.925] [main/DEBUG] [mixin/]: Mixing common.BiomeAccessor from lithostitched.mixins.json into net.minecraft.world.level.biome.Biome
[10Jun2026 22:36:53.925] [main/DEBUG] [mixin/]: lithostitched.mixins.json:common.BiomeAccessor from mod lithostitched: Class version 65 required is higher than the class version supported by the current version of Mixin (JAVA_17 supports class version 61)
[10Jun2026 22:36:53.926] [main/DEBUG] [mixin/]: Mixing common.BiomeAccessor2 from lithostitched.26.1.mixins.json into net.minecraft.world.level.biome.Biome
[10Jun2026 22:36:53.926] [main/DEBUG] [mixin/]: lithostitched.26.1.mixins.json:common.BiomeAccessor2 from mod lithostitched: Class version 65 required is higher than the class version supported by the current version of Mixin (JAVA_17 supports class version 61)
[10Jun2026 22:36:53.938] [main/DEBUG] [mixin/]: Mixing CocoaGrowthSpeedup from cropsloverain.mixins.json into net.minecraft.world.level.block.CocoaBlock
[10Jun2026 22:36:53.939] [main/DEBUG] [mixin/]: cropsloverain.mixins.json:CocoaGrowthSpeedup from mod cropsloverain: Class version 65 required is higher than the class version supported by the current version of Mixin (JAVA_17 supports class version 61)
[10Jun2026 22:36:53.940] [main/DEBUG] [mixin/]: cropsloverain.mixins.json:CocoaGrowthSpeedup from mod cropsloverain->@Inject::crops_love_rain$randomTick(Lnet/minecraft/world/level/block/state/BlockState;Lnet/minecraft/server/level/ServerLevel;Lnet/minecraft/core/BlockPos;Lnet/minecraft/util/RandomSource;Lorg/spongepowered/asm/mixin/injection/callback/CallbackInfo;)V does use it's CallbackInfo
[10Jun2026 22:36:54.027] [main/DEBUG] [mixin/]: Mixing AnvilMenuMixin from ante.mixins.json into net.minecraft.world.inventory.AnvilMenu
[10Jun2026 22:36:54.028] [main/DEBUG] [mixin/]: ante.mixins.json:AnvilMenuMixin from mod ante: Class version 65 required is higher than the class version supported by the current version of Mixin (JAVA_18 supports class version 62)
[10Jun2026 22:36:54.050] [main/DEBUG] [mixin/]: Mixing reinforced.HopperBlockEntityMixin from securitycraft.mixins.json into net.minecraft.world.level.block.entity.HopperBlockEntity
[10Jun2026 22:36:54.250] [main/DEBUG] [mixin/]: Mixing bamboo.SaplingGrowthSpeedup from cropsloverain.mixins.json into net.minecraft.world.level.block.BambooSaplingBlock
[10Jun2026 22:36:54.251] [main/DEBUG] [mixin/]: cropsloverain.mixins.json:bamboo.SaplingGrowthSpeedup from mod cropsloverain: Class version 65 required is higher than the class version supported by the current version of Mixin (JAVA_17 supports class version 61)
[10Jun2026 22:36:54.252] [main/DEBUG] [mixin/]: cropsloverain.mixins.json:bamboo.SaplingGrowthSpeedup from mod cropsloverain->@Inject::crops_love_rain$extraSaplingTick(Lnet/minecraft/world/level/block/state/BlockState;Lnet/minecraft/server/level/ServerLevel;Lnet/minecraft/core/BlockPos;Lnet/minecraft/util/RandomSource;Lorg/spongepowered/asm/mixin/injection/callback/CallbackInfo;)V does use it's CallbackInfo
[10Jun2026 22:36:54.254] [main/DEBUG] [mixin/]: Mixing bamboo.GrowthSpeedup from cropsloverain.mixins.json into net.minecraft.world.level.block.BambooStalkBlock
[10Jun2026 22:36:54.254] [main/DEBUG] [mixin/]: cropsloverain.mixins.json:bamboo.GrowthSpeedup from mod cropsloverain: Class version 65 required is higher than the class version supported by the current version of Mixin (JAVA_17 supports class version 61)
[10Jun2026 22:36:54.255] [main/DEBUG] [mixin/]: cropsloverain.mixins.json:bamboo.GrowthSpeedup from mod cropsloverain->@Inject::crops_love_rain$extraBlockTick(Lnet/minecraft/world/level/block/state/BlockState;Lnet/minecraft/server/level/ServerLevel;Lnet/minecraft/core/BlockPos;Lnet/minecraft/util/RandomSource;Lorg/spongepowered/asm/mixin/injection/callback/CallbackInfo;)V does use it's CallbackInfo
[10Jun2026 22:36:54.489] [main/DEBUG] [mixin/]: Mixing BerryBushGrowthSpeedup from cropsloverain.mixins.json into net.minecraft.world.level.block.SweetBerryBushBlock
[10Jun2026 22:36:54.489] [main/DEBUG] [mixin/]: cropsloverain.mixins.json:BerryBushGrowthSpeedup from mod cropsloverain: Class version 65 required is higher than the class version supported by the current version of Mixin (JAVA_17 supports class version 61)
[10Jun2026 22:36:54.490] [main/DEBUG] [mixin/]: cropsloverain.mixins.json:BerryBushGrowthSpeedup from mod cropsloverain->@Inject::crops_love_rain$randomTick(Lnet/minecraft/world/level/block/state/BlockState;Lnet/minecraft/server/level/ServerLevel;Lnet/minecraft/core/BlockPos;Lnet/minecraft/util/RandomSource;Lorg/spongepowered/asm/mixin/injection/callback/CallbackInfo;)V does use it's CallbackInfo
[10Jun2026 22:36:54.825] [main/DEBUG] [mixin/]: Mixing MixinServerPlayer from glitchcore.neoforge.mixins.json into net.minecraft.server.level.ServerPlayer
[10Jun2026 22:36:54.825] [main/DEBUG] [mixin/]: glitchcore.neoforge.mixins.json:MixinServerPlayer from mod glitchcore: Class version 65 required is higher than the class version supported by the current version of Mixin (JAVA_17 supports class version 61)
[10Jun2026 22:36:54.825] [main/DEBUG] [mixin/]: Mixing ServerPlayerTickMixin from aerialhell.mixins.json into net.minecraft.server.level.ServerPlayer
[10Jun2026 22:36:54.837] [main/DEBUG] [mixin/]: Mixing camera.ServerPlayerMixin from securitycraft.mixins.json into net.minecraft.server.level.ServerPlayer
[10Jun2026 22:36:54.843] [main/DEBUG] [mixin/]: glitchcore.neoforge.mixins.json:MixinServerPlayer from mod glitchcore->@Inject::onTeleport(Lnet/minecraft/world/level/portal/TeleportTransition;Lorg/spongepowered/asm/mixin/injection/callback/CallbackInfoReturnable;)V doesn't use it's CallbackInfoReturnable
[10Jun2026 22:36:54.843] [main/DEBUG] [mixin/]: glitchcore.neoforge.mixins.json:MixinServerPlayer from mod glitchcore->@Inject::onTeleport(Lnet/minecraft/world/level/portal/TeleportTransition;Lorg/spongepowered/asm/mixin/injection/callback/CallbackInfoReturnable;)V has 0 override(s) in child classes
[10Jun2026 22:36:54.844] [main/DEBUG] [mixin/]: glitchcore.neoforge.mixins.json:MixinServerPlayer from mod glitchcore->@Inject::onTeleport(Lnet/minecraft/world/level/portal/TeleportTransition;Lorg/spongepowered/asm/mixin/injection/callback/CallbackInfoReturnable;)V won't be passed a CallbackInfoReturnable as a result
[10Jun2026 22:36:54.844] [main/DEBUG] [mixin/]: aerialhell.mixins.json:ServerPlayerTickMixin from mod aerialhell->@Inject::onTick(Lorg/spongepowered/asm/mixin/injection/callback/CallbackInfo;)V doesn't use it's CallbackInfo
[10Jun2026 22:36:54.844] [main/DEBUG] [mixin/]: aerialhell.mixins.json:ServerPlayerTickMixin from mod aerialhell->@Inject::onTick(Lorg/spongepowered/asm/mixin/injection/callback/CallbackInfo;)V has 0 override(s) in child classes
[10Jun2026 22:36:54.844] [main/DEBUG] [mixin/]: aerialhell.mixins.json:ServerPlayerTickMixin from mod aerialhell->@Inject::onTick(Lorg/spongepowered/asm/mixin/injection/callback/CallbackInfo;)V won't be passed a CallbackInfo as a result
[10Jun2026 22:36:54.844] [main/DEBUG] [mixin/]: securitycraft.mixins.json:camera.ServerPlayerMixin from mod securitycraft->@Inject::securitycraft$broadcastPlayerViewingCamera(Lnet/minecraft/server/level/ServerPlayer;Lorg/spongepowered/asm/mixin/injection/callback/CallbackInfoReturnable;)V does use it's CallbackInfoReturnable
[10Jun2026 22:36:54.860] [main/DEBUG] [mixin/]: Mixing ItemMixin from iceberg.mixins.json into net.minecraft.world.item.Item
[10Jun2026 22:36:54.862] [main/DEBUG] [mixin/]: Mixing ItemMixin from supermartijn642corelib.mixins.json into net.minecraft.world.item.Item
[10Jun2026 22:36:54.862] [main/DEBUG] [mixin/]: supermartijn642corelib.mixins.json:ItemMixin from mod supermartijn642corelib: Class version 65 required is higher than the class version supported by the current version of Mixin (JAVA_17 supports class version 61)
[10Jun2026 22:36:54.868] [main/DEBUG] [mixin/]: iceberg.mixins.json:ItemMixin from mod iceberg->@Inject::icebergGetPlayerPOVHitResult(Lnet/minecraft/world/level/Level;Lnet/minecraft/world/entity/player/Player;Lnet/minecraft/world/level/ClipContext$Fluid;Lorg/spongepowered/asm/mixin/injection/callback/CallbackInfoReturnable;)V does use it's CallbackInfoReturnable
[10Jun2026 22:36:54.868] [main/DEBUG] [mixin/]: supermartijn642corelib.mixins.json:ItemMixin from mod supermartijn642corelib->@Inject::appendHoverText(Lnet/minecraft/world/item/ItemStack;Lnet/minecraft/world/item/Item$TooltipContext;Lnet/minecraft/world/item/component/TooltipDisplay;Ljava/util/function/Consumer;Lnet/minecraft/world/item/TooltipFlag;Lorg/spongepowered/asm/mixin/injection/callback/CallbackInfo;)V doesn't use it's CallbackInfo
[10Jun2026 22:36:54.868] [main/DEBUG] [mixin/]: supermartijn642corelib.mixins.json:ItemMixin from mod supermartijn642corelib->@Inject::appendHoverText(Lnet/minecraft/world/item/ItemStack;Lnet/minecraft/world/item/Item$TooltipContext;Lnet/minecraft/world/item/component/TooltipDisplay;Ljava/util/function/Consumer;Lnet/minecraft/world/item/TooltipFlag;Lorg/spongepowered/asm/mixin/injection/callback/CallbackInfo;)V has 0 override(s) in child classes
[10Jun2026 22:36:54.868] [main/DEBUG] [mixin/]: supermartijn642corelib.mixins.json:ItemMixin from mod supermartijn642corelib->@Inject::appendHoverText(Lnet/minecraft/world/item/ItemStack;Lnet/minecraft/world/item/Item$TooltipContext;Lnet/minecraft/world/item/component/TooltipDisplay;Ljava/util/function/Consumer;Lnet/minecraft/world/item/TooltipFlag;Lorg/spongepowered/asm/mixin/injection/callback/CallbackInfo;)V won't be passed a CallbackInfo as a result
[10Jun2026 22:36:55.958] [main/DEBUG] [mixin/]: Mixing datafix.ItemStackComponentizationFixMixin from securitycraft.mixins.json into net.minecraft.util.datafix.fixes.ItemStackComponentizationFix
[10Jun2026 22:36:55.962] [main/DEBUG] [mixin/]: securitycraft.mixins.json:datafix.ItemStackComponentizationFixMixin from mod securitycraft->@Inject::securitycraft$fixItemStacks(Lnet/minecraft/util/datafix/fixes/ItemStackComponentizationFix$ItemStackData;Lcom/mojang/serialization/Dynamic;Lorg/spongepowered/asm/mixin/injection/callback/CallbackInfo;)V doesn't use it's CallbackInfo
[10Jun2026 22:36:55.974] [main/DEBUG] [mixin/]: Mixing datafix.BoatSplitFixMixin from securitycraft.mixins.json into net.minecraft.util.datafix.fixes.BoatSplitFix
[10Jun2026 22:36:55.974] [main/DEBUG] [mixin/]: Renaming synthetic method lambda$securitycraft$mapSecuritySeaBoat$0(Ljava/lang/String;)Ljava/lang/String; to mdc81b13$securitycraft$lambda$securitycraft$mapSecuritySeaBoat$0$0 in securitycraft.mixins.json:datafix.BoatSplitFixMixin from mod securitycraft
[10Jun2026 22:36:55.976] [main/DEBUG] [mixin/]: securitycraft.mixins.json:datafix.BoatSplitFixMixin from mod securitycraft->@Inject::securitycraft$isSecuritySeaBoat(Ljava/lang/String;Lorg/spongepowered/asm/mixin/injection/callback/CallbackInfoReturnable;)V does use it's CallbackInfoReturnable
[10Jun2026 22:36:55.994] [main/DEBUG] [mixin/]: Mixing datafix.GameRuleRegistryFixMixin from securitycraft.mixins.json into net.minecraft.util.datafix.fixes.GameRuleRegistryFix
[10Jun2026 22:36:56.008] [main/DEBUG] [mixin/]: Mixing datafix.V99Mixin from securitycraft.mixins.json into net.minecraft.util.datafix.schemas.V99
[10Jun2026 22:36:56.013] [main/DEBUG] [mixin/]: securitycraft.mixins.json:datafix.V99Mixin from mod securitycraft->@Inject::securitycraft$captureSchema(Lcom/mojang/datafixers/schemas/Schema;Lorg/spongepowered/asm/mixin/injection/callback/CallbackInfoReturnable;)V doesn't use it's CallbackInfoReturnable
[10Jun2026 22:36:56.190] [main/DEBUG] [mixin/]: Mixing datafix.V1460Mixin from securitycraft.mixins.json into net.minecraft.util.datafix.schemas.V1460
[10Jun2026 22:36:56.192] [main/DEBUG] [mixin/]: securitycraft.mixins.json:datafix.V1460Mixin from mod securitycraft->@Inject::securitycraft$registerBlockEntities(Lcom/mojang/datafixers/schemas/Schema;Lorg/spongepowered/asm/mixin/injection/callback/CallbackInfoReturnable;)V doesn't use it's CallbackInfoReturnable
[10Jun2026 22:36:56.193] [main/DEBUG] [mixin/]: securitycraft.mixins.json:datafix.V1460Mixin from mod securitycraft->@Inject::securitycraft$registerBlockEntities(Lcom/mojang/datafixers/schemas/Schema;Lorg/spongepowered/asm/mixin/injection/callback/CallbackInfoReturnable;)V has 0 override(s) in child classes
[10Jun2026 22:36:56.193] [main/DEBUG] [mixin/]: securitycraft.mixins.json:datafix.V1460Mixin from mod securitycraft->@Inject::securitycraft$registerBlockEntities(Lcom/mojang/datafixers/schemas/Schema;Lorg/spongepowered/asm/mixin/injection/callback/CallbackInfoReturnable;)V won't be passed a CallbackInfoReturnable as a result
[10Jun2026 22:36:56.193] [main/DEBUG] [mixin/]: securitycraft.mixins.json:datafix.V1460Mixin from mod securitycraft->@Inject::securitycraft$registerEntities(Lcom/mojang/datafixers/schemas/Schema;Lorg/spongepowered/asm/mixin/injection/callback/CallbackInfoReturnable;)V doesn't use it's CallbackInfoReturnable
[10Jun2026 22:36:56.193] [main/DEBUG] [mixin/]: securitycraft.mixins.json:datafix.V1460Mixin from mod securitycraft->@Inject::securitycraft$registerEntities(Lcom/mojang/datafixers/schemas/Schema;Lorg/spongepowered/asm/mixin/injection/callback/CallbackInfoReturnable;)V has 0 override(s) in child classes
[10Jun2026 22:36:56.193] [main/DEBUG] [mixin/]: securitycraft.mixins.json:datafix.V1460Mixin from mod securitycraft->@Inject::securitycraft$registerEntities(Lcom/mojang/datafixers/schemas/Schema;Lorg/spongepowered/asm/mixin/injection/callback/CallbackInfoReturnable;)V won't be passed a CallbackInfoReturnable as a result
[10Jun2026 22:36:56.401] [main/DEBUG] [mixin/]: Mixing datafix.V3439Mixin from securitycraft.mixins.json into net.minecraft.util.datafix.schemas.V3439
[10Jun2026 22:36:56.401] [main/DEBUG] [mixin/]: Renaming synthetic method lambda$securitycraft$registerSigns$1(Lcom/mojang/datafixers/schemas/Schema;)Lcom/mojang/datafixers/types/templates/TypeTemplate; to mdc81b13$securitycraft$lambda$securitycraft$registerSigns$1$0 in securitycraft.mixins.json:datafix.V3439Mixin from mod securitycraft
[10Jun2026 22:36:56.401] [main/DEBUG] [mixin/]: Renaming synthetic method lambda$securitycraft$registerSigns$0(Lcom/mojang/datafixers/schemas/Schema;)Lcom/mojang/datafixers/types/templates/TypeTemplate; to mdc81b13$securitycraft$lambda$securitycraft$registerSigns$0$1 in securitycraft.mixins.json:datafix.V3439Mixin from mod securitycraft
[10Jun2026 22:36:56.403] [main/DEBUG] [mixin/]: securitycraft.mixins.json:datafix.V3439Mixin from mod securitycraft->@Inject::securitycraft$registerSigns(Lcom/mojang/datafixers/schemas/Schema;Lorg/spongepowered/asm/mixin/injection/callback/CallbackInfoReturnable;)V doesn't use it's CallbackInfoReturnable
[10Jun2026 22:36:56.403] [main/DEBUG] [mixin/]: securitycraft.mixins.json:datafix.V3439Mixin from mod securitycraft->@Inject::securitycraft$registerSigns(Lcom/mojang/datafixers/schemas/Schema;Lorg/spongepowered/asm/mixin/injection/callback/CallbackInfoReturnable;)V has 0 override(s) in child classes
[10Jun2026 22:36:56.403] [main/DEBUG] [mixin/]: securitycraft.mixins.json:datafix.V3439Mixin from mod securitycraft->@Inject::securitycraft$registerSigns(Lcom/mojang/datafixers/schemas/Schema;Lorg/spongepowered/asm/mixin/injection/callback/CallbackInfoReturnable;)V won't be passed a CallbackInfoReturnable as a result
[10Jun2026 22:36:56.459] [main/DEBUG] [mixin/]: Mixing datafix.V4067Mixin from securitycraft.mixins.json into net.minecraft.util.datafix.schemas.V4067
[10Jun2026 22:36:56.460] [main/DEBUG] [mixin/]: securitycraft.mixins.json:datafix.V4067Mixin from mod securitycraft->@Inject::securitycraft$unRegisterSecuritySeaBoatEntityTypes(Lcom/mojang/datafixers/schemas/Schema;Lorg/spongepowered/asm/mixin/injection/callback/CallbackInfoReturnable;)V doesn't use it's CallbackInfoReturnable
[10Jun2026 22:36:56.460] [main/DEBUG] [mixin/]: securitycraft.mixins.json:datafix.V4067Mixin from mod securitycraft->@Inject::securitycraft$unRegisterSecuritySeaBoatEntityTypes(Lcom/mojang/datafixers/schemas/Schema;Lorg/spongepowered/asm/mixin/injection/callback/CallbackInfoReturnable;)V has 0 override(s) in child classes
[10Jun2026 22:36:56.460] [main/DEBUG] [mixin/]: securitycraft.mixins.json:datafix.V4067Mixin from mod securitycraft->@Inject::securitycraft$unRegisterSecuritySeaBoatEntityTypes(Lcom/mojang/datafixers/schemas/Schema;Lorg/spongepowered/asm/mixin/injection/callback/CallbackInfoReturnable;)V won't be passed a CallbackInfoReturnable as a result
[10Jun2026 22:36:56.638] [main/DEBUG] [mixin/]: Mixing MixinCatRelaxOnOwnerGoal from comforts.mixins.json into net.minecraft.world.entity.animal.feline.Cat$CatRelaxOnOwnerGoal
[10Jun2026 22:36:56.639] [main/DEBUG] [mixin/]: comforts.mixins.json:MixinCatRelaxOnOwnerGoal from mod comforts: Class version 65 required is higher than the class version supported by the current version of Mixin (JAVA_17 supports class version 61)
[10Jun2026 22:36:56.641] [main/DEBUG] [mixin/]: comforts.mixins.json:MixinCatRelaxOnOwnerGoal from mod comforts->@Inject::comforts$canUse(Lorg/spongepowered/asm/mixin/injection/callback/CallbackInfoReturnable;)V does use it's CallbackInfoReturnable
[10Jun2026 22:36:56.642] [main/DEBUG] [mixin/]: Mixing MixinCatLieOnBedGoal from comforts.mixins.json into net.minecraft.world.entity.ai.goal.CatLieOnBedGoal
[10Jun2026 22:36:56.642] [main/DEBUG] [mixin/]: comforts.mixins.json:MixinCatLieOnBedGoal from mod comforts: Class version 65 required is higher than the class version supported by the current version of Mixin (JAVA_17 supports class version 61)
[10Jun2026 22:36:56.643] [main/DEBUG] [mixin/]: comforts.mixins.json:MixinCatLieOnBedGoal from mod comforts->@Inject::comforts$isValidTarget(Lnet/minecraft/world/level/LevelReader;Lnet/minecraft/core/BlockPos;Lorg/spongepowered/asm/mixin/injection/callback/CallbackInfoReturnable;)V does use it's CallbackInfoReturnable
[10Jun2026 22:36:56.644] [main/DEBUG] [mixin/]: Mixing MixinMoveToBlockGoal from comforts.mixins.json into net.minecraft.world.entity.ai.goal.MoveToBlockGoal
[10Jun2026 22:36:56.644] [main/DEBUG] [mixin/]: comforts.mixins.json:MixinMoveToBlockGoal from mod comforts: Class version 65 required is higher than the class version supported by the current version of Mixin (JAVA_17 supports class version 61)
[10Jun2026 22:36:56.652] [main/DEBUG] [mixin/]: Mixing MixinCatSitOnBlockGoal from comforts.mixins.json into net.minecraft.world.entity.ai.goal.CatSitOnBlockGoal
[10Jun2026 22:36:56.652] [main/DEBUG] [mixin/]: comforts.mixins.json:MixinCatSitOnBlockGoal from mod comforts: Class version 65 required is higher than the class version supported by the current version of Mixin (JAVA_17 supports class version 61)
[10Jun2026 22:36:56.653] [main/DEBUG] [mixin/]: comforts.mixins.json:MixinCatSitOnBlockGoal from mod comforts->@Inject::comforts$isValidTarget(Lnet/minecraft/world/level/LevelReader;Lnet/minecraft/core/BlockPos;Lorg/spongepowered/asm/mixin/injection/callback/CallbackInfoReturnable;Lnet/minecraft/world/level/block/state/BlockState;)V does use it's CallbackInfoReturnable
[10Jun2026 22:36:56.839] [main/DEBUG] [mixin/]: Mixing LevelChunkMixin from refurbished_furniture.common.mixins.json into net.minecraft.world.level.chunk.LevelChunk
[10Jun2026 22:36:56.842] [main/DEBUG] [mixin/]: refurbished_furniture.common.mixins.json:LevelChunkMixin from mod refurbished_furniture->@Inject::refurbishedFurniture$AfterRemoveBlockEntity(Lnet/minecraft/core/BlockPos;Lorg/spongepowered/asm/mixin/injection/callback/CallbackInfo;)V doesn't use it's CallbackInfo
[10Jun2026 22:36:56.842] [main/DEBUG] [mixin/]: refurbished_furniture.common.mixins.json:LevelChunkMixin from mod refurbished_furniture->@Inject::refurbishedFurniture$AfterRemoveBlockEntity(Lnet/minecraft/core/BlockPos;Lorg/spongepowered/asm/mixin/injection/callback/CallbackInfo;)V has 0 override(s) in child classes
[10Jun2026 22:36:56.842] [main/DEBUG] [mixin/]: refurbished_furniture.common.mixins.json:LevelChunkMixin from mod refurbished_furniture->@Inject::refurbishedFurniture$AfterRemoveBlockEntity(Lnet/minecraft/core/BlockPos;Lorg/spongepowered/asm/mixin/injection/callback/CallbackInfo;)V won't be passed a CallbackInfo as a result
[10Jun2026 22:36:57.021] [main/DEBUG] [mixin/]: Mixing BaseSpawnerMixin from collective_neoforge.mixins.json into net.minecraft.world.level.BaseSpawner
[10Jun2026 22:36:57.023] [main/DEBUG] [mixin/]: collective_neoforge.mixins.json:BaseSpawnerMixin from mod collective->@Inject::BaseSpawner_serverTick(Lnet/minecraft/server/level/ServerLevel;Lnet/minecraft/core/BlockPos;Lorg/spongepowered/asm/mixin/injection/callback/CallbackInfo;ZLnet/minecraft/util/RandomSource;Lnet/minecraft/world/level/SpawnData;ILnet/minecraft/util/ProblemReporter$ScopedCollector;Lnet/minecraft/world/level/storage/ValueInput;Ljava/util/Optional;Lnet/minecraft/world/phys/Vec3;Lnet/minecraft/core/BlockPos;Lnet/minecraft/world/entity/Entity;)V doesn't use it's CallbackInfo
[10Jun2026 22:36:57.023] [main/DEBUG] [mixin/]: collective_neoforge.mixins.json:BaseSpawnerMixin from mod collective->@Inject::BaseSpawner_serverTick(Lnet/minecraft/server/level/ServerLevel;Lnet/minecraft/core/BlockPos;Lorg/spongepowered/asm/mixin/injection/callback/CallbackInfo;ZLnet/minecraft/util/RandomSource;Lnet/minecraft/world/level/SpawnData;ILnet/minecraft/util/ProblemReporter$ScopedCollector;Lnet/minecraft/world/level/storage/ValueInput;Ljava/util/Optional;Lnet/minecraft/world/phys/Vec3;Lnet/minecraft/core/BlockPos;Lnet/minecraft/world/entity/Entity;)V has 0 override(s) in child classes
[10Jun2026 22:36:57.023] [main/DEBUG] [mixin/]: collective_neoforge.mixins.json:BaseSpawnerMixin from mod collective->@Inject::BaseSpawner_serverTick(Lnet/minecraft/server/level/ServerLevel;Lnet/minecraft/core/BlockPos;Lorg/spongepowered/asm/mixin/injection/callback/CallbackInfo;ZLnet/minecraft/util/RandomSource;Lnet/minecraft/world/level/SpawnData;ILnet/minecraft/util/ProblemReporter$ScopedCollector;Lnet/minecraft/world/level/storage/ValueInput;Ljava/util/Optional;Lnet/minecraft/world/phys/Vec3;Lnet/minecraft/core/BlockPos;Lnet/minecraft/world/entity/Entity;)V won't be passed a CallbackInfo as a result
[10Jun2026 22:36:57.123] [main/DEBUG] [mixin/]: Mixing LootTableMixin from balm.mixins.json into net.minecraft.world.level.storage.loot.LootTable
[10Jun2026 22:36:57.123] [main/DEBUG] [mixin/]: balm.mixins.json:LootTableMixin from mod balm: Class version 65 required is higher than the class version supported by the current version of Mixin (JAVA_17 supports class version 61)
[10Jun2026 22:36:57.125] [main/DEBUG] [mixin/]: balm.mixins.json:LootTableMixin from mod balm->@Inject::getRandomItems(Lnet/minecraft/world/level/storage/loot/LootContext;Lorg/spongepowered/asm/mixin/injection/callback/CallbackInfoReturnable;)V does use it's CallbackInfoReturnable
[10Jun2026 22:36:57.487] [main/DEBUG] [mixin/]: Mixing reinforced.ToolMaterialMixin from securitycraft.mixins.json into net.minecraft.world.item.ToolMaterial
[10Jun2026 22:36:57.778] [main/DEBUG] [mixin/]: Mixing BoneMealItemMixin from collective_neoforge.mixins.json into net.minecraft.world.item.BoneMealItem
[10Jun2026 22:36:57.780] [main/DEBUG] [mixin/]: collective_neoforge.mixins.json:BoneMealItemMixin from mod collective->@Inject::BoneMealItem_useOn(Lnet/minecraft/world/item/context/UseOnContext;Lorg/spongepowered/asm/mixin/injection/callback/CallbackInfoReturnable;)V does use it's CallbackInfoReturnable
[10Jun2026 22:36:57.780] [main/DEBUG] [mixin/]: collective_neoforge.mixins.json:BoneMealItemMixin from mod collective->@Inject::growCrop(Lnet/minecraft/world/item/ItemStack;Lnet/minecraft/world/level/Level;Lnet/minecraft/core/BlockPos;Lorg/spongepowered/asm/mixin/injection/callback/CallbackInfoReturnable;)V doesn't use it's CallbackInfoReturnable
[10Jun2026 22:36:57.786] [main/DEBUG] [mixin/]: Mixing reinforced.ShearsItemMixin from securitycraft.mixins.json into net.minecraft.world.item.ShearsItem
[10Jun2026 22:36:57.828] [main/DEBUG] [mixin/]: Mixing suspiciousmines.BrushItemMixin from securitycraft.mixins.json into net.minecraft.world.item.BrushItem
[10Jun2026 22:36:57.829] [main/DEBUG] [mixin/]: Renaming synthetic method lambda$securitycraft$makeSuspiciousMinesBrushablePartTwo$0(Lnet/minecraft/world/entity/Entity;)Z to mdc81b13$securitycraft$lambda$securitycraft$makeSuspiciousMinesBrushablePartTwo$0$0 in securitycraft.mixins.json:suspiciousmines.BrushItemMixin from mod securitycraft
[10Jun2026 22:36:57.837] [main/DEBUG] [mixin/]: securitycraft.mixins.json:suspiciousmines.BrushItemMixin from mod securitycraft->@Inject::securitycraft$makeSuspiciousMinesBrushablePartTwo(Lnet/minecraft/world/entity/player/Player;Lorg/spongepowered/asm/mixin/injection/callback/CallbackInfoReturnable;)V does use it's CallbackInfoReturnable
[10Jun2026 22:36:57.837] [main/DEBUG] [mixin/]: securitycraft.mixins.json:suspiciousmines.BrushItemMixin from mod securitycraft->@Inject::securitycraft$checkForSuspiciousMine(Lnet/minecraft/world/level/Level;Lnet/minecraft/world/entity/LivingEntity;Lnet/minecraft/world/item/ItemStack;ILorg/spongepowered/asm/mixin/injection/callback/CallbackInfo;)V does use it's CallbackInfo
[10Jun2026 22:36:58.405] [main/DEBUG] [mixin/]: Mixing potion.BrewingStandMenuMixin from securitycraft.mixins.json into net.minecraft.world.inventory.BrewingStandMenu
[10Jun2026 22:36:58.412] [main/DEBUG] [mixin/]: Mixing structures.StructureProcessorAccessor from moogs_structures-common.mixins.json into net.minecraft.world.level.levelgen.structure.templatesystem.StructureProcessor
[10Jun2026 22:36:58.446] [main/DEBUG] [mixin/]: Mixing InventoryMixin from carryon.mixins.json into net.minecraft.world.entity.player.Inventory
[10Jun2026 22:36:58.448] [main/DEBUG] [mixin/]: carryon.mixins.json:InventoryMixin from mod carryon->@Inject::onPickBlock(Lorg/spongepowered/asm/mixin/injection/callback/CallbackInfo;)V does use it's CallbackInfo
[10Jun2026 22:36:58.448] [main/DEBUG] [mixin/]: carryon.mixins.json:InventoryMixin from mod carryon->@Inject::onPickSlot(ILorg/spongepowered/asm/mixin/injection/callback/CallbackInfo;)V does use it's CallbackInfo
[10Jun2026 22:36:58.448] [main/DEBUG] [mixin/]: carryon.mixins.json:InventoryMixin from mod carryon->@Inject::onSwapPaint(ILorg/spongepowered/asm/mixin/injection/callback/CallbackInfo;)V does use it's CallbackInfo
[10Jun2026 22:36:58.453] [main/DEBUG] [mixin/]: Mixing SlotAccessor from balm.api.mixins.json into net.minecraft.world.inventory.Slot
[10Jun2026 22:36:58.453] [main/DEBUG] [mixin/]: balm.api.mixins.json:SlotAccessor from mod balm: Class version 65 required is higher than the class version supported by the current version of Mixin (JAVA_17 supports class version 61)
[10Jun2026 22:36:58.453] [main/DEBUG] [mixin/]: Mixing SlotMixin from chisel.mixins.json into net.minecraft.world.inventory.Slot
[10Jun2026 22:36:58.454] [main/DEBUG] [mixin/]: chisel.mixins.json:SlotMixin from mod chisel: Class version 65 required is higher than the class version supported by the current version of Mixin (JAVA_17 supports class version 61)
[10Jun2026 22:36:58.455] [main/DEBUG] [mixin/]: chisel.mixins.json:SlotMixin from mod chisel->@Inject::canBeHighlightedBig(Lorg/spongepowered/asm/mixin/injection/callback/CallbackInfoReturnable;)V does use it's CallbackInfoReturnable
[10Jun2026 22:36:58.610] [main/DEBUG] [mixin/]: Mixing common.DimensionTypeAccessor from lithostitched.26.1.mixins.json into net.minecraft.world.level.dimension.DimensionType
[10Jun2026 22:36:58.610] [main/DEBUG] [mixin/]: lithostitched.26.1.mixins.json:common.DimensionTypeAccessor from mod lithostitched: Class version 65 required is higher than the class version supported by the current version of Mixin (JAVA_17 supports class version 61)
[10Jun2026 22:36:58.683] [main/DEBUG] [mixin/]: Mixing common.PlacedFeatureAccessor from lithostitched.mixins.json into net.minecraft.world.level.levelgen.placement.PlacedFeature
[10Jun2026 22:36:58.683] [main/DEBUG] [mixin/]: lithostitched.mixins.json:common.PlacedFeatureAccessor from mod lithostitched: Class version 65 required is higher than the class version supported by the current version of Mixin (JAVA_17 supports class version 61)
[10Jun2026 22:36:58.704] [main/DEBUG] [mixin/]: Mixing common.StructureProcessorListAccessor from lithostitched.mixins.json into net.minecraft.world.level.levelgen.structure.templatesystem.StructureProcessorList
[10Jun2026 22:36:58.705] [main/DEBUG] [mixin/]: lithostitched.mixins.json:common.StructureProcessorListAccessor from mod lithostitched: Class version 65 required is higher than the class version supported by the current version of Mixin (JAVA_17 supports class version 61)
[10Jun2026 22:36:58.764] [main/DEBUG] [mixin/]: Mixing common.StructureSetAccessor from lithostitched.mixins.json into net.minecraft.world.level.levelgen.structure.StructureSet
[10Jun2026 22:36:58.764] [main/DEBUG] [mixin/]: lithostitched.mixins.json:common.StructureSetAccessor from mod lithostitched: Class version 65 required is higher than the class version supported by the current version of Mixin (JAVA_17 supports class version 61)
[10Jun2026 22:36:58.774] [main/DEBUG] [mixin/]: Mixing structures.StructurePieceAccessor from moogs_structures-common.mixins.json into net.minecraft.world.level.levelgen.structure.StructurePiece
[10Jun2026 22:36:58.798] [main/DEBUG] [mixin/]: Mixing structures.StructureTemplateManagerAccessor from moogs_structures-common.mixins.json into net.minecraft.world.level.levelgen.structure.templatesystem.StructureTemplateManager
[10Jun2026 22:36:58.801] [main/DEBUG] [mixin/]: Mixing common.processor.OceanRuinPieceMixin from lithostitched.mixins.json into net.minecraft.world.level.levelgen.structure.structures.OceanRuinPieces$OceanRuinPiece
[10Jun2026 22:36:58.801] [main/DEBUG] [mixin/]: lithostitched.mixins.json:common.processor.OceanRuinPieceMixin from mod lithostitched: Class version 65 required is higher than the class version supported by the current version of Mixin (JAVA_17 supports class version 61)
[10Jun2026 22:36:58.807] [main/DEBUG] [mixin/]: Mixing common.processor.IglooPieceMixin from lithostitched.mixins.json into net.minecraft.world.level.levelgen.structure.structures.IglooPieces$IglooPiece
[10Jun2026 22:36:58.807] [main/DEBUG] [mixin/]: lithostitched.mixins.json:common.processor.IglooPieceMixin from mod lithostitched: Class version 65 required is higher than the class version supported by the current version of Mixin (JAVA_17 supports class version 61)
[10Jun2026 22:36:58.808] [main/DEBUG] [mixin/]: Mixing common.processor.RuinedPortalPieceMixin from lithostitched.mixins.json into net.minecraft.world.level.levelgen.structure.structures.RuinedPortalPiece
[10Jun2026 22:36:58.809] [main/DEBUG] [mixin/]: lithostitched.mixins.json:common.processor.RuinedPortalPieceMixin from mod lithostitched: Class version 65 required is higher than the class version supported by the current version of Mixin (JAVA_17 supports class version 61)
[10Jun2026 22:36:58.819] [main/DEBUG] [mixin/]: Mixing common.processor.EndCityPieceMixin from lithostitched.mixins.json into net.minecraft.world.level.levelgen.structure.structures.EndCityPieces$EndCityPiece
[10Jun2026 22:36:58.819] [main/DEBUG] [mixin/]: lithostitched.mixins.json:common.processor.EndCityPieceMixin from mod lithostitched: Class version 65 required is higher than the class version supported by the current version of Mixin (JAVA_17 supports class version 61)
[10Jun2026 22:36:58.821] [main/DEBUG] [mixin/]: Mixing common.processor.WoodlandMansionPieceMixin from lithostitched.mixins.json into net.minecraft.world.level.levelgen.structure.structures.WoodlandMansionPieces$WoodlandMansionPiece
[10Jun2026 22:36:58.821] [main/DEBUG] [mixin/]: lithostitched.mixins.json:common.processor.WoodlandMansionPieceMixin from mod lithostitched: Class version 65 required is higher than the class version supported by the current version of Mixin (JAVA_17 supports class version 61)
[10Jun2026 22:36:58.821] [main/DEBUG] [mixin/]: Mixing common.template.mansion.WoodlandMansionPieceMixin from lithostitched.mixins.json into net.minecraft.world.level.levelgen.structure.structures.WoodlandMansionPieces$WoodlandMansionPiece
[10Jun2026 22:36:58.822] [main/DEBUG] [mixin/]: lithostitched.mixins.json:common.template.mansion.WoodlandMansionPieceMixin from mod lithostitched: Class version 65 required is higher than the class version supported by the current version of Mixin (JAVA_17 supports class version 61)
[10Jun2026 22:36:58.822] [main/DEBUG] [mixin/]: lithostitched.mixins.json:common.template.mansion.WoodlandMansionPieceMixin from mod lithostitched->@Inject::convertStringToId(Ljava/lang/String;Lorg/spongepowered/asm/mixin/injection/callback/CallbackInfoReturnable;)V does use it's CallbackInfoReturnable
[10Jun2026 22:36:58.824] [main/DEBUG] [mixin/]: Mixing common.processor.ShipwreckPieceMixin from lithostitched.mixins.json into net.minecraft.world.level.levelgen.structure.structures.ShipwreckPieces$ShipwreckPiece
[10Jun2026 22:36:58.824] [main/DEBUG] [mixin/]: lithostitched.mixins.json:common.processor.ShipwreckPieceMixin from mod lithostitched: Class version 65 required is higher than the class version supported by the current version of Mixin (JAVA_17 supports class version 61)
[10Jun2026 22:36:58.826] [main/DEBUG] [mixin/]: Mixing common.processor.NetherFossilPieceMixin from lithostitched.mixins.json into net.minecraft.world.level.levelgen.structure.structures.NetherFossilPieces$NetherFossilPiece
[10Jun2026 22:36:58.826] [main/DEBUG] [mixin/]: lithostitched.mixins.json:common.processor.NetherFossilPieceMixin from mod lithostitched: Class version 65 required is higher than the class version supported by the current version of Mixin (JAVA_17 supports class version 61)
[10Jun2026 22:36:58.828] [main/DEBUG] [mixin/]: Mixing structures.PoolElementStructurePieceAccessor from moogs_structures-common.mixins.json into net.minecraft.world.level.levelgen.structure.PoolElementStructurePiece
[10Jun2026 22:36:58.834] [main/DEBUG] [mixin/]: Mixing common.MobSpawnSettingsAccessor from lithostitched.26.1.mixins.json into net.minecraft.world.level.biome.MobSpawnSettings
[10Jun2026 22:36:58.834] [main/DEBUG] [mixin/]: lithostitched.26.1.mixins.json:common.MobSpawnSettingsAccessor from mod lithostitched: Class version 65 required is higher than the class version supported by the current version of Mixin (JAVA_17 supports class version 61)
[10Jun2026 22:36:58.841] [main/DEBUG] [mixin/]: Mixing common.JigsawStructureAccessor from lithostitched.mixins.json into net.minecraft.world.level.levelgen.structure.structures.JigsawStructure
[10Jun2026 22:36:58.842] [main/DEBUG] [mixin/]: lithostitched.mixins.json:common.JigsawStructureAccessor from mod lithostitched: Class version 65 required is higher than the class version supported by the current version of Mixin (JAVA_17 supports class version 61)
[10Jun2026 22:36:58.842] [main/DEBUG] [mixin/]: Mixing common.JigsawStructureMixin from lithostitched.26.1.mixins.json into net.minecraft.world.level.levelgen.structure.structures.JigsawStructure
[10Jun2026 22:36:58.842] [main/DEBUG] [mixin/]: lithostitched.26.1.mixins.json:common.JigsawStructureMixin from mod lithostitched: Class version 65 required is higher than the class version supported by the current version of Mixin (JAVA_17 supports class version 61)
[10Jun2026 22:36:58.849] [main/DEBUG] [mixin/]: Mixing common.StructureTemplatePoolAccessor from lithostitched.mixins.json into net.minecraft.world.level.levelgen.structure.pools.StructureTemplatePool
[10Jun2026 22:36:58.850] [main/DEBUG] [mixin/]: lithostitched.mixins.json:common.StructureTemplatePoolAccessor from mod lithostitched: Class version 65 required is higher than the class version supported by the current version of Mixin (JAVA_17 supports class version 61)
[10Jun2026 22:36:58.850] [main/DEBUG] [mixin/]: Mixing common.StructureTemplatePoolMixin from lithostitched.mixins.json into net.minecraft.world.level.levelgen.structure.pools.StructureTemplatePool
[10Jun2026 22:36:58.850] [main/DEBUG] [mixin/]: lithostitched.mixins.json:common.StructureTemplatePoolMixin from mod lithostitched: Class version 65 required is higher than the class version supported by the current version of Mixin (JAVA_17 supports class version 61)
[10Jun2026 22:36:58.850] [main/DEBUG] [mixin/]: Renaming synthetic method lambda$compileRawTemplates$0(Lcom/mojang/datafixers/util/Pair;)V to mdc81b13$lithostitched$lambda$compileRawTemplates$0$0 in lithostitched.mixins.json:common.StructureTemplatePoolMixin from mod lithostitched
[10Jun2026 22:36:58.851] [main/DEBUG] [mixin/]: Mixing StructureTemplatePoolAccessor from waystones.mixins.json into net.minecraft.world.level.levelgen.structure.pools.StructureTemplatePool
[10Jun2026 22:36:58.851] [main/DEBUG] [mixin/]: waystones.mixins.json:StructureTemplatePoolAccessor from mod waystones: Class version 65 required is higher than the class version supported by the current version of Mixin (JAVA_17 supports class version 61)
[10Jun2026 22:36:58.851] [main/DEBUG] [mixin/]: Mixing structures.StructurePoolAccessor from moogs_structures-common.mixins.json into net.minecraft.world.level.levelgen.structure.pools.StructureTemplatePool
[10Jun2026 22:36:58.851] [main/DEBUG] [mixin/]: Renaming @Accessor method getCODEC_REFERENCE()Lorg/apache/commons/lang3/mutable/MutableObject; to getCODEC_REFERENCE$moogs_structures_$md$c81b13$1 in moogs_structures-common.mixins.json:structures.StructurePoolAccessor from mod moogs_structures
[10Jun2026 22:36:58.852] [main/DEBUG] [mixin/]: Mixing structures.StructurePoolMixin from moogs_structures-neoforge.mixins.json into net.minecraft.world.level.levelgen.structure.pools.StructureTemplatePool
[10Jun2026 22:36:58.853] [main/DEBUG] [mixin/]: Unexpected: Registered method getRawTemplates()Ljava/util/List; in net.minecraft.world.level.levelgen.structure.pools.StructureTemplatePool was not merged
[10Jun2026 22:36:58.853] [main/DEBUG] [mixin/]: Unexpected: Registered method setRawTemplates(Ljava/util/List;)V in net.minecraft.world.level.levelgen.structure.pools.StructureTemplatePool was not merged
[10Jun2026 22:36:58.864] [main/DEBUG] [mixin/]: Mixing common.template.NetherFossilStructureMixin from lithostitched.mixins.json into net.minecraft.world.level.levelgen.structure.structures.NetherFossilStructure
[10Jun2026 22:36:58.865] [main/DEBUG] [mixin/]: lithostitched.mixins.json:common.template.NetherFossilStructureMixin from mod lithostitched: Class version 65 required is higher than the class version supported by the current version of Mixin (JAVA_17 supports class version 61)
[10Jun2026 22:36:58.865] [main/DEBUG] [mixin/]: Renaming synthetic method lambda$useTemplateList$0(Lnet/minecraft/world/level/levelgen/structure/Structure$GenerationContext;Lnet/minecraft/core/BlockPos;Lnet/minecraft/world/level/levelgen/structure/pieces/StructurePiecesBuilder;)V to mdc81b13$lithostitched$lambda$useTemplateList$0$0 in lithostitched.mixins.json:common.template.NetherFossilStructureMixin from mod lithostitched
[10Jun2026 22:36:58.876] [main/DEBUG] [mixin/]: Mixing common.template.RuinedPortalStructureMixin from lithostitched.mixins.json into net.minecraft.world.level.levelgen.structure.structures.RuinedPortalStructure
[10Jun2026 22:36:58.876] [main/DEBUG] [mixin/]: lithostitched.mixins.json:common.template.RuinedPortalStructureMixin from mod lithostitched: Class version 65 required is higher than the class version supported by the current version of Mixin (JAVA_17 supports class version 61)
[10Jun2026 22:36:58.881] [main/DEBUG] [mixin/]: Mixing common.template.ShipwreckStructureMixin from lithostitched.mixins.json into net.minecraft.world.level.levelgen.structure.structures.ShipwreckStructure
[10Jun2026 22:36:58.882] [main/DEBUG] [mixin/]: lithostitched.mixins.json:common.template.ShipwreckStructureMixin from mod lithostitched: Class version 65 required is higher than the class version supported by the current version of Mixin (JAVA_17 supports class version 61)
[10Jun2026 22:36:58.886] [main/DEBUG] [mixin/]: Mixing common.template.mansion.WoodlandMansionStructureMixin from lithostitched.mixins.json into net.minecraft.world.level.levelgen.structure.structures.WoodlandMansionStructure
[10Jun2026 22:36:58.886] [main/DEBUG] [mixin/]: lithostitched.mixins.json:common.template.mansion.WoodlandMansionStructureMixin from mod lithostitched: Class version 65 required is higher than the class version supported by the current version of Mixin (JAVA_17 supports class version 61)
[10Jun2026 22:36:58.887] [main/DEBUG] [mixin/]: lithostitched.mixins.json:common.template.mansion.WoodlandMansionStructureMixin from mod lithostitched->@Inject::injectRegistriesForTemplateList(Lnet/minecraft/world/level/levelgen/structure/pieces/StructurePiecesBuilder;Lnet/minecraft/world/level/levelgen/structure/Structure$GenerationContext;Lnet/minecraft/core/BlockPos;Lnet/minecraft/world/level/block/Rotation;Lorg/spongepowered/asm/mixin/injection/callback/CallbackInfo;)V does use it's CallbackInfo
[10Jun2026 22:36:58.929] [main/DEBUG] [mixin/]: Mixing common.BiomeSourceInvoker from lithostitched.mixins.json into net.minecraft.world.level.biome.BiomeSource
[10Jun2026 22:36:58.929] [main/DEBUG] [mixin/]: lithostitched.mixins.json:common.BiomeSourceInvoker from mod lithostitched: Class version 65 required is higher than the class version supported by the current version of Mixin (JAVA_17 supports class version 61)
[10Jun2026 22:36:58.946] [main/DEBUG] [mixin/]: Mixing common.BiomeGenerationSettingsAccessor from lithostitched.26.1.mixins.json into net.minecraft.world.level.biome.BiomeGenerationSettings
[10Jun2026 22:36:58.946] [main/DEBUG] [mixin/]: lithostitched.26.1.mixins.json:common.BiomeGenerationSettingsAccessor from mod lithostitched: Class version 65 required is higher than the class version supported by the current version of Mixin (JAVA_17 supports class version 61)
[10Jun2026 22:36:58.947] [main/DEBUG] [mixin/]: Renaming @Invoker method createGenerationSettings(Lnet/minecraft/core/HolderSet;Ljava/util/List;)Lnet/minecraft/world/level/biome/BiomeGenerationSettings; to createGenerationSettings$lithostitched_$md$c81b13$0 in lithostitched.26.1.mixins.json:common.BiomeGenerationSettingsAccessor from mod lithostitched
[10Jun2026 22:36:58.963] [main/DEBUG] [mixin/]: Mixing common.mnbs.MNBSMixin from lithostitched.mixins.json into net.minecraft.world.level.biome.MultiNoiseBiomeSource
[10Jun2026 22:36:58.963] [main/DEBUG] [mixin/]: lithostitched.mixins.json:common.mnbs.MNBSMixin from mod lithostitched: Class version 65 required is higher than the class version supported by the current version of Mixin (JAVA_17 supports class version 61)
[10Jun2026 22:36:58.964] [main/DEBUG] [mixin/]: Renaming synthetic method lambda$wrapCodec$0(Lcom/mojang/serialization/codecs/RecordCodecBuilder$Instance;Lcom/mojang/serialization/codecs/RecordCodecBuilder;)Lcom/mojang/datafixers/kinds/App; to mdc81b13$lithostitched$lambda$wrapCodec$0$0 in lithostitched.mixins.json:common.mnbs.MNBSMixin from mod lithostitched
[10Jun2026 22:36:58.964] [main/DEBUG] [mixin/]: Renaming synthetic method lambda$wrapCodec$1(Lnet/minecraft/world/level/biome/MultiNoiseBiomeSource;Lnet/minecraft/core/HolderGetter;)Lnet/minecraft/world/level/biome/MultiNoiseBiomeSource; to mdc81b13$lithostitched$lambda$wrapCodec$1$1 in lithostitched.mixins.json:common.mnbs.MNBSMixin from mod lithostitched
[10Jun2026 22:36:58.969] [main/DEBUG] [mixin/]: Mixing common.MultiNoiseBiomeSourceAccessor from lithostitched.mixins.json into net.minecraft.world.level.biome.MultiNoiseBiomeSource
[10Jun2026 22:36:58.969] [main/DEBUG] [mixin/]: lithostitched.mixins.json:common.MultiNoiseBiomeSourceAccessor from mod lithostitched: Class version 65 required is higher than the class version supported by the current version of Mixin (JAVA_17 supports class version 61)
[10Jun2026 22:36:58.979] [main/DEBUG] [mixin/]: Mixing common.mnbs.MNBSPLAccessor from lithostitched.mixins.json into net.minecraft.world.level.biome.MultiNoiseBiomeSourceParameterList
[10Jun2026 22:36:58.979] [main/DEBUG] [mixin/]: lithostitched.mixins.json:common.mnbs.MNBSPLAccessor from mod lithostitched: Class version 65 required is higher than the class version supported by the current version of Mixin (JAVA_17 supports class version 61)
[10Jun2026 22:36:58.979] [main/DEBUG] [mixin/]: Mixing common.mnbs.MNBSPLMixin from lithostitched.mixins.json into net.minecraft.world.level.biome.MultiNoiseBiomeSourceParameterList
[10Jun2026 22:36:58.979] [main/DEBUG] [mixin/]: lithostitched.mixins.json:common.mnbs.MNBSPLMixin from mod lithostitched: Class version 65 required is higher than the class version supported by the current version of Mixin (JAVA_17 supports class version 61)
[10Jun2026 22:36:58.979] [main/DEBUG] [mixin/]: Renaming synthetic method lambda$wrapCodec$0(Lcom/mojang/serialization/codecs/RecordCodecBuilder$Instance;Lcom/mojang/serialization/codecs/RecordCodecBuilder;)Lcom/mojang/datafixers/kinds/App; to mdc81b13$lithostitched$lambda$wrapCodec$0$0 in lithostitched.mixins.json:common.mnbs.MNBSPLMixin from mod lithostitched
[10Jun2026 22:36:58.979] [main/DEBUG] [mixin/]: Renaming synthetic method lambda$wrapCodec$3(Lnet/minecraft/world/level/biome/MultiNoiseBiomeSourceParameterList;Ljava/util/Optional;Ljava/util/Optional;)Lnet/minecraft/world/level/biome/MultiNoiseBiomeSourceParameterList; to mdc81b13$lithostitched$lambda$wrapCodec$3$1 in lithostitched.mixins.json:common.mnbs.MNBSPLMixin from mod lithostitched
[10Jun2026 22:36:58.979] [main/DEBUG] [mixin/]: Renaming synthetic method lambda$wrapCodec$2(Lnet/minecraft/world/level/biome/MultiNoiseBiomeSourceParameterList;)Ljava/util/Optional; to mdc81b13$lithostitched$lambda$wrapCodec$2$2 in lithostitched.mixins.json:common.mnbs.MNBSPLMixin from mod lithostitched
[10Jun2026 22:36:58.979] [main/DEBUG] [mixin/]: Renaming synthetic method lambda$wrapCodec$1(Lnet/minecraft/world/level/biome/MultiNoiseBiomeSourceParameterList;)Ljava/util/Optional; to mdc81b13$lithostitched$lambda$wrapCodec$1$3 in lithostitched.mixins.json:common.mnbs.MNBSPLMixin from mod lithostitched
[10Jun2026 22:36:58.991] [main/DEBUG] [mixin/]: Mixing common.bandlands.NoiseBasedChunkGeneratorMixin from lithostitched.mixins.json into net.minecraft.world.level.levelgen.NoiseBasedChunkGenerator
[10Jun2026 22:36:58.991] [main/DEBUG] [mixin/]: lithostitched.mixins.json:common.bandlands.NoiseBasedChunkGeneratorMixin from mod lithostitched: Class version 65 required is higher than the class version supported by the current version of Mixin (JAVA_17 supports class version 61)
[10Jun2026 22:36:58.991] [main/DEBUG] [mixin/]: Renaming synthetic method lambda$fillBands$0(Lnet/minecraft/world/level/levelgen/RandomState;Lnet/minecraft/core/Holder$Reference;)V to mdc81b13$lithostitched$lambda$fillBands$0$0 in lithostitched.mixins.json:common.bandlands.NoiseBasedChunkGeneratorMixin from mod lithostitched
[10Jun2026 22:36:58.994] [main/DEBUG] [mixin/]: Mixing common.NoiseBasedChunkGeneratorAccessor from lithostitched.mixins.json into net.minecraft.world.level.levelgen.NoiseBasedChunkGenerator
[10Jun2026 22:36:58.994] [main/DEBUG] [mixin/]: lithostitched.mixins.json:common.NoiseBasedChunkGeneratorAccessor from mod lithostitched: Class version 65 required is higher than the class version supported by the current version of Mixin (JAVA_17 supports class version 61)
[10Jun2026 22:36:58.996] [main/DEBUG] [mixin/]: lithostitched.mixins.json:common.bandlands.NoiseBasedChunkGeneratorMixin from mod lithostitched->@Inject::fillBands(Lnet/minecraft/server/level/WorldGenRegion;Lnet/minecraft/world/level/StructureManager;Lnet/minecraft/world/level/levelgen/RandomState;Lnet/minecraft/world/level/chunk/ChunkAccess;Lorg/spongepowered/asm/mixin/injection/callback/CallbackInfo;)V doesn't use it's CallbackInfo
[10Jun2026 22:36:58.996] [main/DEBUG] [mixin/]: lithostitched.mixins.json:common.bandlands.NoiseBasedChunkGeneratorMixin from mod lithostitched->@Inject::fillBands(Lnet/minecraft/server/level/WorldGenRegion;Lnet/minecraft/world/level/StructureManager;Lnet/minecraft/world/level/levelgen/RandomState;Lnet/minecraft/world/level/chunk/ChunkAccess;Lorg/spongepowered/asm/mixin/injection/callback/CallbackInfo;)V has 0 override(s) in child classes
[10Jun2026 22:36:58.996] [main/DEBUG] [mixin/]: lithostitched.mixins.json:common.bandlands.NoiseBasedChunkGeneratorMixin from mod lithostitched->@Inject::fillBands(Lnet/minecraft/server/level/WorldGenRegion;Lnet/minecraft/world/level/StructureManager;Lnet/minecraft/world/level/levelgen/RandomState;Lnet/minecraft/world/level/chunk/ChunkAccess;Lorg/spongepowered/asm/mixin/injection/callback/CallbackInfo;)V won't be passed a CallbackInfo as a result
[10Jun2026 22:36:58.999] [main/DEBUG] [mixin/]: Mixing common.ChunkGeneratorAccessor from lithostitched.mixins.json into net.minecraft.world.level.chunk.ChunkGenerator
[10Jun2026 22:36:58.999] [main/DEBUG] [mixin/]: lithostitched.mixins.json:common.ChunkGeneratorAccessor from mod lithostitched: Class version 65 required is higher than the class version supported by the current version of Mixin (JAVA_17 supports class version 61)
[10Jun2026 22:36:59.006] [main/DEBUG] [mixin/]: Mixing common.NoiseGeneratorSettingsAccessor from lithostitched.mixins.json into net.minecraft.world.level.levelgen.NoiseGeneratorSettings
[10Jun2026 22:36:59.006] [main/DEBUG] [mixin/]: lithostitched.mixins.json:common.NoiseGeneratorSettingsAccessor from mod lithostitched: Class version 65 required is higher than the class version supported by the current version of Mixin (JAVA_17 supports class version 61)
[10Jun2026 22:36:59.072] [main/DEBUG] [mixin/]: Mixing common.SinglePoolElementAccessor from lithostitched.mixins.json into net.minecraft.world.level.levelgen.structure.pools.SinglePoolElement
[10Jun2026 22:36:59.073] [main/DEBUG] [mixin/]: lithostitched.mixins.json:common.SinglePoolElementAccessor from mod lithostitched: Class version 65 required is higher than the class version supported by the current version of Mixin (JAVA_17 supports class version 61)
[10Jun2026 22:36:59.073] [main/DEBUG] [mixin/]: Mixing SinglePoolElementMixin from waystones.mixins.json into net.minecraft.world.level.levelgen.structure.pools.SinglePoolElement
[10Jun2026 22:36:59.073] [main/DEBUG] [mixin/]: waystones.mixins.json:SinglePoolElementMixin from mod waystones: Class version 65 required is higher than the class version supported by the current version of Mixin (JAVA_17 supports class version 61)
[10Jun2026 22:36:59.074] [main/DEBUG] [mixin/]: Renaming synthetic method lambda$waystones$isWaystone$1(Lnet/minecraft/world/level/levelgen/structure/templatesystem/StructureTemplate;)V to mdc81b13$waystones$lambda$waystones$isWaystone$1$0 in waystones.mixins.json:SinglePoolElementMixin from mod waystones
[10Jun2026 22:36:59.074] [main/DEBUG] [mixin/]: Renaming synthetic method lambda$waystones$isWaystone$0(Lnet/minecraft/resources/Identifier;)V to mdc81b13$waystones$lambda$waystones$isWaystone$0$1 in waystones.mixins.json:SinglePoolElementMixin from mod waystones
[10Jun2026 22:36:59.074] [main/DEBUG] [mixin/]: Mixing structures.SinglePoolElementAccessor from moogs_structures-common.mixins.json into net.minecraft.world.level.levelgen.structure.pools.SinglePoolElement
[10Jun2026 22:36:59.076] [main/DEBUG] [mixin/]: waystones.mixins.json:SinglePoolElementMixin from mod waystones->@Inject::place(Lnet/minecraft/world/level/levelgen/structure/templatesystem/StructureTemplateManager;Lnet/minecraft/world/level/WorldGenLevel;Lnet/minecraft/world/level/StructureManager;Lnet/minecraft/world/level/chunk/ChunkGenerator;Lnet/minecraft/core/BlockPos;Lnet/minecraft/core/BlockPos;Lnet/minecraft/world/level/block/Rotation;Lnet/minecraft/world/level/levelgen/structure/BoundingBox;Lnet/minecraft/util/RandomSource;Lnet/minecraft/world/level/levelgen/structure/templatesystem/LiquidSettings;ZLorg/spongepowered/asm/mixin/injection/callback/CallbackInfoReturnable;)V does use it's CallbackInfoReturnable
[10Jun2026 22:36:59.076] [main/DEBUG] [mixin/]: Unexpected: Registered method getTemplate()Lcom/mojang/datafixers/util/Either; in net.minecraft.world.level.levelgen.structure.pools.SinglePoolElement was not merged
[10Jun2026 22:36:59.080] [main/DEBUG] [mixin/]: Mixing structures.ListPoolElementAccessor from moogs_structures-common.mixins.json into net.minecraft.world.level.levelgen.structure.pools.ListPoolElement
[10Jun2026 22:36:59.475] [main/DEBUG] [net.neoforged.fml.ModWorkManager/LOADING]: Using 4 threads for parallel mod-loading
[10Jun2026 22:36:59.484] [main/DEBUG] [net.neoforged.fml.javafmlmod.FMLModContainer/LOADING]: Creating FMLModContainer instance for weaponmaster_ydm with entrypoints [yourdailymodder.weaponmaster.WeaponMasterMod]
[10Jun2026 22:36:59.491] [main/DEBUG] [net.neoforged.fml.javafmlmod.FMLModContainer/LOADING]: Creating FMLModContainer instance for kuma_api with entrypoints []
[10Jun2026 22:36:59.491] [main/DEBUG] [net.neoforged.fml.javafmlmod.FMLModContainer/LOADING]: Creating FMLModContainer instance for supermartijn642configlib with entrypoints [com.supermartijn642.configlib.ConfigLib]
[10Jun2026 22:36:59.492] [main/DEBUG] [net.neoforged.fml.javafmlmod.FMLModContainer/LOADING]: Creating FMLModContainer instance for trashslot with entrypoints [net.blay09.mods.trashslot.NeoForgeTrashSlot]
[10Jun2026 22:36:59.493] [main/DEBUG] [net.neoforged.fml.javafmlmod.FMLModContainer/LOADING]: Creating FMLModContainer instance for geckolib with entrypoints [software.bernie.geckolib.GeckoLib]
[10Jun2026 22:36:59.493] [main/DEBUG] [net.neoforged.fml.javafmlmod.FMLModContainer/LOADING]: Creating FMLModContainer instance for tools_on_my_back with entrypoints [me.zipestudio.tomb.entrypoint.CommonEntrypoint]
[10Jun2026 22:36:59.494] [main/DEBUG] [net.neoforged.fml.javafmlmod.FMLModContainer/LOADING]: Creating FMLModContainer instance for jei with entrypoints [mezz.jei.neoforge.JustEnoughItems]
[10Jun2026 22:36:59.494] [main/DEBUG] [net.neoforged.fml.javafmlmod.FMLModContainer/LOADING]: Creating FMLModContainer instance for lithostitched with entrypoints [dev.worldgen.lithostitched.LithostitchedNeoforge]
[10Jun2026 22:36:59.495] [main/DEBUG] [net.neoforged.fml.javafmlmod.FMLModContainer/LOADING]: Creating FMLModContainer instance for commonnetworking with entrypoints [commonnetwork.CommonNetworkNeoForge]
[10Jun2026 22:36:59.495] [main/DEBUG] [net.neoforged.fml.javafmlmod.FMLModContainer/LOADING]: Creating FMLModContainer instance for attributefix with entrypoints [net.darkhax.attributefix.impl.NeoForgeMod]
[10Jun2026 22:36:59.496] [main/DEBUG] [net.neoforged.fml.javafmlmod.FMLModContainer/LOADING]: Creating FMLModContainer instance for mcwwindows with entrypoints [com.mcwwindows.kikoz.MacawsWindows]
[10Jun2026 22:36:59.496] [main/DEBUG] [net.neoforged.fml.javafmlmod.FMLModContainer/LOADING]: Creating FMLModContainer instance for dynamiclights with entrypoints [atomicstryker.dynamiclights.server.DynamicLights]
[10Jun2026 22:36:59.497] [main/DEBUG] [net.neoforged.fml.javafmlmod.FMLModContainer/LOADING]: Creating FMLModContainer instance for sophisticatedcore with entrypoints [net.p3pp3rf1y.sophisticatedcore.SophisticatedCore]
[10Jun2026 22:36:59.498] [main/DEBUG] [net.neoforged.fml.javafmlmod.FMLModContainer/LOADING]: Creating FMLModContainer instance for waystones with entrypoints [net.blay09.mods.waystones.NeoForgeWaystones]
[10Jun2026 22:36:59.498] [main/DEBUG] [net.neoforged.fml.javafmlmod.FMLModContainer/LOADING]: Creating FMLModContainer instance for sootychimneys with entrypoints [io.github.mortuusars.sootychimneys.neoforge.SootyChimneysNeoForge]
[10Jun2026 22:36:59.499] [main/DEBUG] [net.neoforged.fml.javafmlmod.FMLModContainer/LOADING]: Creating FMLModContainer instance for advanced_graves_build with entrypoints []
[10Jun2026 22:36:59.499] [main/DEBUG] [net.neoforged.fml.javafmlmod.FMLModContainer/LOADING]: Creating FMLModContainer instance for journeymap with entrypoints [journeymap.common.JourneymapNeoForge]
[10Jun2026 22:36:59.500] [main/DEBUG] [net.neoforged.fml.javafmlmod.FMLModContainer/LOADING]: Creating FMLModContainer instance for neoforge with entrypoints [net.neoforged.neoforge.common.NeoForgeMod, net.neoforged.neoforge.common.OnlyInWarningsHandler]
[10Jun2026 22:36:59.503] [main/DEBUG] [net.neoforged.fml.javafmlmod.FMLModContainer/LOADING]: Creating FMLModContainer instance for prism with entrypoints [com.anthonyhilyard.prism.neoforge.PrismNeoForge]
[10Jun2026 22:36:59.503] [main/DEBUG] [net.neoforged.fml.javafmlmod.FMLModContainer/LOADING]: Creating FMLModContainer instance for comforts with entrypoints [com.illusivesoulworks.comforts.ComfortsNeoForgeMod]
[10Jun2026 22:36:59.504] [main/DEBUG] [net.neoforged.fml.javafmlmod.FMLModContainer/LOADING]: Creating FMLModContainer instance for glitchcore with entrypoints [glitchcore.neoforge.GlitchCoreNeoForge]
[10Jun2026 22:36:59.505] [main/DEBUG] [net.neoforged.fml.javafmlmod.FMLModContainer/LOADING]: Creating FMLModContainer instance for sophisticatedbackpacks with entrypoints [net.p3pp3rf1y.sophisticatedbackpacks.SophisticatedBackpacks]
[10Jun2026 22:36:59.505] [main/DEBUG] [net.neoforged.fml.javafmlmod.FMLModContainer/LOADING]: Creating FMLModContainer instance for mtr with entrypoints []
[10Jun2026 22:36:59.505] [main/DEBUG] [net.neoforged.fml.javafmlmod.FMLModContainer/LOADING]: Creating FMLModContainer instance for cropsloverain with entrypoints [io.github.thepoultryman.cropsloverain.neoforge.CropsLoveRainNeoForge]
[10Jun2026 22:36:59.506] [main/DEBUG] [net.neoforged.fml.javafmlmod.FMLModContainer/LOADING]: Creating FMLModContainer instance for balm with entrypoints [net.blay09.mods.balm.neoforge.internal.NeoForgeBalm]
[10Jun2026 22:36:59.506] [main/DEBUG] [net.neoforged.fml.javafmlmod.FMLModContainer/LOADING]: Creating FMLModContainer instance for terralith with entrypoints [net.stardustlabs.terralith.TerralithNeoforge]
[10Jun2026 22:36:59.507] [main/DEBUG] [net.neoforged.fml.javafmlmod.FMLModContainer/LOADING]: Creating FMLModContainer instance for prickle with entrypoints [net.darkhax.pricklemc.neoforge.impl.NeoForgeMod]
[10Jun2026 22:36:59.508] [main/DEBUG] [net.neoforged.fml.javafmlmod.FMLModContainer/LOADING]: Creating FMLModContainer instance for carryon with entrypoints [tschipp.carryon.CarryOnNeoForge]
[10Jun2026 22:36:59.508] [main/DEBUG] [net.neoforged.fml.javafmlmod.FMLModContainer/LOADING]: Creating FMLModContainer instance for aerialhell with entrypoints [fr.factionbedrock.aerialhell.AerialHell]
[10Jun2026 22:36:59.509] [main/DEBUG] [net.neoforged.fml.javafmlmod.FMLModContainer/LOADING]: Creating FMLModContainer instance for cloth_config with entrypoints [me.shedaniel.clothconfig.ClothConfigForge]
[10Jun2026 22:36:59.511] [main/DEBUG] [net.neoforged.fml.javafmlmod.FMLModContainer/LOADING]: Creating FMLModContainer instance for stackrefill with entrypoints [com.natamus.stackrefill.ModNeoForge]
[10Jun2026 22:36:59.512] [main/DEBUG] [net.neoforged.fml.javafmlmod.FMLModContainer/LOADING]: Creating FMLModContainer instance for healthbars with entrypoints [fuzs.healthbars.neoforge.HealthBarsNeoForge]
[10Jun2026 22:36:59.512] [main/DEBUG] [net.neoforged.fml.javafmlmod.FMLModContainer/LOADING]: Creating FMLModContainer instance for decocraft with entrypoints [com.razz.decocraft.Decocraft]
[10Jun2026 22:36:59.513] [main/DEBUG] [net.neoforged.fml.javafmlmod.FMLModContainer/LOADING]: Creating FMLModContainer instance for enchdesc with entrypoints [net.darkhax.enchdesc.impl.NeoForgeMod]
[10Jun2026 22:36:59.514] [main/DEBUG] [net.neoforged.fml.javafmlmod.FMLModContainer/LOADING]: Creating FMLModContainer instance for spectrelib with entrypoints [com.illusivesoulworks.spectrelib.SpectreNeoForgeMod]
[10Jun2026 22:36:59.514] [main/DEBUG] [net.neoforged.fml.javafmlmod.FMLModContainer/LOADING]: Creating FMLModContainer instance for supermartijn642corelib with entrypoints [com.supermartijn642.core.CoreLib]
[10Jun2026 22:36:59.515] [main/DEBUG] [net.neoforged.fml.javafmlmod.FMLModContainer/LOADING]: Creating FMLModContainer instance for iceberg with entrypoints [com.anthonyhilyard.iceberg.neoforge.IcebergNeoForge]
[10Jun2026 22:36:59.516] [main/DEBUG] [net.neoforged.fml.javafmlmod.FMLModContainer/LOADING]: Creating FMLModContainer instance for collective with entrypoints [com.natamus.collective.CollectiveNeoForge]
[10Jun2026 22:36:59.518] [main/DEBUG] [net.neoforged.fml.javafmlmod.FMLModContainer/LOADING]: Creating FMLModContainer instance for securitycraft with entrypoints [net.geforcemods.securitycraft.SecurityCraft]
[10Jun2026 22:36:59.519] [main/DEBUG] [net.neoforged.fml.javafmlmod.FMLModContainer/LOADING]: Creating FMLModContainer instance for elevatorid with entrypoints [com.vsngarcia.neoforge.ElevatorModNeoForge]
[10Jun2026 22:36:59.520] [main/DEBUG] [net.neoforged.fml.javafmlmod.FMLModContainer/LOADING]: Creating FMLModContainer instance for cryonicconfig with entrypoints [com.periut.cryonicconfig.neoforge.CryonicConfigNeoForge]
[10Jun2026 22:36:59.521] [main/DEBUG] [net.neoforged.fml.javafmlmod.FMLModContainer/LOADING]: Creating FMLModContainer instance for chisel with entrypoints [com.periut.chisel.neoforge.ChiselNeoforge]
[10Jun2026 22:36:59.521] [main/DEBUG] [net.neoforged.fml.javafmlmod.FMLModContainer/LOADING]: Creating FMLModContainer instance for refurbished_furniture with entrypoints [com.mrcrayfish.furniture.refurbished.FurnitureMod]
[10Jun2026 22:36:59.523] [main/DEBUG] [net.neoforged.fml.javafmlmod.FMLModContainer/LOADING]: Creating FMLModContainer instance for puzzleslib with entrypoints [fuzs.puzzleslib.neoforge.impl.PuzzlesLibNeoForge]
[10Jun2026 22:36:59.524] [main/DEBUG] [net.neoforged.fml.javafmlmod.FMLModContainer/LOADING]: Creating FMLModContainer instance for trashcans with entrypoints [com.supermartijn642.trashcans.TrashCans]
[10Jun2026 22:36:59.525] [main/DEBUG] [net.neoforged.fml.javafmlmod.FMLModContainer/LOADING]: Creating FMLModContainer instance for moogs_structures with entrypoints [com.finndog.moogs_structures.neoforge.MoogsStructuresNeoforge]
[10Jun2026 22:36:59.526] [main/DEBUG] [net.neoforged.fml.javafmlmod.FMLModContainer/LOADING]: Creating FMLModContainer instance for framework with entrypoints [com.mrcrayfish.framework.FrameworkNeoForge]
[10Jun2026 22:36:59.527] [main/DEBUG] [net.neoforged.fml.javafmlmod.FMLModContainer/LOADING]: Creating FMLModContainer instance for fallingtree with entrypoints [fr.rakambda.fallingtree.neoforge.FallingTree]
[10Jun2026 22:36:59.528] [main/DEBUG] [net.neoforged.fml.javafmlmod.FMLModContainer/LOADING]: Creating FMLModContainer instance for ante with entrypoints [gay.ttf.ante.AnteMod]
[10Jun2026 22:36:59.529] [main/DEBUG] [net.neoforged.fml.javafmlmod.FMLModContainer/LOADING]: Creating FMLModContainer instance for explosiveenhancement with entrypoints [dev.xylonity.explosiveenhancement.ExplosiveEnhancement]
[10Jun2026 22:36:59.529] [main/DEBUG] [net.neoforged.fml.javafmlmod.FMLModContainer/LOADING]: Creating FMLModContainer instance for journeymap_api with entrypoints [journeymap.JourneyMapAPI]
[10Jun2026 22:36:59.530] [main/DEBUG] [net.neoforged.fml.javafmlmod.FMLModContainer/LOADING]: Creating FMLModContainer instance for healingcampfire with entrypoints [com.natamus.healingcampfire.ModNeoForge]
[10Jun2026 22:36:59.535] [modloading-worker-0/DEBUG] [net.neoforged.fml.javafmlmod.AutomaticEventSubscriber/LOADING]: Attempting to inject @EventBusSubscriber classes into the eventbus for kuma_api
[10Jun2026 22:36:59.559] [modloading-worker-0/DEBUG] [net.neoforged.fml.javafmlmod.AutomaticEventSubscriber/LOADING]: Attempting to inject @EventBusSubscriber classes into the eventbus for supermartijn642configlib
[10Jun2026 22:36:59.561] [modloading-worker-0/DEBUG] [GeckoLib/]: Loaded software.bernie.geckolib.platform.GeckoLibNeoForge@6a251c9c for service interface software.bernie.geckolib.service.GeckoLibPlatform
[10Jun2026 22:36:59.561] [modloading-worker-0/DEBUG] [GeckoLib/]: Loaded software.bernie.geckolib.network.GeckoLibNetworkingNeoForge@7b8289 for service interface software.bernie.geckolib.service.GeckoLibNetworking
[10Jun2026 22:36:59.562] [modloading-worker-0/DEBUG] [net.neoforged.fml.javafmlmod.AutomaticEventSubscriber/LOADING]: Attempting to inject @EventBusSubscriber classes into the eventbus for geckolib
[10Jun2026 22:36:59.562] [modloading-worker-0/INFO] [Tools On My Back/]: Tools On My Back Initialized
[10Jun2026 22:36:59.563] [modloading-worker-0/DEBUG] [net.neoforged.fml.javafmlmod.AutomaticEventSubscriber/LOADING]: Attempting to inject @EventBusSubscriber classes into the eventbus for tools_on_my_back
[10Jun2026 22:36:59.573] [modloading-worker-0/DEBUG] [net.neoforged.fml.config.ConfigTracker/CONFIG]: Config file jei-server.toml for jei tracking
[10Jun2026 22:36:59.573] [modloading-worker-0/DEBUG] [net.neoforged.fml.config.ConfigTracker/CONFIG]: Config file weaponmaster_ydm-common.toml for weaponmaster_ydm tracking
[10Jun2026 22:36:59.574] [modloading-worker-0/DEBUG] [net.neoforged.fml.javafmlmod.AutomaticEventSubscriber/LOADING]: Attempting to inject @EventBusSubscriber classes into the eventbus for weaponmaster_ydm
[10Jun2026 22:36:59.574] [modloading-worker-0/DEBUG] [net.neoforged.fml.javafmlmod.AutomaticEventSubscriber/LOADING]: Scanning class yourdailymodder.weaponmaster.setup.events_on_server.ForgeEvents for @SubscribeEvent-annotated methods
[10Jun2026 22:36:59.586] [modloading-worker-0/DEBUG] [net.neoforged.fml.javafmlmod.AutomaticEventSubscriber/LOADING]: Attempting to inject @EventBusSubscriber classes into the eventbus for jei
[10Jun2026 22:36:59.590] [modloading-worker-0/DEBUG] [net.neoforged.fml.javafmlmod.AutomaticEventSubscriber/LOADING]: Subscribing method public static void yourdailymodder.weaponmaster.setup.events_on_server.ForgeEvents.onPlayerDeath(net.neoforged.neoforge.event.entity.player.PlayerEvent$Clone) to the game event bus
[10Jun2026 22:36:59.595] [modloading-worker-0/DEBUG] [net.neoforged.fml.javafmlmod.AutomaticEventSubscriber/LOADING]: Subscribing method public static void yourdailymodder.weaponmaster.setup.events_on_server.ForgeEvents.onPlayerChangeDimension(net.neoforged.neoforge.event.entity.player.PlayerEvent$PlayerChangedDimensionEvent) to the game event bus
[10Jun2026 22:36:59.596] [modloading-worker-0/DEBUG] [net.neoforged.fml.javafmlmod.AutomaticEventSubscriber/LOADING]: Subscribing method public static void yourdailymodder.weaponmaster.setup.events_on_server.ForgeEvents.onPlayerStartTracking(net.neoforged.neoforge.event.entity.player.PlayerEvent$StartTracking) to the game event bus
[10Jun2026 22:36:59.596] [modloading-worker-0/DEBUG] [net.neoforged.fml.javafmlmod.AutomaticEventSubscriber/LOADING]: Subscribing method public static void yourdailymodder.weaponmaster.setup.events_on_server.ForgeEvents.playerLoggedIn(net.neoforged.neoforge.event.entity.player.PlayerEvent$PlayerLoggedInEvent) to the game event bus
[10Jun2026 22:36:59.596] [modloading-worker-0/DEBUG] [mixin/]: Mixing MinecraftServerMixin from balm.mixins.json into net.minecraft.server.MinecraftServer
[10Jun2026 22:36:59.596] [modloading-worker-0/DEBUG] [net.neoforged.fml.javafmlmod.AutomaticEventSubscriber/LOADING]: Subscribing method public static void yourdailymodder.weaponmaster.setup.events_on_server.ForgeEvents.playerTick(net.neoforged.neoforge.event.tick.PlayerTickEvent$Post) to the game event bus
[10Jun2026 22:36:59.597] [modloading-worker-0/DEBUG] [net.neoforged.fml.javafmlmod.AutomaticEventSubscriber/LOADING]: Subscribing method public static void yourdailymodder.weaponmaster.setup.events_on_server.ForgeEvents.onPlayerRespawn(net.neoforged.neoforge.event.entity.player.PlayerEvent$PlayerRespawnEvent) to the game event bus
[10Jun2026 22:36:59.597] [modloading-worker-0/DEBUG] [net.neoforged.fml.javafmlmod.AutomaticEventSubscriber/LOADING]: Scanning class yourdailymodder.weaponmaster.setup.events_on_server.ModEvents for @SubscribeEvent-annotated methods
[10Jun2026 22:36:59.598] [modloading-worker-0/DEBUG] [mixin/]: balm.mixins.json:MinecraftServerMixin from mod balm: Class version 65 required is higher than the class version supported by the current version of Mixin (JAVA_17 supports class version 61)
[10Jun2026 22:36:59.598] [modloading-worker-0/DEBUG] [mixin/]: Renaming synthetic method lambda$reloadResources$0(Ljava/lang/Void;)V to mdc81b13$balm$lambda$reloadResources$0$0 in balm.mixins.json:MinecraftServerMixin from mod balm
[10Jun2026 22:36:59.602] [modloading-worker-0/DEBUG] [mixin/]: balm.mixins.json:MinecraftServerMixin from mod balm->@Inject::reloadResources(Ljava/util/Collection;Lorg/spongepowered/asm/mixin/injection/callback/CallbackInfoReturnable;)V does use it's CallbackInfoReturnable
[10Jun2026 22:36:59.603] [modloading-worker-0/DEBUG] [net.neoforged.fml.javafmlmod.AutomaticEventSubscriber/LOADING]: Subscribing method public static void yourdailymodder.weaponmaster.setup.events_on_server.ModEvents.serverinit(net.neoforged.neoforge.network.event.RegisterPayloadHandlersEvent) to the event bus of mod weaponmaster_ydm
[10Jun2026 22:36:59.603] [modloading-worker-0/DEBUG] [net.neoforged.fml.javafmlmod.AutomaticEventSubscriber/LOADING]: Subscribing method public static void yourdailymodder.weaponmaster.setup.events_on_server.ModEvents.onModConfigEvent(net.neoforged.fml.event.config.ModConfigEvent) to the event bus of mod weaponmaster_ydm
[10Jun2026 22:36:59.606] [modloading-worker-0/DEBUG] [net.neoforged.fml.javafmlmod.AutomaticEventSubscriber/LOADING]: Attempting to inject @EventBusSubscriber classes into the eventbus for attributefix
[10Jun2026 22:36:59.606] [modloading-worker-0/DEBUG] [net.neoforged.fml.javafmlmod.AutomaticEventSubscriber/LOADING]: Scanning class net.darkhax.attributefix.impl.NeoForgeMod for @SubscribeEvent-annotated methods
[10Jun2026 22:36:59.606] [modloading-worker-0/DEBUG] [net.neoforged.fml.javafmlmod.AutomaticEventSubscriber/LOADING]: Subscribing method public static void net.darkhax.attributefix.impl.NeoForgeMod.onLoadComplete(net.neoforged.fml.event.lifecycle.FMLLoadCompleteEvent) to the event bus of mod attributefix
[10Jun2026 22:36:59.623] [modloading-worker-0/DEBUG] [net.neoforged.fml.javafmlmod.AutomaticEventSubscriber/LOADING]: Attempting to inject @EventBusSubscriber classes into the eventbus for commonnetworking
[10Jun2026 22:36:59.632] [modloading-worker-0/DEBUG] [net.neoforged.fml.javafmlmod.AutomaticEventSubscriber/LOADING]: Attempting to inject @EventBusSubscriber classes into the eventbus for dynamiclights
[10Jun2026 22:36:59.641] [modloading-worker-0/DEBUG] [net.neoforged.fml.config.ConfigTracker/CONFIG]: Config file sophisticatedcore-common.toml for sophisticatedcore tracking
[10Jun2026 22:36:59.641] [modloading-worker-0/DEBUG] [net.neoforged.fml.config.ConfigTracker/CONFIG]: Config file sophisticatedcore-client.toml for sophisticatedcore tracking
[10Jun2026 22:36:59.653] [modloading-worker-0/DEBUG] [mixin/]: Mixing ReloadableServerResourcesMixin from balm.mixins.json into net.minecraft.server.ReloadableServerResources
[10Jun2026 22:36:59.653] [modloading-worker-0/DEBUG] [mixin/]: balm.mixins.json:ReloadableServerResourcesMixin from mod balm: Class version 65 required is higher than the class version supported by the current version of Mixin (JAVA_17 supports class version 61)
[10Jun2026 22:36:59.653] [modloading-worker-0/DEBUG] [mixin/]: Renaming synthetic method lambda$loadResources$0(Lnet/minecraft/server/ReloadableServerResources;)V to mdc81b13$balm$lambda$loadResources$0$0 in balm.mixins.json:ReloadableServerResourcesMixin from mod balm
[10Jun2026 22:36:59.656] [modloading-worker-0/DEBUG] [mixin/]: balm.mixins.json:ReloadableServerResourcesMixin from mod balm->@Inject::loadResources(Lnet/minecraft/server/packs/resources/ResourceManager;Lnet/minecraft/core/LayeredRegistryAccess;Ljava/util/List;Lnet/minecraft/world/flag/FeatureFlagSet;Lnet/minecraft/commands/Commands$CommandSelection;Lnet/minecraft/server/permissions/PermissionSet;Ljava/util/concurrent/Executor;Ljava/util/concurrent/Executor;Lorg/spongepowered/asm/mixin/injection/callback/CallbackInfoReturnable;)V does use it's CallbackInfoReturnable
[10Jun2026 22:36:59.679] [modloading-worker-0/DEBUG] [mixin/]: Mixing passcode.ServerGamePacketListenerImplMixin from securitycraft.mixins.json into net.minecraft.server.network.ServerGamePacketListenerImpl
[10Jun2026 22:36:59.708] [modloading-worker-0/DEBUG] [net.neoforged.fml.javafmlmod.AutomaticEventSubscriber/LOADING]: Attempting to inject @EventBusSubscriber classes into the eventbus for mcwwindows
[10Jun2026 22:36:59.719] [modloading-worker-0/DEBUG] [net.neoforged.fml.javafmlmod.AutomaticEventSubscriber/LOADING]: Attempting to inject @EventBusSubscriber classes into the eventbus for sophisticatedcore
[10Jun2026 22:36:59.740] [modloading-worker-0/DEBUG] [net.neoforged.fml.config.ConfigTracker/CONFIG]: Config file sootychimneys-common.toml for sootychimneys tracking
[10Jun2026 22:36:59.741] [modloading-worker-0/DEBUG] [net.neoforged.fml.config.ConfigTracker/CONFIG]: Config file sootychimneys-client.toml for sootychimneys tracking
[10Jun2026 22:36:59.741] [modloading-worker-0/DEBUG] [net.neoforged.fml.javafmlmod.AutomaticEventSubscriber/LOADING]: Attempting to inject @EventBusSubscriber classes into the eventbus for sootychimneys
[10Jun2026 22:36:59.741] [modloading-worker-0/DEBUG] [net.neoforged.fml.javafmlmod.AutomaticEventSubscriber/LOADING]: Scanning class io.github.mortuusars.sootychimneys.neoforge.datagen.DataGeneration for @SubscribeEvent-annotated methods
[10Jun2026 22:36:59.745] [modloading-worker-0/DEBUG] [net.neoforged.fml.javafmlmod.AutomaticEventSubscriber/LOADING]: Subscribing method public static void io.github.mortuusars.sootychimneys.neoforge.datagen.DataGeneration.gatherDataServer(net.neoforged.neoforge.data.event.GatherDataEvent$Server) to the event bus of mod sootychimneys
[10Jun2026 22:36:59.745] [modloading-worker-0/DEBUG] [net.neoforged.fml.javafmlmod.AutomaticEventSubscriber/LOADING]: Scanning class io.github.mortuusars.sootychimneys.neoforge.event.ClientEvents for @SubscribeEvent-annotated methods
[10Jun2026 22:36:59.746] [modloading-worker-0/DEBUG] [net.neoforged.fml.javafmlmod.AutomaticEventSubscriber/LOADING]: Subscribing method public static void io.github.mortuusars.sootychimneys.neoforge.event.ClientEvents.onCreativeTabsBuild(net.neoforged.neoforge.event.BuildCreativeModeTabContentsEvent) to the event bus of mod sootychimneys
[10Jun2026 22:36:59.746] [modloading-worker-0/DEBUG] [net.neoforged.fml.javafmlmod.AutomaticEventSubscriber/LOADING]: Subscribing method public static void io.github.mortuusars.sootychimneys.neoforge.event.ClientEvents.onRecipe(net.neoforged.neoforge.client.event.RecipesReceivedEvent) to the game event bus
[10Jun2026 22:36:59.747] [modloading-worker-0/DEBUG] [net.neoforged.fml.javafmlmod.AutomaticEventSubscriber/LOADING]: Subscribing method public static void io.github.mortuusars.sootychimneys.neoforge.event.ClientEvents.onLevelTick(net.neoforged.neoforge.event.tick.LevelTickEvent$Post) to the game event bus
[10Jun2026 22:36:59.747] [modloading-worker-0/DEBUG] [net.neoforged.fml.javafmlmod.AutomaticEventSubscriber/LOADING]: Scanning class io.github.mortuusars.sootychimneys.neoforge.event.CommonEvents for @SubscribeEvent-annotated methods
[10Jun2026 22:36:59.748] [modloading-worker-0/DEBUG] [net.neoforged.fml.javafmlmod.AutomaticEventSubscriber/LOADING]: Subscribing method public static void io.github.mortuusars.sootychimneys.neoforge.event.CommonEvents.onEnqueueIMC(net.neoforged.fml.event.lifecycle.InterModEnqueueEvent) to the event bus of mod sootychimneys
[10Jun2026 22:36:59.749] [modloading-worker-0/DEBUG] [net.neoforged.fml.javafmlmod.AutomaticEventSubscriber/LOADING]: Subscribing method public static void io.github.mortuusars.sootychimneys.neoforge.event.CommonEvents.onCommonSetup(net.neoforged.fml.event.lifecycle.FMLCommonSetupEvent) to the event bus of mod sootychimneys
[10Jun2026 22:36:59.750] [modloading-worker-0/DEBUG] [net.neoforged.fml.javafmlmod.AutomaticEventSubscriber/LOADING]: Subscribing method public static void io.github.mortuusars.sootychimneys.neoforge.event.CommonEvents.onDatapackSync(net.neoforged.neoforge.event.OnDatapackSyncEvent) to the game event bus
[10Jun2026 22:36:59.750] [modloading-worker-0/DEBUG] [net.neoforged.fml.javafmlmod.AutomaticEventSubscriber/LOADING]: Attempting to inject @EventBusSubscriber classes into the eventbus for advanced_graves_build
[10Jun2026 22:36:59.753] [modloading-worker-0/INFO] [net.blay09.mods.balm.neoforge.platform.config.internal.NeoForgeBalmConfig/]: Registering config for trashslot:common (COMMON) with 5 properties.
[10Jun2026 22:36:59.756] [modloading-worker-0/DEBUG] [net.neoforged.fml.config.ConfigTracker/CONFIG]: Config file trashslot-common.toml for trashslot tracking
[10Jun2026 22:36:59.757] [modloading-worker-0/INFO] [net.blay09.mods.balm.neoforge.platform.config.internal.NeoForgeBalmConfig/]: Registering config for waystones:common (COMMON) with 35 properties.
[10Jun2026 22:36:59.757] [modloading-worker-0/DEBUG] [net.neoforged.fml.config.ConfigTracker/CONFIG]: Config file waystones-common.toml for waystones tracking
[10Jun2026 22:36:59.781] [modloading-worker-0/DEBUG] [net.neoforged.fml.javafmlmod.AutomaticEventSubscriber/LOADING]: Attempting to inject @EventBusSubscriber classes into the eventbus for trashslot
[10Jun2026 22:36:59.818] [modloading-worker-0/INFO] [net.neoforged.neoforge.common.NeoForgeMod/NEOFORGE-MOD]: NeoForge mod loading, version 21.11.42, for MC 1.21.11
[10Jun2026 22:36:59.826] [modloading-worker-0/DEBUG] [net.neoforged.fml.config.ConfigTracker/CONFIG]: Config file journeymap-server.toml for journeymap tracking
[10Jun2026 22:36:59.828] [modloading-worker-0/DEBUG] [net.neoforged.fml.javafmlmod.AutomaticEventSubscriber/LOADING]: Attempting to inject @EventBusSubscriber classes into the eventbus for journeymap
[10Jun2026 22:36:59.828] [modloading-worker-0/DEBUG] [net.neoforged.fml.javafmlmod.AutomaticEventSubscriber/LOADING]: Attempting to inject @EventBusSubscriber classes into the eventbus for prism
[10Jun2026 22:36:59.835] [modloading-worker-0/DEBUG] [net.neoforged.fml.config.ConfigTracker/CONFIG]: Config file neoforge-server.toml for neoforge tracking
[10Jun2026 22:36:59.837] [modloading-worker-0/DEBUG] [net.neoforged.fml.config.ConfigTracker/CONFIG]: Config file neoforge-common.toml for neoforge tracking
[10Jun2026 22:36:59.844] [modloading-worker-0/DEBUG] [Comforts/]: Loaded com.illusivesoulworks.comforts.platform.NeoForgeSleepEvents@7c8e1bfd for service interface com.illusivesoulworks.comforts.platform.services.ISleepEvents
[10Jun2026 22:36:59.849] [modloading-worker-0/DEBUG] [Comforts/]: Loaded com.illusivesoulworks.comforts.platform.NeoForgeRegistryUtil@5fc9b201 for service interface com.illusivesoulworks.comforts.platform.services.IRegistryUtil
[10Jun2026 22:36:59.852] [modloading-worker-0/DEBUG] [Comforts/]: Loaded com.illusivesoulworks.comforts.platform.NeoForgeRegistryProvider@60c33bde for service interface com.illusivesoulworks.comforts.platform.services.IRegistryFactory
[10Jun2026 22:36:59.853] [modloading-worker-0/DEBUG] [Comforts/]: Loaded com.illusivesoulworks.comforts.platform.NeoForgePlatformHelper@54d020b1 for service interface com.illusivesoulworks.comforts.platform.services.IPlatformHelper
[10Jun2026 22:36:59.887] [modloading-worker-0/DEBUG] [net.neoforged.fml.javafmlmod.AutomaticEventSubscriber/LOADING]: Attempting to inject @EventBusSubscriber classes into the eventbus for lithostitched
[10Jun2026 22:36:59.889] [modloading-worker-0/DEBUG] [mixin/]: Mixing impl.MixinPacketHandler from glitchcore.neoforge.mixins.json into glitchcore.network.PacketHandler
[10Jun2026 22:36:59.889] [modloading-worker-0/DEBUG] [mixin/]: glitchcore.neoforge.mixins.json:impl.MixinPacketHandler from mod glitchcore: Class version 65 required is higher than the class version supported by the current version of Mixin (JAVA_17 supports class version 61)
[10Jun2026 22:36:59.890] [modloading-worker-0/DEBUG] [mixin/]: Renaming synthetic method lambda$register$2(Lglitchcore/neoforge/network/GCPayloadFactory;Lnet/neoforged/neoforge/client/network/event/RegisterClientPayloadHandlersEvent;)V to mdc81b13$glitchcore$lambda$register$2$0 in glitchcore.neoforge.mixins.json:impl.MixinPacketHandler from mod glitchcore
[10Jun2026 22:36:59.890] [modloading-worker-0/DEBUG] [mixin/]: Renaming synthetic method lambda$register$1(Ljava/lang/String;Lglitchcore/network/CustomPacket;Lglitchcore/neoforge/network/GCPayloadFactory;Lnet/neoforged/neoforge/network/event/RegisterPayloadHandlersEvent;)V to mdc81b13$glitchcore$lambda$register$1$1 in glitchcore.neoforge.mixins.json:impl.MixinPacketHandler from mod glitchcore
[10Jun2026 22:36:59.890] [modloading-worker-0/DEBUG] [mixin/]: Renaming synthetic method lambda$register$0()Ljava/lang/IllegalArgumentException; to mdc81b13$glitchcore$lambda$register$0$2 in glitchcore.neoforge.mixins.json:impl.MixinPacketHandler from mod glitchcore
[10Jun2026 22:36:59.964] [modloading-worker-0/DEBUG] [net.neoforged.fml.javafmlmod.AutomaticEventSubscriber/LOADING]: Attempting to inject @EventBusSubscriber classes into the eventbus for glitchcore
[10Jun2026 22:36:59.964] [modloading-worker-0/DEBUG] [net.neoforged.fml.javafmlmod.AutomaticEventSubscriber/LOADING]: Scanning class glitchcore.neoforge.handlers.TickEventHandler for @SubscribeEvent-annotated methods
[10Jun2026 22:36:59.965] [modloading-worker-0/DEBUG] [net.neoforged.fml.javafmlmod.AutomaticEventSubscriber/LOADING]: Subscribing method public static void glitchcore.neoforge.handlers.TickEventHandler.onLevelTick(net.neoforged.neoforge.event.tick.LevelTickEvent$Pre) to the game event bus
[10Jun2026 22:36:59.966] [modloading-worker-0/DEBUG] [net.neoforged.fml.javafmlmod.AutomaticEventSubscriber/LOADING]: Subscribing method public static void glitchcore.neoforge.handlers.TickEventHandler.onLevelTick(net.neoforged.neoforge.event.tick.LevelTickEvent$Post) to the game event bus
[10Jun2026 22:36:59.966] [modloading-worker-0/DEBUG] [net.neoforged.fml.javafmlmod.AutomaticEventSubscriber/LOADING]: Scanning class glitchcore.neoforge.handlers.TooltipEventHandler for @SubscribeEvent-annotated methods
[10Jun2026 22:36:59.967] [modloading-worker-0/DEBUG] [net.neoforged.fml.javafmlmod.AutomaticEventSubscriber/LOADING]: Subscribing method public static void glitchcore.neoforge.handlers.TooltipEventHandler.onItemTooltip(net.neoforged.neoforge.event.entity.player.ItemTooltipEvent) to the game event bus
[10Jun2026 22:36:59.967] [modloading-worker-0/DEBUG] [net.neoforged.fml.javafmlmod.AutomaticEventSubscriber/LOADING]: Scanning class glitchcore.neoforge.handlers.ToolModificationEventHandler for @SubscribeEvent-annotated methods
[10Jun2026 22:36:59.968] [modloading-worker-0/DEBUG] [net.neoforged.fml.javafmlmod.AutomaticEventSubscriber/LOADING]: Subscribing method public static void glitchcore.neoforge.handlers.ToolModificationEventHandler.onToolModification(net.neoforged.neoforge.event.level.BlockEvent$BlockToolModificationEvent) to the game event bus
[10Jun2026 22:36:59.968] [modloading-worker-0/DEBUG] [net.neoforged.fml.javafmlmod.AutomaticEventSubscriber/LOADING]: Scanning class glitchcore.neoforge.handlers.RegistryEventHandler for @SubscribeEvent-annotated methods
[10Jun2026 22:36:59.969] [modloading-worker-0/DEBUG] [SpectreLib/CONFIG]: Config file comforts-server.toml for comforts added to tracking
[10Jun2026 22:36:59.969] [modloading-worker-0/DEBUG] [net.neoforged.fml.javafmlmod.AutomaticEventSubscriber/LOADING]: Subscribing method private static void glitchcore.neoforge.handlers.RegistryEventHandler.onRegister(net.neoforged.neoforge.registries.RegisterEvent) to the event bus of mod glitchcore
[10Jun2026 22:36:59.969] [modloading-worker-0/DEBUG] [SpectreLib/CONFIG]: Config file comforts-common.toml for comforts added to tracking
[10Jun2026 22:36:59.969] [modloading-worker-0/DEBUG] [net.neoforged.fml.javafmlmod.AutomaticEventSubscriber/LOADING]: Scanning class glitchcore.neoforge.handlers.VillagerTradesEventHandler for @SubscribeEvent-annotated methods
[10Jun2026 22:36:59.970] [modloading-worker-0/DEBUG] [net.neoforged.fml.javafmlmod.AutomaticEventSubscriber/LOADING]: Attempting to inject @EventBusSubscriber classes into the eventbus for comforts
[10Jun2026 22:36:59.971] [modloading-worker-0/DEBUG] [net.neoforged.fml.javafmlmod.AutomaticEventSubscriber/LOADING]: Subscribing method public static void glitchcore.neoforge.handlers.VillagerTradesEventHandler.onWandererTrades(net.neoforged.neoforge.event.village.WandererTradesEvent) to the game event bus
[10Jun2026 22:36:59.971] [modloading-worker-0/DEBUG] [net.neoforged.fml.javafmlmod.AutomaticEventSubscriber/LOADING]: Subscribing method public static void glitchcore.neoforge.handlers.VillagerTradesEventHandler.onVillagerTrades(net.neoforged.neoforge.event.village.VillagerTradesEvent) to the game event bus
[10Jun2026 22:36:59.971] [modloading-worker-0/DEBUG] [net.neoforged.fml.javafmlmod.AutomaticEventSubscriber/LOADING]: Scanning class glitchcore.neoforge.handlers.InteractionEventHandler for @SubscribeEvent-annotated methods
[10Jun2026 22:36:59.972] [modloading-worker-0/DEBUG] [net.neoforged.fml.javafmlmod.AutomaticEventSubscriber/LOADING]: Subscribing method public static void glitchcore.neoforge.handlers.InteractionEventHandler.onRightClickBlock(net.neoforged.neoforge.event.entity.player.PlayerInteractEvent$RightClickBlock) to the game event bus
[10Jun2026 22:36:59.972] [modloading-worker-0/DEBUG] [net.neoforged.fml.javafmlmod.AutomaticEventSubscriber/LOADING]: Scanning class glitchcore.neoforge.handlers.TagsUpdatedEventHandler for @SubscribeEvent-annotated methods
[10Jun2026 22:36:59.974] [modloading-worker-0/DEBUG] [net.neoforged.fml.javafmlmod.AutomaticEventSubscriber/LOADING]: Subscribing method public static void glitchcore.neoforge.handlers.TagsUpdatedEventHandler.onTagsUpdated(net.neoforged.neoforge.event.TagsUpdatedEvent) to the game event bus
[10Jun2026 22:36:59.974] [modloading-worker-0/DEBUG] [net.neoforged.fml.javafmlmod.AutomaticEventSubscriber/LOADING]: Scanning class glitchcore.neoforge.handlers.RemapperEventHandler for @SubscribeEvent-annotated methods
[10Jun2026 22:36:59.974] [modloading-worker-0/DEBUG] [net.neoforged.fml.javafmlmod.AutomaticEventSubscriber/LOADING]: Subscribing method public static void glitchcore.neoforge.handlers.RemapperEventHandler.onRegister(net.neoforged.neoforge.registries.RegisterEvent) to the event bus of mod glitchcore
[10Jun2026 22:36:59.975] [modloading-worker-0/DEBUG] [net.neoforged.fml.javafmlmod.AutomaticEventSubscriber/LOADING]: Scanning class glitchcore.neoforge.handlers.RegisterCommandsEventHandler for @SubscribeEvent-annotated methods
[10Jun2026 22:36:59.975] [modloading-worker-0/DEBUG] [net.neoforged.fml.javafmlmod.AutomaticEventSubscriber/LOADING]: Subscribing method public static void glitchcore.neoforge.handlers.RegisterCommandsEventHandler.onRegisterCommands(net.neoforged.neoforge.event.RegisterCommandsEvent) to the game event bus
[10Jun2026 22:36:59.976] [modloading-worker-0/DEBUG] [net.neoforged.fml.javafmlmod.AutomaticEventSubscriber/LOADING]: Attempting to inject @EventBusSubscriber classes into the eventbus for mtr
[10Jun2026 22:36:59.977] [modloading-worker-0/DEBUG] [net.neoforged.fml.config.ConfigTracker/CONFIG]: Config file cropsloverain.toml for cropsloverain tracking
[10Jun2026 22:36:59.977] [modloading-worker-0/DEBUG] [net.neoforged.fml.javafmlmod.AutomaticEventSubscriber/LOADING]: Attempting to inject @EventBusSubscriber classes into the eventbus for cropsloverain
[10Jun2026 22:37:00.003] [modloading-worker-0/DEBUG] [net.neoforged.fml.javafmlmod.AutomaticEventSubscriber/LOADING]: Attempting to inject @EventBusSubscriber classes into the eventbus for neoforge
[10Jun2026 22:37:00.004] [modloading-worker-0/DEBUG] [net.neoforged.fml.javafmlmod.AutomaticEventSubscriber/LOADING]: Scanning class net.neoforged.neoforge.attachment.AttachmentInternals for @SubscribeEvent-annotated methods
[10Jun2026 22:37:00.006] [modloading-worker-0/DEBUG] [net.neoforged.fml.javafmlmod.AutomaticEventSubscriber/LOADING]: Subscribing method public static void net.neoforged.neoforge.attachment.AttachmentInternals.onLivingConvert(net.neoforged.neoforge.event.entity.living.LivingConversionEvent$Post) to the game event bus
[10Jun2026 22:37:00.006] [modloading-worker-0/DEBUG] [net.neoforged.fml.javafmlmod.AutomaticEventSubscriber/LOADING]: Subscribing method public static void net.neoforged.neoforge.attachment.AttachmentInternals.onPlayerClone(net.neoforged.neoforge.event.entity.player.PlayerEvent$Clone) to the game event bus
[10Jun2026 22:37:00.006] [modloading-worker-0/DEBUG] [net.neoforged.fml.javafmlmod.AutomaticEventSubscriber/LOADING]: Scanning class net.neoforged.neoforge.attachment.AttachmentSync for @SubscribeEvent-annotated methods
[10Jun2026 22:37:00.007] [modloading-worker-0/DEBUG] [net.neoforged.fml.javafmlmod.AutomaticEventSubscriber/LOADING]: Attempting to inject @EventBusSubscriber classes into the eventbus for balm
[10Jun2026 22:37:00.011] [modloading-worker-0/DEBUG] [net.neoforged.fml.javafmlmod.AutomaticEventSubscriber/LOADING]: Subscribing method public static void net.neoforged.neoforge.attachment.AttachmentSync.onChunkSent(net.neoforged.neoforge.event.level.ChunkWatchEvent$Sent) to the game event bus
[10Jun2026 22:37:00.011] [modloading-worker-0/DEBUG] [net.neoforged.fml.javafmlmod.AutomaticEventSubscriber/LOADING]: Scanning class net.neoforged.neoforge.common.MonsterRoomHooks for @SubscribeEvent-annotated methods
[10Jun2026 22:37:00.014] [modloading-worker-0/DEBUG] [net.neoforged.fml.javafmlmod.AutomaticEventSubscriber/LOADING]: Subscribing method public static void net.neoforged.neoforge.common.MonsterRoomHooks.onDataMapsUpdated(net.neoforged.neoforge.registries.datamaps.DataMapsUpdatedEvent) to the game event bus
[10Jun2026 22:37:00.014] [modloading-worker-0/DEBUG] [net.neoforged.fml.javafmlmod.AutomaticEventSubscriber/LOADING]: Scanning class net.neoforged.neoforge.network.ConfigurationInitialization for @SubscribeEvent-annotated methods
[10Jun2026 22:37:00.016] [modloading-worker-0/DEBUG] [net.neoforged.fml.javafmlmod.AutomaticEventSubscriber/LOADING]: Subscribing method private static void net.neoforged.neoforge.network.ConfigurationInitialization.configureModdedClient(net.neoforged.neoforge.network.event.RegisterConfigurationTasksEvent) to the event bus of mod neoforge
[10Jun2026 22:37:00.016] [modloading-worker-0/DEBUG] [net.neoforged.fml.javafmlmod.AutomaticEventSubscriber/LOADING]: Scanning class net.neoforged.neoforge.network.NetworkInitialization for @SubscribeEvent-annotated methods
[10Jun2026 22:37:00.016] [modloading-worker-0/DEBUG] [net.neoforged.fml.javafmlmod.AutomaticEventSubscriber/LOADING]: Subscribing method private static void net.neoforged.neoforge.network.NetworkInitialization.register(net.neoforged.neoforge.network.event.RegisterPayloadHandlersEvent) to the event bus of mod neoforge
[10Jun2026 22:37:00.017] [modloading-worker-0/DEBUG] [net.neoforged.fml.javafmlmod.AutomaticEventSubscriber/LOADING]: Scanning class net.neoforged.neoforge.network.filters.GenericPacketSplitter for @SubscribeEvent-annotated methods
[10Jun2026 22:37:00.021] [modloading-worker-0/DEBUG] [net.neoforged.fml.javafmlmod.AutomaticEventSubscriber/LOADING]: Attempting to inject @EventBusSubscriber classes into the eventbus for terralith
[10Jun2026 22:37:00.025] [modloading-worker-0/DEBUG] [Prickle/]: Loaded net.darkhax.pricklemc.neoforge.impl.util.NeoForgePlatformHelper@6a220004 for service interface net.darkhax.pricklemc.common.api.util.IPlatformHelper.
[10Jun2026 22:37:00.025] [modloading-worker-0/DEBUG] [net.neoforged.fml.javafmlmod.AutomaticEventSubscriber/LOADING]: Attempting to inject @EventBusSubscriber classes into the eventbus for prickle
[10Jun2026 22:37:00.048] [modloading-worker-0/DEBUG] [Carry On/]: Loaded tschipp.carryon.platform.NeoForgePlatformHelper@73c4e26d for service interface tschipp.carryon.platform.services.IPlatformHelper
[10Jun2026 22:37:00.049] [modloading-worker-0/DEBUG] [Carry On/]: Loaded tschipp.carryon.platform.NeoForgeGamestagesHelper@11e748b6 for service interface tschipp.carryon.platform.services.IGamestagePlatformHelper
[10Jun2026 22:37:00.051] [modloading-worker-0/DEBUG] [net.neoforged.fml.config.ConfigTracker/CONFIG]: Config file sophisticatedbackpacks-server.toml for sophisticatedbackpacks tracking
[10Jun2026 22:37:00.051] [modloading-worker-0/DEBUG] [net.neoforged.fml.config.ConfigTracker/CONFIG]: Config file sophisticatedbackpacks-common.toml for sophisticatedbackpacks tracking
[10Jun2026 22:37:00.053] [modloading-worker-0/DEBUG] [net.neoforged.fml.config.ConfigTracker/CONFIG]: Config file carryon-common.toml for carryon tracking
[10Jun2026 22:37:00.053] [modloading-worker-0/DEBUG] [net.neoforged.fml.config.ConfigTracker/CONFIG]: Config file carryon-client.toml for carryon tracking
[10Jun2026 22:37:00.053] [modloading-worker-0/DEBUG] [net.neoforged.fml.javafmlmod.AutomaticEventSubscriber/LOADING]: Attempting to inject @EventBusSubscriber classes into the eventbus for carryon
[10Jun2026 22:37:00.053] [modloading-worker-0/DEBUG] [net.neoforged.fml.javafmlmod.AutomaticEventSubscriber/LOADING]: Scanning class tschipp.carryon.events.ModBusEvents for @SubscribeEvent-annotated methods
[10Jun2026 22:37:00.054] [modloading-worker-0/DEBUG] [net.neoforged.fml.javafmlmod.AutomaticEventSubscriber/LOADING]: Subscribing method public static void tschipp.carryon.events.ModBusEvents.serverLoad(net.neoforged.fml.event.lifecycle.InterModProcessEvent) to the event bus of mod carryon
[10Jun2026 22:37:00.055] [modloading-worker-0/DEBUG] [net.neoforged.fml.javafmlmod.AutomaticEventSubscriber/LOADING]: Scanning class tschipp.carryon.events.CommonEvents for @SubscribeEvent-annotated methods
[10Jun2026 22:37:00.055] [modloading-worker-0/DEBUG] [net.neoforged.fml.javafmlmod.AutomaticEventSubscriber/LOADING]: Attempting to inject @EventBusSubscriber classes into the eventbus for waystones
[10Jun2026 22:37:00.057] [modloading-worker-0/DEBUG] [net.neoforged.fml.javafmlmod.AutomaticEventSubscriber/LOADING]: Subscribing method public static void tschipp.carryon.events.CommonEvents.onServerTick(net.neoforged.neoforge.event.tick.ServerTickEvent$Post) to the game event bus
[10Jun2026 22:37:00.058] [modloading-worker-0/DEBUG] [net.neoforged.fml.javafmlmod.AutomaticEventSubscriber/LOADING]: Subscribing method public static void tschipp.carryon.events.CommonEvents.onBlockClick(net.neoforged.neoforge.event.entity.player.PlayerInteractEvent$RightClickBlock) to the game event bus
[10Jun2026 22:37:00.058] [modloading-worker-0/DEBUG] [net.neoforged.fml.javafmlmod.AutomaticEventSubscriber/LOADING]: Subscribing method public static void tschipp.carryon.events.CommonEvents.onEntityRightClick(net.neoforged.neoforge.event.entity.player.PlayerInteractEvent$EntityInteract) to the game event bus
[10Jun2026 22:37:00.060] [modloading-worker-0/DEBUG] [net.neoforged.fml.javafmlmod.AutomaticEventSubscriber/LOADING]: Subscribing method public static void tschipp.carryon.events.CommonEvents.onDatapackRegister(net.neoforged.neoforge.event.AddServerReloadListenersEvent) to the game event bus
[10Jun2026 22:37:00.062] [modloading-worker-0/DEBUG] [net.neoforged.fml.javafmlmod.AutomaticEventSubscriber/LOADING]: Subscribing method public static void tschipp.carryon.events.CommonEvents.onTagsUpdate(net.neoforged.neoforge.event.TagsUpdatedEvent) to the game event bus
[10Jun2026 22:37:00.062] [modloading-worker-0/DEBUG] [net.neoforged.fml.javafmlmod.AutomaticEventSubscriber/LOADING]: Subscribing method public static void tschipp.carryon.events.CommonEvents.onClone(net.neoforged.neoforge.event.entity.player.PlayerEvent$Clone) to the game event bus
[10Jun2026 22:37:00.063] [modloading-worker-0/DEBUG] [net.neoforged.fml.javafmlmod.AutomaticEventSubscriber/LOADING]: Subscribing method public static void tschipp.carryon.events.CommonEvents.harvestSpeed(net.neoforged.neoforge.event.entity.player.PlayerEvent$BreakSpeed) to the game event bus
[10Jun2026 22:37:00.063] [modloading-worker-0/DEBUG] [net.neoforged.fml.javafmlmod.AutomaticEventSubscriber/LOADING]: Subscribing method public static void tschipp.carryon.events.CommonEvents.attackEntity(net.neoforged.neoforge.event.entity.player.AttackEntityEvent) to the game event bus
[10Jun2026 22:37:00.063] [modloading-worker-0/DEBUG] [net.neoforged.fml.javafmlmod.AutomaticEventSubscriber/LOADING]: Subscribing method public static void tschipp.carryon.events.CommonEvents.onBreakBlock(net.neoforged.neoforge.event.level.BlockEvent$BreakEvent) to the game event bus
[10Jun2026 22:37:00.064] [modloading-worker-0/DEBUG] [net.neoforged.fml.javafmlmod.AutomaticEventSubscriber/LOADING]: Subscribing method public static void tschipp.carryon.events.CommonEvents.onPlayerLoggedOut(net.neoforged.neoforge.event.entity.player.PlayerEvent$PlayerLoggedOutEvent) to the game event bus
[10Jun2026 22:37:00.064] [modloading-worker-0/DEBUG] [net.neoforged.fml.javafmlmod.AutomaticEventSubscriber/LOADING]: Subscribing method public static void tschipp.carryon.events.CommonEvents.playerAttack(net.neoforged.neoforge.event.entity.player.AttackEntityEvent) to the game event bus
[10Jun2026 22:37:00.064] [modloading-worker-0/DEBUG] [net.neoforged.fml.javafmlmod.AutomaticEventSubscriber/LOADING]: Subscribing method public static void tschipp.carryon.events.CommonEvents.onDatapackSync(net.neoforged.neoforge.event.OnDatapackSyncEvent) to the game event bus
[10Jun2026 22:37:00.065] [modloading-worker-0/DEBUG] [net.neoforged.fml.javafmlmod.AutomaticEventSubscriber/LOADING]: Subscribing method public static void tschipp.carryon.events.CommonEvents.onRegisterCommands(net.neoforged.neoforge.event.RegisterCommandsEvent) to the game event bus
[10Jun2026 22:37:00.065] [modloading-worker-0/DEBUG] [net.neoforged.fml.javafmlmod.AutomaticEventSubscriber/LOADING]: Scanning class tschipp.carryon.config.neoforge.ConfigLoaderImpl for @SubscribeEvent-annotated methods
[10Jun2026 22:37:00.065] [modloading-worker-0/DEBUG] [net.neoforged.fml.javafmlmod.AutomaticEventSubscriber/LOADING]: Subscribing method public static void tschipp.carryon.config.neoforge.ConfigLoaderImpl.onConfigReload(net.neoforged.fml.event.config.ModConfigEvent$Reloading) to the event bus of mod carryon
[10Jun2026 22:37:00.065] [modloading-worker-0/DEBUG] [net.neoforged.fml.javafmlmod.AutomaticEventSubscriber/LOADING]: Subscribing method public static void tschipp.carryon.config.neoforge.ConfigLoaderImpl.onConfigLoad(net.neoforged.fml.event.config.ModConfigEvent$Loading) to the event bus of mod carryon
[10Jun2026 22:37:00.068] [modloading-worker-0/DEBUG] [io.netty.util.internal.PlatformDependent0/]: Java version: 21
[10Jun2026 22:37:00.069] [modloading-worker-0/DEBUG] [io.netty.util.internal.PlatformDependent0/]: -Dio.netty.noUnsafe: false
[10Jun2026 22:37:00.072] [modloading-worker-0/DEBUG] [io.netty.util.internal.PlatformDependent0/]: sun.misc.Unsafe.theUnsafe: available
[10Jun2026 22:37:00.073] [modloading-worker-0/DEBUG] [io.netty.util.internal.PlatformDependent0/]: sun.misc.Unsafe base methods: all available
[10Jun2026 22:37:00.073] [modloading-worker-0/DEBUG] [io.netty.util.internal.PlatformDependent0/]: java.nio.Buffer.address: available
[10Jun2026 22:37:00.074] [modloading-worker-0/DEBUG] [io.netty.util.internal.PlatformDependent0/]: java.nio.Bits.unaligned: available, true
[10Jun2026 22:37:00.077] [modloading-worker-0/DEBUG] [io.netty.util.internal.PlatformDependent0/]: java.nio.DirectByteBuffer.<init>(long, {int,long}): unavailable
[10Jun2026 22:37:00.077] [modloading-worker-0/DEBUG] [io.netty.util.internal.PlatformDependent/]: sun.misc.Unsafe: available
[10Jun2026 22:37:00.077] [modloading-worker-0/DEBUG] [io.netty.util.internal.PlatformDependent/]: -Dio.netty.tmpdir: /tmp (java.io.tmpdir)
[10Jun2026 22:37:00.078] [modloading-worker-0/DEBUG] [io.netty.util.internal.PlatformDependent/]: -Dio.netty.bitMode: 64 (sun.arch.data.model)
[10Jun2026 22:37:00.078] [modloading-worker-0/DEBUG] [io.netty.util.internal.PlatformDependent/]: -Dio.netty.maxDirectMemory: -1 bytes
[10Jun2026 22:37:00.083] [modloading-worker-0/DEBUG] [net.neoforged.fml.javafmlmod.AutomaticEventSubscriber/LOADING]: Attempting to inject @EventBusSubscriber classes into the eventbus for cloth_config
[10Jun2026 22:37:00.089] [modloading-worker-0/DEBUG] [io.netty.util.internal.CleanerJava9/]: java.nio.ByteBuffer.cleaner(): available
[10Jun2026 22:37:00.090] [modloading-worker-0/DEBUG] [io.netty.util.internal.PlatformDependent/]: -Dio.netty.noPreferDirect: false
[10Jun2026 22:37:00.114] [modloading-worker-0/DEBUG] [io.netty.util.internal.PlatformDependent/]: -Dio.netty.jfr.enabled: true
[10Jun2026 22:37:00.135] [modloading-worker-0/DEBUG] [io.netty.buffer.AbstractByteBuf/]: -Dio.netty.buffer.checkAccessible: true
[10Jun2026 22:37:00.135] [modloading-worker-0/DEBUG] [io.netty.buffer.AbstractByteBuf/]: -Dio.netty.buffer.checkBounds: true
[10Jun2026 22:37:00.136] [modloading-worker-0/DEBUG] [io.netty.util.ResourceLeakDetectorFactory/]: Loaded default ResourceLeakDetector: io.netty.util.ResourceLeakDetector@4832cb7c
[10Jun2026 22:37:00.153] [modloading-worker-0/DEBUG] [io.netty.util.internal.InternalThreadLocalMap/]: -Dio.netty.threadLocalMap.stringBuilder.initialSize: 1024
[10Jun2026 22:37:00.153] [modloading-worker-0/DEBUG] [io.netty.util.internal.InternalThreadLocalMap/]: -Dio.netty.threadLocalMap.stringBuilder.maxSize: 4096
[10Jun2026 22:37:00.156] [modloading-worker-0/DEBUG] [io.netty.buffer.AdaptiveByteBufAllocator/]: -Dio.netty.allocator.useCachedMagazinesForNonEventLoopThreads: false
[10Jun2026 22:37:00.167] [modloading-worker-0/DEBUG] [io.netty.util.Recycler/]: -Dio.netty.recycler.maxCapacityPerThread: 4096
[10Jun2026 22:37:00.168] [modloading-worker-0/DEBUG] [io.netty.util.Recycler/]: -Dio.netty.recycler.ratio: 8
[10Jun2026 22:37:00.168] [modloading-worker-0/DEBUG] [io.netty.util.Recycler/]: -Dio.netty.recycler.chunkSize: 32
[10Jun2026 22:37:00.168] [modloading-worker-0/DEBUG] [io.netty.util.Recycler/]: -Dio.netty.recycler.blocking: false
[10Jun2026 22:37:00.168] [modloading-worker-0/DEBUG] [io.netty.util.Recycler/]: -Dio.netty.recycler.batchFastThreadLocalOnly: true
[10Jun2026 22:37:00.174] [modloading-worker-0/DEBUG] [io.netty.buffer.ByteBufUtil/]: -Dio.netty.allocator.type: adaptive
[10Jun2026 22:37:00.174] [modloading-worker-0/DEBUG] [io.netty.buffer.ByteBufUtil/]: -Dio.netty.threadLocalDirectBufferSize: 0
[10Jun2026 22:37:00.174] [modloading-worker-0/DEBUG] [io.netty.buffer.ByteBufUtil/]: -Dio.netty.maxThreadLocalCharBufferSize: 16384
[10Jun2026 22:37:00.180] [modloading-worker-0/DEBUG] [net.neoforged.fml.javafmlmod.AutomaticEventSubscriber/LOADING]: Subscribing method private static void net.neoforged.neoforge.network.filters.GenericPacketSplitter.register(net.neoforged.neoforge.network.event.RegisterPayloadHandlersEvent) to the event bus of mod neoforge
[10Jun2026 22:37:00.198] [modloading-worker-0/INFO] [Puzzles Lib/]: Constructing components for healthbars:common
[10Jun2026 22:37:00.229] [modloading-worker-0/DEBUG] [net.neoforged.fml.javafmlmod.AutomaticEventSubscriber/LOADING]: Attempting to inject @EventBusSubscriber classes into the eventbus for sophisticatedbackpacks
[10Jun2026 22:37:00.229] [modloading-worker-0/INFO] [com.razz.decocraft.Decocraft/]: Initializing Decocraft mod
[10Jun2026 22:37:00.255] [modloading-worker-0/DEBUG] [net.neoforged.fml.config.ConfigTracker/CONFIG]: Config file decocraft-common.toml for decocraft tracking
[10Jun2026 22:37:00.255] [modloading-worker-0/DEBUG] [net.neoforged.fml.javafmlmod.AutomaticEventSubscriber/LOADING]: Attempting to inject @EventBusSubscriber classes into the eventbus for decocraft
[10Jun2026 22:37:00.255] [modloading-worker-0/DEBUG] [net.neoforged.fml.javafmlmod.AutomaticEventSubscriber/LOADING]: Scanning class com.razz.decocraft.server.ServerEvents for @SubscribeEvent-annotated methods
[10Jun2026 22:37:00.256] [modloading-worker-0/DEBUG] [net.neoforged.fml.javafmlmod.AutomaticEventSubscriber/LOADING]: Subscribing method public static void com.razz.decocraft.server.ServerEvents.onLeftClickEmpty(net.neoforged.neoforge.event.entity.player.PlayerInteractEvent$LeftClickEmpty) to the game event bus
[10Jun2026 22:37:00.256] [modloading-worker-0/DEBUG] [net.neoforged.fml.javafmlmod.AutomaticEventSubscriber/LOADING]: Subscribing method public static void com.razz.decocraft.server.ServerEvents.onLeftClickBlock(net.neoforged.neoforge.event.entity.player.PlayerInteractEvent$LeftClickBlock) to the game event bus
[10Jun2026 22:37:00.259] [modloading-worker-0/DEBUG] [net.neoforged.fml.javafmlmod.AutomaticEventSubscriber/LOADING]: Attempting to inject @EventBusSubscriber classes into the eventbus for healthbars
[10Jun2026 22:37:00.261] [modloading-worker-0/DEBUG] [net.neoforged.fml.javafmlmod.AutomaticEventSubscriber/LOADING]: Attempting to inject @EventBusSubscriber classes into the eventbus for spectrelib
[10Jun2026 22:37:00.283] [modloading-worker-0/DEBUG] [Prickle/]: Loaded 1 entries for interface net.darkhax.pricklemc.common.api.config.property.IDefaultPropertyAdapters. net.darkhax.pricklemc.common.impl.config.property.MinecraftPropertyPlugin
[10Jun2026 22:37:00.301] [modloading-worker-0/DEBUG] [net.neoforged.fml.javafmlmod.AutomaticEventSubscriber/LOADING]: Attempting to inject @EventBusSubscriber classes into the eventbus for supermartijn642corelib
[10Jun2026 22:37:00.317] [modloading-worker-0/DEBUG] [net.neoforged.fml.javafmlmod.AutomaticEventSubscriber/LOADING]: Attempting to inject @EventBusSubscriber classes into the eventbus for iceberg
[10Jun2026 22:37:00.317] [modloading-worker-0/DEBUG] [net.neoforged.fml.javafmlmod.AutomaticEventSubscriber/LOADING]: Scanning class com.anthonyhilyard.iceberg.neoforge.common.IcebergNeoForgeCommon for @SubscribeEvent-annotated methods
[10Jun2026 22:37:00.317] [modloading-worker-0/DEBUG] [net.neoforged.fml.javafmlmod.AutomaticEventSubscriber/LOADING]: Subscribing method public static void com.anthonyhilyard.iceberg.neoforge.common.IcebergNeoForgeCommon.levelLoadEvent(net.neoforged.neoforge.event.level.LevelEvent$Load) to the game event bus
[10Jun2026 22:37:00.328] [modloading-worker-0/DEBUG] [net.neoforged.fml.javafmlmod.AutomaticEventSubscriber/LOADING]: Subscribing method public static void com.anthonyhilyard.iceberg.neoforge.common.IcebergNeoForgeCommon.levelUnloadEvent(net.neoforged.neoforge.event.level.LevelEvent$Unload) to the game event bus
[10Jun2026 22:37:00.328] [modloading-worker-0/DEBUG] [net.neoforged.fml.javafmlmod.AutomaticEventSubscriber/LOADING]: Scanning class com.anthonyhilyard.iceberg.neoforge.server.IcebergNeoForgeServer for @SubscribeEvent-annotated methods
[10Jun2026 22:37:00.338] [modloading-worker-0/DEBUG] [net.neoforged.fml.javafmlmod.AutomaticEventSubscriber/LOADING]: Subscribing method public static void com.anthonyhilyard.iceberg.neoforge.server.IcebergNeoForgeServer.event(net.neoforged.neoforge.event.entity.player.PlayerEvent$PlayerLoggedInEvent) to the game event bus
[10Jun2026 22:37:00.348] [modloading-worker-0/INFO] [Collective/]: Loading Collective version 8.22.
[10Jun2026 22:37:00.360] [modloading-worker-0/DEBUG] [net.neoforged.fml.javafmlmod.AutomaticEventSubscriber/LOADING]: Attempting to inject @EventBusSubscriber classes into the eventbus for enchdesc
[10Jun2026 22:37:00.390] [modloading-worker-0/DEBUG] [net.neoforged.fml.config.ConfigTracker/CONFIG]: Config file securitycraft-server.toml for securitycraft tracking
[10Jun2026 22:37:00.401] [modloading-worker-0/DEBUG] [net.neoforged.fml.javafmlmod.AutomaticEventSubscriber/LOADING]: Attempting to inject @EventBusSubscriber classes into the eventbus for securitycraft
[10Jun2026 22:37:00.401] [modloading-worker-0/DEBUG] [net.neoforged.fml.javafmlmod.AutomaticEventSubscriber/LOADING]: Scanning class net.geforcemods.securitycraft.api.SecurityCraftAPI for @SubscribeEvent-annotated methods
[10Jun2026 22:37:00.405] [modloading-worker-0/DEBUG] [net.neoforged.fml.javafmlmod.AutomaticEventSubscriber/LOADING]: Subscribing method public static void net.geforcemods.securitycraft.api.SecurityCraftAPI.onInterModProcess(net.neoforged.fml.event.lifecycle.InterModProcessEvent) to the event bus of mod securitycraft
[10Jun2026 22:37:00.406] [modloading-worker-0/DEBUG] [net.neoforged.fml.javafmlmod.AutomaticEventSubscriber/LOADING]: Scanning class net.geforcemods.securitycraft.ConfigHandler for @SubscribeEvent-annotated methods
[10Jun2026 22:37:00.406] [modloading-worker-0/DEBUG] [net.neoforged.fml.javafmlmod.AutomaticEventSubscriber/LOADING]: Subscribing method public static void net.geforcemods.securitycraft.ConfigHandler.onModConfigReloading(net.neoforged.fml.event.config.ModConfigEvent$Loading) to the event bus of mod securitycraft
[10Jun2026 22:37:00.409] [modloading-worker-0/DEBUG] [net.neoforged.fml.javafmlmod.AutomaticEventSubscriber/LOADING]: Subscribing method public static void net.geforcemods.securitycraft.ConfigHandler.onModConfigReloading(net.neoforged.fml.event.config.ModConfigEvent$Reloading) to the event bus of mod securitycraft
[10Jun2026 22:37:00.409] [modloading-worker-0/DEBUG] [net.neoforged.fml.javafmlmod.AutomaticEventSubscriber/LOADING]: Scanning class net.geforcemods.securitycraft.RegistrationHandler for @SubscribeEvent-annotated methods
[10Jun2026 22:37:00.413] [modloading-worker-0/DEBUG] [net.neoforged.fml.javafmlmod.AutomaticEventSubscriber/LOADING]: Subscribing method public static void net.geforcemods.securitycraft.RegistrationHandler.onEntityAttributeCreation(net.neoforged.neoforge.event.entity.EntityAttributeCreationEvent) to the event bus of mod securitycraft
[10Jun2026 22:37:00.418] [modloading-worker-0/DEBUG] [net.neoforged.fml.javafmlmod.AutomaticEventSubscriber/LOADING]: Subscribing method public static void net.geforcemods.securitycraft.RegistrationHandler.onExtendPoiTypes(net.neoforged.neoforge.common.world.poi.ExtendPoiTypesEvent) to the event bus of mod securitycraft
[10Jun2026 22:37:00.419] [modloading-worker-0/DEBUG] [net.neoforged.fml.javafmlmod.AutomaticEventSubscriber/LOADING]: Subscribing method public static void net.geforcemods.securitycraft.RegistrationHandler.onRegisterPayloadHandlers(net.neoforged.neoforge.network.event.RegisterPayloadHandlersEvent) to the event bus of mod securitycraft
[10Jun2026 22:37:00.419] [modloading-worker-0/DEBUG] [net.neoforged.fml.javafmlmod.AutomaticEventSubscriber/LOADING]: Subscribing method public static void net.geforcemods.securitycraft.RegistrationHandler.onCreativeModeTabRegister(net.neoforged.neoforge.event.BuildCreativeModeTabContentsEvent) to the event bus of mod securitycraft
[10Jun2026 22:37:00.419] [modloading-worker-0/DEBUG] [net.neoforged.fml.javafmlmod.AutomaticEventSubscriber/LOADING]: Subscribing method public static void net.geforcemods.securitycraft.RegistrationHandler.onRegisterCapabilities(net.neoforged.neoforge.capabilities.RegisterCapabilitiesEvent) to the event bus of mod securitycraft
[10Jun2026 22:37:00.419] [modloading-worker-0/DEBUG] [net.neoforged.fml.javafmlmod.AutomaticEventSubscriber/LOADING]: Subscribing method public static void net.geforcemods.securitycraft.RegistrationHandler.onRegister(net.neoforged.neoforge.registries.RegisterEvent) to the event bus of mod securitycraft
[10Jun2026 22:37:00.420] [modloading-worker-0/DEBUG] [net.neoforged.fml.javafmlmod.AutomaticEventSubscriber/LOADING]: Scanning class net.geforcemods.securitycraft.SCEventHandler for @SubscribeEvent-annotated methods
[10Jun2026 22:37:00.425] [modloading-worker-0/DEBUG] [net.neoforged.fml.javafmlmod.AutomaticEventSubscriber/LOADING]: Subscribing method public static void net.geforcemods.securitycraft.SCEventHandler.onServerTickPre(net.neoforged.neoforge.event.tick.ServerTickEvent$Pre) to the game event bus
[10Jun2026 22:37:00.426] [modloading-worker-0/DEBUG] [net.neoforged.fml.javafmlmod.AutomaticEventSubscriber/LOADING]: Subscribing method public static void net.geforcemods.securitycraft.SCEventHandler.onEntityLeaveLevel(net.neoforged.neoforge.event.entity.EntityLeaveLevelEvent) to the game event bus
[10Jun2026 22:37:00.427] [modloading-worker-0/DEBUG] [net.neoforged.fml.javafmlmod.AutomaticEventSubscriber/LOADING]: Subscribing method public static void net.geforcemods.securitycraft.SCEventHandler.onLevelLoad(net.neoforged.neoforge.event.level.LevelEvent$Load) to the game event bus
[10Jun2026 22:37:00.427] [modloading-worker-0/DEBUG] [net.neoforged.fml.javafmlmod.AutomaticEventSubscriber/LOADING]: Subscribing method public static void net.geforcemods.securitycraft.SCEventHandler.onLevelUnload(net.neoforged.neoforge.event.level.LevelEvent$Unload) to the game event bus
[10Jun2026 22:37:00.428] [modloading-worker-0/DEBUG] [net.neoforged.fml.javafmlmod.AutomaticEventSubscriber/LOADING]: Subscribing method public static void net.geforcemods.securitycraft.SCEventHandler.onServerStop(net.neoforged.neoforge.event.server.ServerStoppedEvent) to the game event bus
[10Jun2026 22:37:00.430] [modloading-worker-0/DEBUG] [net.neoforged.fml.javafmlmod.AutomaticEventSubscriber/LOADING]: Subscribing method public static void net.geforcemods.securitycraft.SCEventHandler.onEntityInvulnerabilityCheck(net.neoforged.neoforge.event.entity.EntityInvulnerabilityCheckEvent) to the game event bus
[10Jun2026 22:37:00.431] [modloading-worker-0/DEBUG] [net.neoforged.fml.javafmlmod.AutomaticEventSubscriber/LOADING]: Subscribing method public static void net.geforcemods.securitycraft.SCEventHandler.onLivingAttacked(net.neoforged.neoforge.event.entity.living.LivingIncomingDamageEvent) to the game event bus
[10Jun2026 22:37:00.434] [modloading-worker-0/DEBUG] [net.neoforged.fml.javafmlmod.AutomaticEventSubscriber/LOADING]: Subscribing method public static void net.geforcemods.securitycraft.SCEventHandler.onDismount(net.neoforged.neoforge.event.entity.EntityMountEvent) to the game event bus
[10Jun2026 22:37:00.434] [modloading-worker-0/DEBUG] [net.neoforged.fml.javafmlmod.AutomaticEventSubscriber/LOADING]: Subscribing method public static void net.geforcemods.securitycraft.SCEventHandler.onUseItemOnBlock(net.neoforged.neoforge.event.entity.player.UseItemOnBlockEvent) to the game event bus
[10Jun2026 22:37:00.435] [modloading-worker-0/DEBUG] [net.neoforged.fml.javafmlmod.AutomaticEventSubscriber/LOADING]: Subscribing method public static void net.geforcemods.securitycraft.SCEventHandler.highestPriorityOnRightClickBlock(net.neoforged.neoforge.event.entity.player.PlayerInteractEvent$RightClickBlock) to the game event bus
[10Jun2026 22:37:00.435] [modloading-worker-0/DEBUG] [net.neoforged.fml.javafmlmod.AutomaticEventSubscriber/LOADING]: Subscribing method public static void net.geforcemods.securitycraft.SCEventHandler.onBlockEventBreak(net.neoforged.neoforge.event.level.BlockEvent$BreakEvent) to the game event bus
[10Jun2026 22:37:00.435] [modloading-worker-0/DEBUG] [net.neoforged.fml.javafmlmod.AutomaticEventSubscriber/LOADING]: Subscribing method public static void net.geforcemods.securitycraft.SCEventHandler.onBlockEventPlace(net.neoforged.neoforge.event.level.BlockEvent$EntityPlaceEvent) to the game event bus
[10Jun2026 22:37:00.435] [modloading-worker-0/DEBUG] [net.neoforged.fml.javafmlmod.AutomaticEventSubscriber/LOADING]: Subscribing method public static void net.geforcemods.securitycraft.SCEventHandler.onPlayerHarvestCheck(net.neoforged.neoforge.event.entity.player.PlayerEvent$HarvestCheck) to the game event bus
[10Jun2026 22:37:00.436] [modloading-worker-0/DEBUG] [net.neoforged.fml.javafmlmod.AutomaticEventSubscriber/LOADING]: Subscribing method public static void net.geforcemods.securitycraft.SCEventHandler.onOwnership(net.geforcemods.securitycraft.misc.OwnershipEvent) to the game event bus
[10Jun2026 22:37:00.436] [modloading-worker-0/DEBUG] [net.neoforged.fml.javafmlmod.AutomaticEventSubscriber/LOADING]: Subscribing method public static void net.geforcemods.securitycraft.SCEventHandler.onLivingSetAttackTarget(net.neoforged.neoforge.event.entity.living.LivingChangeTargetEvent) to the game event bus
[10Jun2026 22:37:00.436] [modloading-worker-0/DEBUG] [net.neoforged.fml.javafmlmod.AutomaticEventSubscriber/LOADING]: Subscribing method public static void net.geforcemods.securitycraft.SCEventHandler.onLivingDestroyEvent(net.neoforged.neoforge.event.entity.living.LivingDestroyBlockEvent) to the game event bus
[10Jun2026 22:37:00.437] [modloading-worker-0/DEBUG] [net.neoforged.fml.javafmlmod.AutomaticEventSubscriber/LOADING]: Subscribing method public static void net.geforcemods.securitycraft.SCEventHandler.onRightClickItem(net.neoforged.neoforge.event.entity.player.PlayerInteractEvent$RightClickItem) to the game event bus
[10Jun2026 22:37:00.437] [modloading-worker-0/DEBUG] [net.neoforged.fml.javafmlmod.AutomaticEventSubscriber/LOADING]: Subscribing method public static void net.geforcemods.securitycraft.SCEventHandler.onFurnaceFuelBurnTime(net.neoforged.neoforge.event.furnace.FurnaceFuelBurnTimeEvent) to the game event bus
[10Jun2026 22:37:00.437] [modloading-worker-0/DEBUG] [net.neoforged.fml.javafmlmod.AutomaticEventSubscriber/LOADING]: Subscribing method public static void net.geforcemods.securitycraft.SCEventHandler.onAnvilCraftPre(net.neoforged.neoforge.event.AnvilUpdateEvent) to the game event bus
[10Jun2026 22:37:00.437] [modloading-worker-0/DEBUG] [net.neoforged.fml.javafmlmod.AutomaticEventSubscriber/LOADING]: Subscribing method public static void net.geforcemods.securitycraft.SCEventHandler.onEntityTeleport(net.neoforged.neoforge.event.entity.EntityTeleportEvent) to the game event bus
[10Jun2026 22:37:00.438] [modloading-worker-0/DEBUG] [net.neoforged.fml.javafmlmod.AutomaticEventSubscriber/LOADING]: Subscribing method public static void net.geforcemods.securitycraft.SCEventHandler.onNoteBlockPlayed(net.neoforged.neoforge.event.level.NoteBlockEvent$Play) to the game event bus
[10Jun2026 22:37:00.438] [modloading-worker-0/DEBUG] [net.neoforged.fml.javafmlmod.AutomaticEventSubscriber/LOADING]: Subscribing method public static void net.geforcemods.securitycraft.SCEventHandler.onDamageTaken(net.neoforged.neoforge.event.entity.living.LivingDamageEvent$Post) to the game event bus
[10Jun2026 22:37:00.439] [modloading-worker-0/DEBUG] [net.neoforged.fml.javafmlmod.AutomaticEventSubscriber/LOADING]: Subscribing method public static void net.geforcemods.securitycraft.SCEventHandler.onLeftClickBlock(net.neoforged.neoforge.event.entity.player.PlayerInteractEvent$LeftClickBlock) to the game event bus
[10Jun2026 22:37:00.439] [modloading-worker-0/DEBUG] [net.neoforged.fml.javafmlmod.AutomaticEventSubscriber/LOADING]: Subscribing method public static void net.geforcemods.securitycraft.SCEventHandler.onRightClickBlock(net.neoforged.neoforge.event.entity.player.PlayerInteractEvent$RightClickBlock) to the game event bus
[10Jun2026 22:37:00.439] [modloading-worker-0/DEBUG] [net.neoforged.fml.javafmlmod.AutomaticEventSubscriber/LOADING]: Subscribing method public static void net.geforcemods.securitycraft.SCEventHandler.onServerAboutToStart(net.neoforged.neoforge.event.server.ServerAboutToStartEvent) to the game event bus
[10Jun2026 22:37:00.439] [modloading-worker-0/DEBUG] [net.neoforged.fml.javafmlmod.AutomaticEventSubscriber/LOADING]: Subscribing method public static void net.geforcemods.securitycraft.SCEventHandler.onDatapackSync(net.neoforged.neoforge.event.OnDatapackSyncEvent) to the game event bus
[10Jun2026 22:37:00.440] [modloading-worker-0/DEBUG] [net.neoforged.fml.javafmlmod.AutomaticEventSubscriber/LOADING]: Scanning class net.geforcemods.securitycraft.SecurityCraft for @SubscribeEvent-annotated methods
[10Jun2026 22:37:00.443] [modloading-worker-0/DEBUG] [net.neoforged.fml.javafmlmod.AutomaticEventSubscriber/LOADING]: Subscribing method public static void net.geforcemods.securitycraft.SecurityCraft.onInterModEnqueue(net.neoforged.fml.event.lifecycle.InterModEnqueueEvent) to the event bus of mod securitycraft
[10Jun2026 22:37:00.443] [modloading-worker-0/DEBUG] [net.neoforged.fml.javafmlmod.AutomaticEventSubscriber/LOADING]: Subscribing method public static void net.geforcemods.securitycraft.SecurityCraft.onInterModProcess(net.neoforged.fml.event.lifecycle.InterModProcessEvent) to the event bus of mod securitycraft
[10Jun2026 22:37:00.443] [modloading-worker-0/DEBUG] [net.neoforged.fml.javafmlmod.AutomaticEventSubscriber/LOADING]: Subscribing method public static void net.geforcemods.securitycraft.SecurityCraft.onRegisterTicketControllers(net.neoforged.neoforge.common.world.chunk.RegisterTicketControllersEvent) to the event bus of mod securitycraft
[10Jun2026 22:37:00.453] [modloading-worker-0/DEBUG] [net.neoforged.fml.config.ConfigTracker/CONFIG]: Config file elevatorid-server.toml for elevatorid tracking
[10Jun2026 22:37:00.453] [modloading-worker-0/DEBUG] [net.neoforged.fml.javafmlmod.AutomaticEventSubscriber/LOADING]: Attempting to inject @EventBusSubscriber classes into the eventbus for elevatorid
[10Jun2026 22:37:00.453] [modloading-worker-0/DEBUG] [net.neoforged.fml.javafmlmod.AutomaticEventSubscriber/LOADING]: Scanning class com.vsngarcia.neoforge.network.NetworkHandler for @SubscribeEvent-annotated methods
[10Jun2026 22:37:00.456] [modloading-worker-0/DEBUG] [net.neoforged.fml.javafmlmod.AutomaticEventSubscriber/LOADING]: Subscribing method public static void com.vsngarcia.neoforge.network.NetworkHandler.register(net.neoforged.neoforge.network.event.RegisterPayloadHandlersEvent) to the event bus of mod elevatorid
[10Jun2026 22:37:00.456] [modloading-worker-0/DEBUG] [net.neoforged.fml.javafmlmod.AutomaticEventSubscriber/LOADING]: Attempting to inject @EventBusSubscriber classes into the eventbus for cryonicconfig
[10Jun2026 22:37:00.501] [modloading-worker-0/DEBUG] [net.neoforged.fml.javafmlmod.AutomaticEventSubscriber/LOADING]: Attempting to inject @EventBusSubscriber classes into the eventbus for chisel
[10Jun2026 22:37:00.505] [modloading-worker-0/DEBUG] [net.neoforged.fml.javafmlmod.AutomaticEventSubscriber/LOADING]: Attempting to inject @EventBusSubscriber classes into the eventbus for refurbished_furniture
[10Jun2026 22:37:00.505] [modloading-worker-0/DEBUG] [net.neoforged.fml.javafmlmod.AutomaticEventSubscriber/LOADING]: Scanning class com.mrcrayfish.furniture.refurbished.NeoForgeEvents for @SubscribeEvent-annotated methods
[10Jun2026 22:37:00.507] [modloading-worker-0/DEBUG] [net.neoforged.fml.javafmlmod.AutomaticEventSubscriber/LOADING]: Subscribing method public static void com.mrcrayfish.furniture.refurbished.NeoForgeEvents.onLeftClickBlock(net.neoforged.neoforge.event.entity.player.PlayerInteractEvent$LeftClickBlock) to the game event bus
[10Jun2026 22:37:00.507] [modloading-worker-0/DEBUG] [net.neoforged.fml.javafmlmod.AutomaticEventSubscriber/LOADING]: Subscribing method public static void com.mrcrayfish.furniture.refurbished.NeoForgeEvents.onRightClickBlock(net.neoforged.neoforge.event.entity.player.PlayerInteractEvent$RightClickBlock) to the game event bus
[10Jun2026 22:37:00.507] [modloading-worker-0/DEBUG] [net.neoforged.fml.javafmlmod.AutomaticEventSubscriber/LOADING]: Subscribing method public static void com.mrcrayfish.furniture.refurbished.NeoForgeEvents.onDatapackSync(net.neoforged.neoforge.event.OnDatapackSyncEvent) to the game event bus
[10Jun2026 22:37:00.508] [modloading-worker-0/INFO] [Puzzles Lib/]: Constructing components for puzzleslib:common
[10Jun2026 22:37:00.519] [modloading-worker-0/DEBUG] [net.neoforged.fml.javafmlmod.AutomaticEventSubscriber/LOADING]: Attempting to inject @EventBusSubscriber classes into the eventbus for stackrefill
[10Jun2026 22:37:00.521] [modloading-worker-0/DEBUG] [net.neoforged.fml.javafmlmod.AutomaticEventSubscriber/LOADING]: Attempting to inject @EventBusSubscriber classes into the eventbus for collective
[10Jun2026 22:37:00.521] [modloading-worker-0/DEBUG] [net.neoforged.fml.javafmlmod.AutomaticEventSubscriber/LOADING]: Scanning class com.natamus.collective.neoforge.events.RegisterCollectiveNeoForgeEvents for @SubscribeEvent-annotated methods
[10Jun2026 22:37:00.522] [modloading-worker-0/DEBUG] [net.neoforged.fml.javafmlmod.AutomaticEventSubscriber/LOADING]: Subscribing method public static void com.natamus.collective.neoforge.events.RegisterCollectiveNeoForgeEvents.onServerTick(net.neoforged.neoforge.event.tick.ServerTickEvent$Post) to the game event bus
[10Jun2026 22:37:00.525] [modloading-worker-0/DEBUG] [net.neoforged.fml.javafmlmod.AutomaticEventSubscriber/LOADING]: Subscribing method public static void com.natamus.collective.neoforge.events.RegisterCollectiveNeoForgeEvents.onWorldTick(net.neoforged.neoforge.event.tick.LevelTickEvent$Post) to the game event bus
[10Jun2026 22:37:00.526] [modloading-worker-0/DEBUG] [net.neoforged.fml.javafmlmod.AutomaticEventSubscriber/LOADING]: Subscribing method public static void com.natamus.collective.neoforge.events.RegisterCollectiveNeoForgeEvents.onWorldLoad(net.neoforged.neoforge.event.level.LevelEvent$Load) to the game event bus
[10Jun2026 22:37:00.526] [modloading-worker-0/DEBUG] [net.neoforged.fml.javafmlmod.AutomaticEventSubscriber/LOADING]: Subscribing method public static void com.natamus.collective.neoforge.events.RegisterCollectiveNeoForgeEvents.onEntityJoinLevel(net.neoforged.neoforge.event.entity.EntityJoinLevelEvent) to the game event bus
[10Jun2026 22:37:00.526] [modloading-worker-0/DEBUG] [net.neoforged.fml.javafmlmod.AutomaticEventSubscriber/LOADING]: Subscribing method public static void com.natamus.collective.neoforge.events.RegisterCollectiveNeoForgeEvents.onServerStarted(net.neoforged.neoforge.event.server.ServerAboutToStartEvent) to the game event bus
[10Jun2026 22:37:00.528] [modloading-worker-0/DEBUG] [net.neoforged.fml.javafmlmod.AutomaticEventSubscriber/LOADING]: Subscribing method public static void com.natamus.collective.neoforge.events.RegisterCollectiveNeoForgeEvents.registerCommands(net.neoforged.neoforge.event.RegisterCommandsEvent) to the game event bus
[10Jun2026 22:37:00.537] [modloading-worker-0/DEBUG] [net.neoforged.fml.javafmlmod.AutomaticEventSubscriber/LOADING]: Attempting to inject @EventBusSubscriber classes into the eventbus for puzzleslib
[10Jun2026 22:37:00.545] [modloading-worker-0/DEBUG] [net.neoforged.fml.javafmlmod.AutomaticEventSubscriber/LOADING]: Attempting to inject @EventBusSubscriber classes into the eventbus for moogs_structures
[10Jun2026 22:37:00.545] [modloading-worker-0/DEBUG] [net.neoforged.fml.javafmlmod.AutomaticEventSubscriber/LOADING]: Scanning class com.finndog.moogs_structures.datagen.StructureNbtUpdaterDatagen for @SubscribeEvent-annotated methods
[10Jun2026 22:37:00.546] [modloading-worker-0/DEBUG] [net.neoforged.fml.javafmlmod.AutomaticEventSubscriber/LOADING]: Subscribing method public static void com.finndog.moogs_structures.datagen.StructureNbtUpdaterDatagen.gatherData(net.neoforged.neoforge.data.event.GatherDataEvent$Server) to the event bus of mod moogs_structures
[10Jun2026 22:37:00.551] [modloading-worker-0/DEBUG] [Framework/]: Loaded com.mrcrayfish.framework.platform.NeoForgePlatformHelper@5a3c39bf for service interface com.mrcrayfish.framework.platform.services.IPlatformHelper
[10Jun2026 22:37:00.554] [modloading-worker-0/DEBUG] [Framework/]: Loaded com.mrcrayfish.framework.platform.NeoForgeNetworkHelper@1352c870 for service interface com.mrcrayfish.framework.platform.services.INetworkHelper
[10Jun2026 22:37:00.558] [modloading-worker-0/DEBUG] [Framework/]: Loaded com.mrcrayfish.framework.platform.NeoForgeRegistrationHelper@25d1f82f for service interface com.mrcrayfish.framework.platform.services.IRegistrationHelper
[10Jun2026 22:37:00.559] [modloading-worker-0/DEBUG] [Framework/]: Loaded com.mrcrayfish.framework.platform.NeoForgeEntityHelper@540e5980 for service interface com.mrcrayfish.framework.platform.services.IEntityHelper
[10Jun2026 22:37:00.562] [modloading-worker-0/DEBUG] [Framework/]: Loaded com.mrcrayfish.framework.platform.NeoForgeConfigHelper@2f77e8cd for service interface com.mrcrayfish.framework.platform.services.IConfigHelper
[10Jun2026 22:37:00.790] [modloading-worker-0/DEBUG] [net.neoforged.fml.javafmlmod.AutomaticEventSubscriber/LOADING]: Attempting to inject @EventBusSubscriber classes into the eventbus for fallingtree
[10Jun2026 22:37:00.792] [modloading-worker-0/DEBUG] [net.neoforged.fml.javafmlmod.AutomaticEventSubscriber/LOADING]: Attempting to inject @EventBusSubscriber classes into the eventbus for ante
[10Jun2026 22:37:00.799] [modloading-worker-0/DEBUG] [net.neoforged.fml.config.ConfigTracker/CONFIG]: Config file explosiveenhancement.toml for explosiveenhancement tracking
[10Jun2026 22:37:00.800] [modloading-worker-0/DEBUG] [net.neoforged.fml.javafmlmod.AutomaticEventSubscriber/LOADING]: Attempting to inject @EventBusSubscriber classes into the eventbus for explosiveenhancement
[10Jun2026 22:37:00.803] [modloading-worker-0/DEBUG] [net.neoforged.fml.javafmlmod.AutomaticEventSubscriber/LOADING]: Attempting to inject @EventBusSubscriber classes into the eventbus for journeymap_api
[10Jun2026 22:37:00.803] [modloading-worker-0/DEBUG] [MrCrayfish's Furniture Mod: Refurbished/]: Loaded com.mrcrayfish.furniture.refurbished.platform.NeoForgePlatformHelper@3920dd94 for service interface com.mrcrayfish.furniture.refurbished.platform.services.IPlatformHelper
[10Jun2026 22:37:00.811] [modloading-worker-0/DEBUG] [net.neoforged.fml.javafmlmod.AutomaticEventSubscriber/LOADING]: Attempting to inject @EventBusSubscriber classes into the eventbus for healingcampfire
[10Jun2026 22:37:00.812] [modloading-worker-0/DEBUG] [net.neoforged.fml.javafmlmod.AutomaticEventSubscriber/LOADING]: Attempting to inject @EventBusSubscriber classes into the eventbus for trashcans
[10Jun2026 22:37:00.812] [modloading-worker-0/DEBUG] [MrCrayfish's Furniture Mod: Refurbished/]: Loaded com.mrcrayfish.furniture.refurbished.platform.NeoForgeBlockHelper@51797618 for service interface com.mrcrayfish.furniture.refurbished.platform.services.IBlockHelper
[10Jun2026 22:37:00.817] [modloading-worker-0/DEBUG] [MrCrayfish's Furniture Mod: Refurbished/]: Loaded com.mrcrayfish.furniture.refurbished.platform.NeoForgeBlockEntityHelper@1f3baeb for service interface com.mrcrayfish.furniture.refurbished.platform.services.IBlockEntityHelper
[10Jun2026 22:37:00.818] [modloading-worker-0/DEBUG] [MrCrayfish's Furniture Mod: Refurbished/]: Loaded com.mrcrayfish.furniture.refurbished.platform.NeoForgeEntityHelper@41e8aa55 for service interface com.mrcrayfish.furniture.refurbished.platform.services.IEntityHelper
[10Jun2026 22:37:00.822] [modloading-worker-0/DEBUG] [MrCrayfish's Furniture Mod: Refurbished/]: Loaded com.mrcrayfish.furniture.refurbished.platform.NeoForgeRecipeHelper@7d2db190 for service interface com.mrcrayfish.furniture.refurbished.platform.services.IRecipeHelper
[10Jun2026 22:37:00.825] [modloading-worker-0/DEBUG] [MrCrayfish's Furniture Mod: Refurbished/]: Loaded com.mrcrayfish.furniture.refurbished.platform.NeoForgeFluidHelper@5e8c1e62 for service interface com.mrcrayfish.furniture.refurbished.platform.services.IFluidHelper
[10Jun2026 22:37:00.831] [modloading-worker-0/DEBUG] [MrCrayfish's Furniture Mod: Refurbished/]: Loaded com.mrcrayfish.furniture.refurbished.platform.NeoForgeMenuHelper@3679eb33 for service interface com.mrcrayfish.furniture.refurbished.platform.services.IMenuHelper
[10Jun2026 22:37:00.849] [modloading-worker-0/DEBUG] [net.neoforged.fml.javafmlmod.AutomaticEventSubscriber/LOADING]: Attempting to inject @EventBusSubscriber classes into the eventbus for aerialhell
[10Jun2026 22:37:01.128] [modloading-worker-0/INFO] [Framework/SYNCED_ENTITY_DATA]: Registered synced data key refurbished_furniture:lock_yaw for refurbished_furniture:seat
[10Jun2026 22:37:01.167] [modloading-worker-0/DEBUG] [net.neoforged.fml.javafmlmod.AutomaticEventSubscriber/LOADING]: Attempting to inject @EventBusSubscriber classes into the eventbus for framework
[10Jun2026 22:37:01.170] [modloading-sync-worker/DEBUG] [net.neoforged.fml.DeferredWorkQueue/LOADING]: Dispatching synchronous work for work queue Mod Construction: 1 jobs
[10Jun2026 22:37:01.174] [modloading-sync-worker/DEBUG] [net.neoforged.fml.DeferredWorkQueue/LOADING]: Synchronous work queue completed in 3.114 ms
[10Jun2026 22:37:01.179] [modloading-sync-worker/DEBUG] [SpectreLib/CONFIG]: Loading global configs
[10Jun2026 22:37:01.181] [modloading-sync-worker/DEBUG] [SpectreLib/]: Loaded com.illusivesoulworks.spectrelib.platform.NeoForgeConfigHelper@208a8f47 for service interface com.illusivesoulworks.spectrelib.platform.services.IConfigHelper
[10Jun2026 22:37:01.192] [modloading-sync-worker/DEBUG] [SpectreLib/CONFIG]: Built TOML config for /workspaces/gaga_ga/servidor_minecraft/config/comforts-common.toml
[10Jun2026 22:37:01.193] [modloading-sync-worker/DEBUG] [SpectreLib/CONFIG]: Loaded TOML config file /workspaces/gaga_ga/servidor_minecraft/config/comforts-common.toml
[10Jun2026 22:37:01.197] [modloading-sync-worker/DEBUG] [SpectreLib/CONFIG]: Built TOML config for /workspaces/gaga_ga/servidor_minecraft/config/comforts-server.toml
[10Jun2026 22:37:01.198] [modloading-sync-worker/DEBUG] [SpectreLib/CONFIG]: Loaded TOML config file /workspaces/gaga_ga/servidor_minecraft/config/comforts-server.toml
[10Jun2026 22:37:01.208] [modloading-sync-worker/DEBUG] [mixin/]: Mixing common.predicate.RegistryDataLoaderMixin from lithostitched.26.1.mixins.json into net.minecraft.resources.RegistryDataLoader
[10Jun2026 22:37:01.208] [modloading-sync-worker/DEBUG] [mixin/]: lithostitched.26.1.mixins.json:common.predicate.RegistryDataLoaderMixin from mod lithostitched: Class version 65 required is higher than the class version supported by the current version of Mixin (JAVA_17 supports class version 61)
[10Jun2026 22:37:01.213] [modloading-sync-worker/DEBUG] [mixin/]: lithostitched.26.1.mixins.json:common.predicate.RegistryDataLoaderMixin from mod lithostitched->@Inject::applyLoadPredicates(Lnet/minecraft/core/WritableRegistry;Lcom/mojang/serialization/Decoder;Lnet/minecraft/resources/RegistryOps;Lnet/minecraft/resources/ResourceKey;Lnet/minecraft/server/packs/resources/Resource;Lnet/minecraft/core/RegistrationInfo;Lorg/spongepowered/asm/mixin/injection/callback/CallbackInfo;)V does use it's CallbackInfo
[10Jun2026 22:37:01.239] [modloading-sync-worker/DEBUG] [mixin/]: Mixing common.TimelineAccessor from lithostitched.26.1.mixins.json into net.minecraft.world.timeline.Timeline
[10Jun2026 22:37:01.239] [modloading-sync-worker/DEBUG] [mixin/]: lithostitched.26.1.mixins.json:common.TimelineAccessor from mod lithostitched: Class version 65 required is higher than the class version supported by the current version of Mixin (JAVA_17 supports class version 61)
[10Jun2026 22:37:02.327] [modloading-sync-worker/DEBUG] [com.razz.decocraft.Decocraft/]: Skipping missing optional file: paintings.json
[10Jun2026 22:37:02.361] [modloading-sync-worker/INFO] [com.razz.decocraft.Decocraft/]: Loading 3527 block entries
[10Jun2026 22:37:04.466] [modloading-sync-worker/INFO] [com.razz.decocraft.Decocraft/]: Block registration complete - 3527 blocks registered in 2106ms
[10Jun2026 22:37:05.804] [modloading-sync-worker/DEBUG] [mixin/]: Mixing common.ServerLifecycleHooksMixin from lithostitched.neoforge.mixins.json into net.neoforged.neoforge.server.ServerLifecycleHooks
[10Jun2026 22:37:05.804] [modloading-sync-worker/DEBUG] [mixin/]: lithostitched.neoforge.mixins.json:common.ServerLifecycleHooksMixin from mod lithostitched: Class version 65 required is higher than the class version supported by the current version of Mixin (JAVA_17 supports class version 61)
[10Jun2026 22:37:05.804] [modloading-sync-worker/DEBUG] [mixin/]: Renaming synthetic method lambda$lithostitched$injectBiomeModifers$2(Ljava/util/List;Ljava/util/Map$Entry;)V to mdc81b13$lithostitched$lambda$lithostitched$injectBiomeModifers$2$0 in lithostitched.neoforge.mixins.json:common.ServerLifecycleHooksMixin from mod lithostitched
[10Jun2026 22:37:05.804] [modloading-sync-worker/DEBUG] [mixin/]: Renaming synthetic method lambda$lithostitched$injectBiomeModifers$1(Ljava/util/Map$Entry;)Ljava/util/Map$Entry; to mdc81b13$lithostitched$lambda$lithostitched$injectBiomeModifers$1$1 in lithostitched.neoforge.mixins.json:common.ServerLifecycleHooksMixin from mod lithostitched
[10Jun2026 22:37:05.804] [modloading-sync-worker/DEBUG] [mixin/]: Renaming synthetic method lambda$lithostitched$injectBiomeModifers$0(Ljava/util/Map$Entry;)Z to mdc81b13$lithostitched$lambda$lithostitched$injectBiomeModifers$0$2 in lithostitched.neoforge.mixins.json:common.ServerLifecycleHooksMixin from mod lithostitched
[10Jun2026 22:37:07.690] [modloading-sync-worker/DEBUG] [net.neoforged.fml.config.ConfigTracker/CONFIG]: Loading configs type COMMON
[10Jun2026 22:37:07.701] [modloading-sync-worker/DEBUG] [net.neoforged.fml.config.ConfigTracker/CONFIG]: Loaded TOML config file /workspaces/gaga_ga/servidor_minecraft/config/weaponmaster_ydm-common.toml
[10Jun2026 22:37:07.704] [modloading-sync-worker/DEBUG] [net.neoforged.fml.config.ConfigTracker/CONFIG]: Watching TOML config file /workspaces/gaga_ga/servidor_minecraft/config/weaponmaster_ydm-common.toml for changes
[10Jun2026 22:37:07.706] [modloading-sync-worker/DEBUG] [net.neoforged.fml.config.ConfigTracker/CONFIG]: Loaded TOML config file /workspaces/gaga_ga/servidor_minecraft/config/sophisticatedcore-common.toml
[10Jun2026 22:37:07.706] [modloading-sync-worker/DEBUG] [net.neoforged.fml.config.ConfigTracker/CONFIG]: Watching TOML config file /workspaces/gaga_ga/servidor_minecraft/config/sophisticatedcore-common.toml for changes
[10Jun2026 22:37:07.707] [modloading-sync-worker/DEBUG] [net.neoforged.fml.config.ConfigTracker/CONFIG]: Loaded TOML config file /workspaces/gaga_ga/servidor_minecraft/config/sootychimneys-common.toml
[10Jun2026 22:37:07.707] [modloading-sync-worker/DEBUG] [net.neoforged.fml.config.ConfigTracker/CONFIG]: Watching TOML config file /workspaces/gaga_ga/servidor_minecraft/config/sootychimneys-common.toml for changes
[10Jun2026 22:37:07.709] [modloading-sync-worker/DEBUG] [net.neoforged.fml.config.ConfigTracker/CONFIG]: Loaded TOML config file /workspaces/gaga_ga/servidor_minecraft/config/trashslot-common.toml
[10Jun2026 22:37:07.709] [modloading-sync-worker/DEBUG] [net.neoforged.fml.config.ConfigTracker/CONFIG]: Watching TOML config file /workspaces/gaga_ga/servidor_minecraft/config/trashslot-common.toml for changes
[10Jun2026 22:37:07.715] [modloading-sync-worker/DEBUG] [net.neoforged.fml.config.ConfigTracker/CONFIG]: Loaded TOML config file /workspaces/gaga_ga/servidor_minecraft/config/waystones-common.toml
[10Jun2026 22:37:07.715] [modloading-sync-worker/DEBUG] [net.neoforged.fml.config.ConfigTracker/CONFIG]: Watching TOML config file /workspaces/gaga_ga/servidor_minecraft/config/waystones-common.toml for changes
[10Jun2026 22:37:07.716] [modloading-sync-worker/DEBUG] [net.neoforged.neoforge.common.NeoForgeMod/FORGEMOD]: Loaded NeoForge config file neoforge-common.toml
[10Jun2026 22:37:07.716] [modloading-sync-worker/DEBUG] [net.neoforged.fml.config.ConfigTracker/CONFIG]: Loaded TOML config file /workspaces/gaga_ga/servidor_minecraft/config/neoforge-common.toml
[10Jun2026 22:37:07.716] [modloading-sync-worker/DEBUG] [net.neoforged.fml.config.ConfigTracker/CONFIG]: Watching TOML config file /workspaces/gaga_ga/servidor_minecraft/config/neoforge-common.toml for changes
[10Jun2026 22:37:07.716] [modloading-sync-worker/DEBUG] [net.neoforged.fml.config.ConfigTracker/CONFIG]: Loaded TOML config file /workspaces/gaga_ga/servidor_minecraft/config/sophisticatedbackpacks-common.toml
[10Jun2026 22:37:07.716] [modloading-sync-worker/DEBUG] [net.neoforged.fml.config.ConfigTracker/CONFIG]: Watching TOML config file /workspaces/gaga_ga/servidor_minecraft/config/sophisticatedbackpacks-common.toml for changes
[10Jun2026 22:37:07.719] [modloading-sync-worker/DEBUG] [net.neoforged.fml.config.ConfigTracker/CONFIG]: Loaded TOML config file /workspaces/gaga_ga/servidor_minecraft/config/carryon-common.toml
[10Jun2026 22:37:07.719] [modloading-sync-worker/DEBUG] [net.neoforged.fml.config.ConfigTracker/CONFIG]: Watching TOML config file /workspaces/gaga_ga/servidor_minecraft/config/carryon-common.toml for changes
[10Jun2026 22:37:07.720] [modloading-sync-worker/DEBUG] [net.neoforged.fml.config.ConfigTracker/CONFIG]: Loaded TOML config file /workspaces/gaga_ga/servidor_minecraft/config/decocraft-common.toml
[10Jun2026 22:37:07.720] [modloading-sync-worker/DEBUG] [net.neoforged.fml.config.ConfigTracker/CONFIG]: Watching TOML config file /workspaces/gaga_ga/servidor_minecraft/config/decocraft-common.toml for changes
[10Jun2026 22:37:07.721] [modloading-sync-worker/DEBUG] [net.neoforged.fml.config.ConfigTracker/CONFIG]: Loaded TOML config file /workspaces/gaga_ga/servidor_minecraft/config/explosiveenhancement.toml
[10Jun2026 22:37:07.721] [modloading-sync-worker/DEBUG] [net.neoforged.fml.config.ConfigTracker/CONFIG]: Watching TOML config file /workspaces/gaga_ga/servidor_minecraft/config/explosiveenhancement.toml for changes
[10Jun2026 22:37:07.729] [NeoForge Version Check/INFO] [net.neoforged.fml.VersionChecker/]: [attributefix] Starting version check at https://updates.blamejared.com/get?n=attributefix&gv=1.21.11&ml=neoforge
[10Jun2026 22:37:07.731] [modloading-sync-worker/DEBUG] [net.neoforged.fml.DeferredWorkQueue/LOADING]: Dispatching synchronous work for work queue Common setup: 12 jobs
[10Jun2026 22:37:07.734] [modloading-sync-worker/INFO] [com.razz.decocraft.Decocraft/]: ModuleItems initialized
[10Jun2026 22:37:07.734] [modloading-sync-worker/INFO] [com.razz.decocraft.Decocraft/]: ModuleEntities initialized
[10Jun2026 22:37:07.734] [modloading-sync-worker/INFO] [com.razz.decocraft.Decocraft/]: ModuleTileEntities initialized (block entities already registered as static final fields)
[10Jun2026 22:37:07.734] [modloading-sync-worker/INFO] [com.razz.decocraft.Decocraft/]: ModuleSounds initialized
[10Jun2026 22:37:07.734] [modloading-sync-worker/INFO] [com.razz.decocraft.Decocraft/]: ModuleScreenHandlers initialized
[10Jun2026 22:37:07.734] [modloading-sync-worker/INFO] [com.razz.decocraft.Decocraft/]: ModuleParticleTypes initialized (particle types already registered as static final fields)
[10Jun2026 22:37:07.741] [modloading-sync-worker/DEBUG] [net.neoforged.fml.DeferredWorkQueue/LOADING]: Synchronous work queue completed in 9.912 ms
[10Jun2026 22:37:07.772] [modloading-sync-worker/DEBUG] [net.neoforged.fml.DeferredWorkQueue/LOADING]: Dispatching synchronous work for work queue Enqueue IMC: 1 jobs
[10Jun2026 22:37:07.773] [modloading-sync-worker/DEBUG] [net.neoforged.fml.DeferredWorkQueue/LOADING]: Synchronous work queue completed in 30.98 μs
[10Jun2026 22:37:07.780] [modloading-worker-0/DEBUG] [Prickle/]: Loaded 1 entries for interface net.darkhax.pricklemc.common.api.config.property.IDefaultPropertyAdapters. net.darkhax.pricklemc.common.impl.config.property.MinecraftPropertyPlugin
[10Jun2026 22:37:07.782] [modloading-worker-0/DEBUG] [Prickle/]: Loaded 1 entries for interface net.darkhax.pricklemc.common.api.config.property.IDefaultPropertyAdapters. net.darkhax.pricklemc.common.impl.config.property.MinecraftPropertyPlugin
[10Jun2026 22:37:07.783] [modloading-worker-0/DEBUG] [Prickle/]: Loaded 1 entries for interface net.darkhax.pricklemc.common.api.config.property.IDefaultPropertyAdapters. net.darkhax.pricklemc.common.impl.config.property.MinecraftPropertyPlugin
[10Jun2026 22:37:07.784] [modloading-worker-0/DEBUG] [Prickle/]: Loaded 1 entries for interface net.darkhax.pricklemc.common.api.config.property.IDefaultPropertyAdapters. net.darkhax.pricklemc.common.impl.config.property.MinecraftPropertyPlugin
[10Jun2026 22:37:07.785] [modloading-worker-0/DEBUG] [Prickle/]: Loaded 1 entries for interface net.darkhax.pricklemc.common.api.config.property.IDefaultPropertyAdapters. net.darkhax.pricklemc.common.impl.config.property.MinecraftPropertyPlugin
[10Jun2026 22:37:07.786] [modloading-worker-0/DEBUG] [Prickle/]: Loaded 1 entries for interface net.darkhax.pricklemc.common.api.config.property.IDefaultPropertyAdapters. net.darkhax.pricklemc.common.impl.config.property.MinecraftPropertyPlugin
[10Jun2026 22:37:07.787] [modloading-worker-0/DEBUG] [Prickle/]: Loaded 1 entries for interface net.darkhax.pricklemc.common.api.config.property.IDefaultPropertyAdapters. net.darkhax.pricklemc.common.impl.config.property.MinecraftPropertyPlugin
[10Jun2026 22:37:07.788] [modloading-worker-0/DEBUG] [Prickle/]: Loaded 1 entries for interface net.darkhax.pricklemc.common.api.config.property.IDefaultPropertyAdapters. net.darkhax.pricklemc.common.impl.config.property.MinecraftPropertyPlugin
[10Jun2026 22:37:07.789] [modloading-worker-0/DEBUG] [Prickle/]: Loaded 1 entries for interface net.darkhax.pricklemc.common.api.config.property.IDefaultPropertyAdapters. net.darkhax.pricklemc.common.impl.config.property.MinecraftPropertyPlugin
[10Jun2026 22:37:07.790] [modloading-worker-0/DEBUG] [Prickle/]: Loaded 1 entries for interface net.darkhax.pricklemc.common.api.config.property.IDefaultPropertyAdapters. net.darkhax.pricklemc.common.impl.config.property.MinecraftPropertyPlugin
[10Jun2026 22:37:07.791] [modloading-worker-0/DEBUG] [Prickle/]: Loaded 1 entries for interface net.darkhax.pricklemc.common.api.config.property.IDefaultPropertyAdapters. net.darkhax.pricklemc.common.impl.config.property.MinecraftPropertyPlugin
[10Jun2026 22:37:07.792] [modloading-worker-0/DEBUG] [Prickle/]: Loaded 1 entries for interface net.darkhax.pricklemc.common.api.config.property.IDefaultPropertyAdapters. net.darkhax.pricklemc.common.impl.config.property.MinecraftPropertyPlugin
[10Jun2026 22:37:07.793] [modloading-worker-0/DEBUG] [Prickle/]: Loaded 1 entries for interface net.darkhax.pricklemc.common.api.config.property.IDefaultPropertyAdapters. net.darkhax.pricklemc.common.impl.config.property.MinecraftPropertyPlugin
[10Jun2026 22:37:07.794] [modloading-worker-0/DEBUG] [Prickle/]: Loaded 1 entries for interface net.darkhax.pricklemc.common.api.config.property.IDefaultPropertyAdapters. net.darkhax.pricklemc.common.impl.config.property.MinecraftPropertyPlugin
[10Jun2026 22:37:07.795] [modloading-worker-0/DEBUG] [Prickle/]: Loaded 1 entries for interface net.darkhax.pricklemc.common.api.config.property.IDefaultPropertyAdapters. net.darkhax.pricklemc.common.impl.config.property.MinecraftPropertyPlugin
[10Jun2026 22:37:07.796] [modloading-worker-0/DEBUG] [Prickle/]: Loaded 1 entries for interface net.darkhax.pricklemc.common.api.config.property.IDefaultPropertyAdapters. net.darkhax.pricklemc.common.impl.config.property.MinecraftPropertyPlugin
[10Jun2026 22:37:07.799] [modloading-worker-0/DEBUG] [Prickle/]: Loaded 1 entries for interface net.darkhax.pricklemc.common.api.config.property.IDefaultPropertyAdapters. net.darkhax.pricklemc.common.impl.config.property.MinecraftPropertyPlugin
[10Jun2026 22:37:07.802] [modloading-worker-0/DEBUG] [Prickle/]: Loaded 1 entries for interface net.darkhax.pricklemc.common.api.config.property.IDefaultPropertyAdapters. net.darkhax.pricklemc.common.impl.config.property.MinecraftPropertyPlugin
[10Jun2026 22:37:07.805] [modloading-worker-0/DEBUG] [Prickle/]: Loaded 1 entries for interface net.darkhax.pricklemc.common.api.config.property.IDefaultPropertyAdapters. net.darkhax.pricklemc.common.impl.config.property.MinecraftPropertyPlugin
[10Jun2026 22:37:07.807] [modloading-worker-0/DEBUG] [Prickle/]: Loaded 1 entries for interface net.darkhax.pricklemc.common.api.config.property.IDefaultPropertyAdapters. net.darkhax.pricklemc.common.impl.config.property.MinecraftPropertyPlugin
[10Jun2026 22:37:07.810] [modloading-worker-0/DEBUG] [Prickle/]: Loaded 1 entries for interface net.darkhax.pricklemc.common.api.config.property.IDefaultPropertyAdapters. net.darkhax.pricklemc.common.impl.config.property.MinecraftPropertyPlugin
[10Jun2026 22:37:07.811] [modloading-worker-0/DEBUG] [Prickle/]: Loaded 1 entries for interface net.darkhax.pricklemc.common.api.config.property.IDefaultPropertyAdapters. net.darkhax.pricklemc.common.impl.config.property.MinecraftPropertyPlugin
[10Jun2026 22:37:07.812] [modloading-worker-0/DEBUG] [Prickle/]: Loaded 1 entries for interface net.darkhax.pricklemc.common.api.config.property.IDefaultPropertyAdapters. net.darkhax.pricklemc.common.impl.config.property.MinecraftPropertyPlugin
[10Jun2026 22:37:07.813] [modloading-worker-0/DEBUG] [Prickle/]: Loaded 1 entries for interface net.darkhax.pricklemc.common.api.config.property.IDefaultPropertyAdapters. net.darkhax.pricklemc.common.impl.config.property.MinecraftPropertyPlugin
[10Jun2026 22:37:07.814] [modloading-worker-0/DEBUG] [Prickle/]: Loaded 1 entries for interface net.darkhax.pricklemc.common.api.config.property.IDefaultPropertyAdapters. net.darkhax.pricklemc.common.impl.config.property.MinecraftPropertyPlugin
[10Jun2026 22:37:07.816] [modloading-worker-0/DEBUG] [Prickle/]: Loaded 1 entries for interface net.darkhax.pricklemc.common.api.config.property.IDefaultPropertyAdapters. net.darkhax.pricklemc.common.impl.config.property.MinecraftPropertyPlugin
[10Jun2026 22:37:07.817] [modloading-worker-0/DEBUG] [Prickle/]: Loaded 1 entries for interface net.darkhax.pricklemc.common.api.config.property.IDefaultPropertyAdapters. net.darkhax.pricklemc.common.impl.config.property.MinecraftPropertyPlugin
[10Jun2026 22:37:07.819] [modloading-worker-0/DEBUG] [Prickle/]: Loaded 1 entries for interface net.darkhax.pricklemc.common.api.config.property.IDefaultPropertyAdapters. net.darkhax.pricklemc.common.impl.config.property.MinecraftPropertyPlugin
[10Jun2026 22:37:07.820] [modloading-worker-0/DEBUG] [Prickle/]: Loaded 1 entries for interface net.darkhax.pricklemc.common.api.config.property.IDefaultPropertyAdapters. net.darkhax.pricklemc.common.impl.config.property.MinecraftPropertyPlugin
[10Jun2026 22:37:07.821] [modloading-worker-0/DEBUG] [Prickle/]: Loaded 1 entries for interface net.darkhax.pricklemc.common.api.config.property.IDefaultPropertyAdapters. net.darkhax.pricklemc.common.impl.config.property.MinecraftPropertyPlugin
[10Jun2026 22:37:07.822] [modloading-worker-0/DEBUG] [Prickle/]: Loaded 1 entries for interface net.darkhax.pricklemc.common.api.config.property.IDefaultPropertyAdapters. net.darkhax.pricklemc.common.impl.config.property.MinecraftPropertyPlugin
[10Jun2026 22:37:07.824] [modloading-worker-0/DEBUG] [Prickle/]: Loaded 1 entries for interface net.darkhax.pricklemc.common.api.config.property.IDefaultPropertyAdapters. net.darkhax.pricklemc.common.impl.config.property.MinecraftPropertyPlugin
[10Jun2026 22:37:07.826] [modloading-worker-0/DEBUG] [Prickle/]: Loaded 1 entries for interface net.darkhax.pricklemc.common.api.config.property.IDefaultPropertyAdapters. net.darkhax.pricklemc.common.impl.config.property.MinecraftPropertyPlugin
[10Jun2026 22:37:07.827] [modloading-worker-0/DEBUG] [Prickle/]: Loaded 1 entries for interface net.darkhax.pricklemc.common.api.config.property.IDefaultPropertyAdapters. net.darkhax.pricklemc.common.impl.config.property.MinecraftPropertyPlugin
[10Jun2026 22:37:07.828] [modloading-worker-0/DEBUG] [Prickle/]: Loaded 1 entries for interface net.darkhax.pricklemc.common.api.config.property.IDefaultPropertyAdapters. net.darkhax.pricklemc.common.impl.config.property.MinecraftPropertyPlugin
[10Jun2026 22:37:07.828] [modloading-worker-0/DEBUG] [Prickle/]: Loaded 1 entries for interface net.darkhax.pricklemc.common.api.config.property.IDefaultPropertyAdapters. net.darkhax.pricklemc.common.impl.config.property.MinecraftPropertyPlugin
[10Jun2026 22:37:07.829] [modloading-worker-0/DEBUG] [Prickle/]: Loaded 1 entries for interface net.darkhax.pricklemc.common.api.config.property.IDefaultPropertyAdapters. net.darkhax.pricklemc.common.impl.config.property.MinecraftPropertyPlugin
[10Jun2026 22:37:07.831] [modloading-worker-0/INFO] [AttributeFix/]: Initialized AttributeFix. Took 52.33ms.
[10Jun2026 22:37:07.832] [modloading-sync-worker/DEBUG] [net.neoforged.fml.DeferredWorkQueue/LOADING]: Dispatching synchronous work for work queue Complete loading of 53 mods: 1 jobs
[10Jun2026 22:37:07.872] [modloading-sync-worker/DEBUG] [net.neoforged.fml.DeferredWorkQueue/LOADING]: Synchronous work queue completed in 40.60 ms
[10Jun2026 22:37:08.087] [NeoForge Version Check/DEBUG] [net.neoforged.fml.VersionChecker/]: [attributefix] Received version check data:
{"homepage":"https://www.curseforge.com/minecraft/mc-mods/attributefix","promos":{"1.21.11-latest":"21.11.1"}}
[10Jun2026 22:37:08.088] [NeoForge Version Check/INFO] [net.neoforged.fml.VersionChecker/]: [attributefix] Found status: BETA Current: 21.11.1 Target: 21.11.1
[10Jun2026 22:37:08.088] [NeoForge Version Check/INFO] [net.neoforged.fml.VersionChecker/]: [mcwwindows] Starting version check at https://raw.githubusercontent.com/sketchmacaw/macawsmods/master/window.json
[10Jun2026 22:37:08.106] [main/INFO] [com.mojang.authlib.yggdrasil.YggdrasilAuthenticationService/]: Environment: Environment[sessionHost=https://sessionserver.mojang.com, servicesHost=https://api.minecraftservices.com, profilesHost=https://api.mojang.com, name=PROD]
[10Jun2026 22:37:08.131] [NeoForge Version Check/DEBUG] [net.neoforged.fml.VersionChecker/]: [mcwwindows] Received version check data:
{
  "homepage": "https://www.curseforge.com/minecraft/mc-mods/macaws-windows",
  "promos": {
    "1.21.10-recommended": "2.4.2",
    "1.21.10-latest": "2.4.2",
    "1.21.9-recommended": "2.4.2",
    "1.21.9-latest": "2.4.2",
    "1.21.8-recommended": "2.4.2",
    "1.21.8-latest": "2.4.2",
    "1.21.7-recommended": "2.4.2",
    "1.21.7-latest": "2.4.2",
    "1.21.6-recommended": "2.4.2",
    "1.21.6-latest": "2.4.2",
    "1.21.5-recommended": "2.4.2",
    "1.21.5-latest": "2.4.2",
    "1.21.4-recommended": "2.4.2",
    "1.21.4-latest": "2.4.2",
    "1.21.3-recommended": "2.4.2",
    "1.21.3-latest": "2.4.2",
    "1.21.1-recommended": "2.4.2",
    "1.21.1-latest": "2.4.2",
    "1.21-recommended": "2.4.2",
    "1.21-latest": "2.4.2",
    "1.20.6-recommended": "2.4.2",
    "1.20.6-latest": "2.4.2",
    "1.20.4-recommended": "2.4.2",
    "1.20.4-latest": "2.4.2",
    "1.20.3-recommended": "2.4.2",
    "1.20.3-latest": "2.4.2",
    "1.20.2-recommended": "2.4.2",
    "1.20.2-latest": "2.4.2",
    "1.20.1-recommended": "2.4.2",
    "1.20.1-latest": "2.4.2",
    "1.20-recommended": "2.4.2",
    "1.20-latest": "2.4.2",
    "1.19.4-recommended": "2.4.2",
    "1.19.4-latest": "2.4.2",
    "1.19.3-recommended": "2.4.2",
    "1.19.3-latest": "2.4.2",
    "1.19.2-recommended": "2.4.2",
    "1.19.2-latest": "2.4.2",
    "1.19.1-recommended": "2.4.2",
    "1.19.1-latest": "2.4.2",
    "1.19-recommended": "2.4.2",
    "1.19-latest": "2.4.2",
    "1.18.2-recommended": "2.4.2",
    "1.18.2-latest": "2.4.2",
    "1.18.1-recommended": "2.4.2",
    "1.18.1-latest": "2.4.2",
    "1.17.1-recommended": "2.4.2",
    "1.17.1-latest": "2.4.2",
    "1.16.5-recommended": "2.4.2",
    "1.16.5-latest": "2.4.2",
    "1.15.2-latest": "1.0.2",
    "1.15.1-latest": "1.0.2",
    "1.14.4-latest": "1.0.2",
    "1.12.2-latest": "1.0.1",
    "1.15.2-recommended": "1.0.2",
    "1.15.1-recommended": "1.0.2",
    "1.14.4-recommended": "1.0.2",
    "1.12.2-recommended": "1.0.1"
  }
}
[10Jun2026 22:37:08.131] [NeoForge Version Check/INFO] [net.neoforged.fml.VersionChecker/]: [mcwwindows] Found status: BETA Current: 2.4.2 Target: null
[10Jun2026 22:37:08.134] [NeoForge Version Check/INFO] [net.neoforged.fml.VersionChecker/]: [journeymap] Starting version check at https://neoforge.curseupdate.com/32274/journeymap
[10Jun2026 22:37:08.279] [NeoForge Version Check/DEBUG] [net.neoforged.fml.VersionChecker/]: [journeymap] Received version check data:
{"promos":{"1.20.1-latest":"5.9.18","1.20.1-recommended":"5.9.18","1.20.2-latest":"5.9.22","1.20.2-recommended":"5.9.22","1.20.3-latest":"5.9.18","1.20.3-recommended":"5.9.18","1.20.4-latest":"5.10.0","1.20.4-recommended":"5.10.0","1.20.5-latest":"5.9.27","1.20.5-recommended":"5.9.27","1.20.6-latest":"5.10.0","1.20.6-recommended":"5.10.0","1.21-latest":"1.21-6.0.0-beta.27","1.21.1-latest":"1.21.1-6.0.0-beta.52","1.21.4-latest":"1.21.4-6.0.0-beta.45","1.21.5-latest":"1.21.5-6.0.0-beta.52","1.21.6-latest":"1.21.6-6.0.0-beta.52","1.21.7-latest":"1.21.7-6.0.0-beta.53","1.21.8-latest":"1.21.8-6.0.0-beta.52"},"homepage":"https://www.curseforge.com/minecraft/mc-mods/journeymap"}
[10Jun2026 22:37:08.279] [NeoForge Version Check/INFO] [net.neoforged.fml.VersionChecker/]: [journeymap] Found status: BETA Current: 1.21.11-6.0.0-beta.79 Target: null
[10Jun2026 22:37:08.279] [NeoForge Version Check/INFO] [net.neoforged.fml.VersionChecker/]: [prism] Starting version check at https://mc-update-check.anthonyhilyard.com/638111
[10Jun2026 22:37:08.288] [main/DEBUG] [mixin/]: Mixing ServerPlayerGameModeMixin from aerialhell.mixins.json into net.minecraft.server.level.ServerPlayerGameMode
[10Jun2026 22:37:08.290] [main/DEBUG] [mixin/]: aerialhell.mixins.json:ServerPlayerGameModeMixin from mod aerialhell->@Inject::afterBlockBreak(Lnet/minecraft/core/BlockPos;Lorg/spongepowered/asm/mixin/injection/callback/CallbackInfoReturnable;)V doesn't use it's CallbackInfoReturnable
[10Jun2026 22:37:08.290] [main/DEBUG] [mixin/]: aerialhell.mixins.json:ServerPlayerGameModeMixin from mod aerialhell->@Inject::afterBlockBreak(Lnet/minecraft/core/BlockPos;Lorg/spongepowered/asm/mixin/injection/callback/CallbackInfoReturnable;)V has 0 override(s) in child classes
[10Jun2026 22:37:08.290] [main/DEBUG] [mixin/]: aerialhell.mixins.json:ServerPlayerGameModeMixin from mod aerialhell->@Inject::afterBlockBreak(Lnet/minecraft/core/BlockPos;Lorg/spongepowered/asm/mixin/injection/callback/CallbackInfoReturnable;)V won't be passed a CallbackInfoReturnable as a result
[10Jun2026 22:37:08.293] [main/DEBUG] [mixin/]: Mixing accessor.PackNeoForgeAccessor from puzzleslib.neoforge.mixins.json into net.minecraft.server.packs.repository.Pack
[10Jun2026 22:37:08.374] [main/DEBUG] [mixin/]: Mixing resources.NamespaceResourceManagerAccessor from moogs_structures-common.mixins.json into net.minecraft.server.packs.resources.FallbackResourceManager
[10Jun2026 22:37:08.396] [main/DEBUG] [mixin/]: Mixing TagLoaderMixin from supermartijn642corelib.mixins.json into net.minecraft.tags.TagLoader
[10Jun2026 22:37:08.396] [main/DEBUG] [mixin/]: supermartijn642corelib.mixins.json:TagLoaderMixin from mod supermartijn642corelib: Class version 65 required is higher than the class version supported by the current version of Mixin (JAVA_17 supports class version 61)
[10Jun2026 22:37:08.399] [main/DEBUG] [mixin/]: supermartijn642corelib.mixins.json:TagLoaderMixin from mod supermartijn642corelib->@Inject::loadTagsForRegistry(Lnet/minecraft/server/packs/resources/ResourceManager;Lnet/minecraft/core/WritableRegistry;Lorg/spongepowered/asm/mixin/injection/callback/CallbackInfo;)V doesn't use it's CallbackInfo
[10Jun2026 22:37:08.399] [main/DEBUG] [mixin/]: supermartijn642corelib.mixins.json:TagLoaderMixin from mod supermartijn642corelib->@Inject::loadPendingTags(Lnet/minecraft/server/packs/resources/ResourceManager;Lnet/minecraft/core/Registry;Lorg/spongepowered/asm/mixin/injection/callback/CallbackInfoReturnable;)V doesn't use it's CallbackInfoReturnable
[10Jun2026 22:37:08.399] [main/DEBUG] [mixin/]: supermartijn642corelib.mixins.json:TagLoaderMixin from mod supermartijn642corelib->@Inject::build(Ljava/util/Map;Lorg/spongepowered/asm/mixin/injection/callback/CallbackInfoReturnable;)V doesn't use it's CallbackInfoReturnable
[10Jun2026 22:37:08.399] [main/DEBUG] [mixin/]: supermartijn642corelib.mixins.json:TagLoaderMixin from mod supermartijn642corelib->@Inject::build(Ljava/util/Map;Lorg/spongepowered/asm/mixin/injection/callback/CallbackInfoReturnable;)V has 0 override(s) in child classes
[10Jun2026 22:37:08.399] [main/DEBUG] [mixin/]: supermartijn642corelib.mixins.json:TagLoaderMixin from mod supermartijn642corelib->@Inject::build(Ljava/util/Map;Lorg/spongepowered/asm/mixin/injection/callback/CallbackInfoReturnable;)V won't be passed a CallbackInfoReturnable as a result
[10Jun2026 22:37:08.468] [NeoForge Version Check/DEBUG] [net.neoforged.fml.VersionChecker/]: [prism] Received version check data:
{"homepage":"https://www.curseforge.com/minecraft/mc-mods/prism-lib","gameVersions":{"1.21.11":{"1.1.0":"View the changelog on CurseForge: https://www.curseforge.com/minecraft/mc-mods/prism-lib/files/8124699"},"1.21.1":{"1.0.11":"View the changelog on CurseForge: https://www.curseforge.com/minecraft/mc-mods/prism-lib/files/6372981"},"1.21.4":{"1.0.10":"View the changelog on CurseForge: https://www.curseforge.com/minecraft/mc-mods/prism-lib/files/6168653"},"1.21.3":{"1.0.10":"View the changelog on CurseForge: https://www.curseforge.com/minecraft/mc-mods/prism-lib/files/5991539"},"1.21":{"1.0.9":"View the changelog on CurseForge: https://www.curseforge.com/minecraft/mc-mods/prism-lib/files/5625115"},"1.20.6":{"1.0.7":"View the changelog on CurseForge: https://www.curseforge.com/minecraft/mc-mods/prism-lib/files/5365016"},"1.20.4":{"1.0.6":"View the changelog on CurseForge: https://www.curseforge.com/minecraft/mc-mods/prism-lib/files/4972290"},"1.20.2":{"1.0.5":"View the changelog on CurseForge: https://www.curseforge.com/minecraft/mc-mods/prism-lib/files/4650325"},"1.20.1":{"1.0.5":"View the changelog on CurseForge: https://www.curseforge.com/minecraft/mc-mods/prism-lib/files/4650325"},"1.20":{"1.0.5":"View the changelog on CurseForge: https://www.curseforge.com/minecraft/mc-mods/prism-lib/files/4650325"},"1.19.3":{"1.0.3":"View the changelog on CurseForge: https://www.curseforge.com/minecraft/mc-mods/prism-lib/files/4238759"},"1.19.4":{"1.0.3":"View the changelog on CurseForge: https://www.curseforge.com/minecraft/mc-mods/prism-lib/files/4238759"},"1.19.2":{"1.0.2":"View the changelog on CurseForge: https://www.curseforge.com/minecraft/mc-mods/prism-lib/files/3993293"},"1.19.1":{"1.0.2":"View the changelog on CurseForge: https://www.curseforge.com/minecraft/mc-mods/prism-lib/files/3993293"},"1.19":{"1.0.2":"View the changelog on CurseForge: https://www.curseforge.com/minecraft/mc-mods/prism-lib/files/3993293"},"1.16.5":{"1.0.1":"View the changelog on CurseForge: https://www.curseforge.com/minecraft/mc-mods/prism-lib/files/3933561"},"1.18.2":{"1.0.1":"View the changelog on CurseForge: https://www.curseforge.com/minecraft/mc-mods/prism-lib/files/3933410"}},"promos":{"1.21.11-latest":"1.1.0","1.21.1-latest":"1.0.11","1.21.4-latest":"1.0.10","1.21.3-latest":"1.0.10","1.21-latest":"1.0.9","1.20.6-latest":"1.0.7","1.20.4-latest":"1.0.6","1.20.2-latest":"1.0.5","1.20.1-latest":"1.0.5","1.20-latest":"1.0.5","1.19.3-latest":"1.0.3","1.19.4-latest":"1.0.3","1.19.2-latest":"1.0.2","1.19.1-latest":"1.0.2","1.19-latest":"1.0.2","1.16.5-latest":"1.0.1","1.18.2-latest":"1.0.1","1.21.11-recommended":"1.1.0","1.21.1-recommended":"1.0.11","1.21.4-recommended":"1.0.10","1.21.3-recommended":"1.0.10","1.21-recommended":"1.0.9","1.20.6-recommended":"1.0.7","1.20.4-recommended":"1.0.6","1.20.2-recommended":"1.0.5","1.20.1-recommended":"1.0.5","1.20-recommended":"1.0.5","1.19.3-recommended":"1.0.3","1.19.4-recommended":"1.0.3","1.19.2-recommended":"1.0.2","1.19.1-recommended":"1.0.2","1.19-recommended":"1.0.2","1.16.5-recommended":"1.0.1","1.18.2-recommended":"1.0.1"}}
[10Jun2026 22:37:08.468] [NeoForge Version Check/INFO] [net.neoforged.fml.VersionChecker/]: [prism] Found status: UP_TO_DATE Current: 1.1.0 Target: null
[10Jun2026 22:37:08.469] [NeoForge Version Check/INFO] [net.neoforged.fml.VersionChecker/]: [prickle] Starting version check at https://updates.blamejared.com/get?n=prickle&gv=1.21.11&ml=neoforge
[10Jun2026 22:37:08.569] [NeoForge Version Check/DEBUG] [net.neoforged.fml.VersionChecker/]: [prickle] Received version check data:
{"homepage":"https://www.curseforge.com/minecraft/mc-mods/prickle","promos":{"1.21.11-latest":"21.11.1"}}
[10Jun2026 22:37:08.569] [NeoForge Version Check/INFO] [net.neoforged.fml.VersionChecker/]: [prickle] Found status: BETA Current: 21.11.1 Target: 21.11.1
[10Jun2026 22:37:08.570] [NeoForge Version Check/INFO] [net.neoforged.fml.VersionChecker/]: [healthbars] Starting version check at https://raw.githubusercontent.com/Fuzss/modresources/main/update/healthbars.json
[10Jun2026 22:37:08.587] [NeoForge Version Check/DEBUG] [net.neoforged.fml.VersionChecker/]: [healthbars] Received version check data:
{
    "homepage": "https://modrinth.com/mod/health-bars",
    "promos": {
        "1.21.1-latest": "21.1.0",
        "1.21.1-recommended": "21.1.0",
        "1.21.10-latest": "21.10.0",
        "1.21.10-recommended": "21.10.0",
        "1.21.11-latest": "21.11.0",
        "1.21.11-recommended": "21.11.0",
        "1.21.3-latest": "21.3.0",
        "1.21.3-recommended": "21.3.0",
        "1.21.4-latest": "21.4.0",
        "1.21.4-recommended": "21.4.0",
        "1.21.5-latest": "21.5.0",
        "1.21.5-recommended": "21.5.0",
        "1.21.8-latest": "21.8.0",
        "1.21.8-recommended": "21.8.0"
    }
}
[10Jun2026 22:37:08.587] [NeoForge Version Check/INFO] [net.neoforged.fml.VersionChecker/]: [healthbars] Found status: UP_TO_DATE Current: 21.11.0 Target: null
[10Jun2026 22:37:08.587] [NeoForge Version Check/INFO] [net.neoforged.fml.VersionChecker/]: [enchdesc] Starting version check at https://updates.blamejared.com/get?n=enchdesc&gv=1.21.11&ml=neoforge
[10Jun2026 22:37:08.686] [NeoForge Version Check/DEBUG] [net.neoforged.fml.VersionChecker/]: [enchdesc] Received version check data:
{"homepage":"https://www.curseforge.com/minecraft/mc-mods/enchantment-descriptions","promos":{"1.21.11-latest":"21.11.1"}}
[10Jun2026 22:37:08.686] [NeoForge Version Check/INFO] [net.neoforged.fml.VersionChecker/]: [enchdesc] Found status: BETA Current: 21.11.1 Target: 21.11.1
[10Jun2026 22:37:08.686] [NeoForge Version Check/INFO] [net.neoforged.fml.VersionChecker/]: [iceberg] Starting version check at https://mc-update-check.anthonyhilyard.com/520110
[10Jun2026 22:37:08.707] [NeoForge Version Check/DEBUG] [net.neoforged.fml.VersionChecker/]: [iceberg] Received version check data:
{"homepage":"https://www.curseforge.com/minecraft/mc-mods/iceberg","gameVersions":{"1.21.11":{"1.4.0.1":"View the changelog on CurseForge: https://www.curseforge.com/minecraft/mc-mods/iceberg/files/8150206"},"1.21.1":{"1.3.2":"View the changelog on CurseForge: https://www.curseforge.com/minecraft/mc-mods/iceberg/files/6423866"},"1.21.4":{"1.2.13":"View the changelog on CurseForge: https://www.curseforge.com/minecraft/mc-mods/iceberg/files/6186850"},"1.21.3":{"1.2.10":"View the changelog on CurseForge: https://www.curseforge.com/minecraft/mc-mods/iceberg/files/5991535"},"1.20.1":{"1.1.25":"View the changelog on CurseForge: https://www.curseforge.com/minecraft/mc-mods/iceberg/files/5838149"},"1.21":{"1.2.5":"View the changelog on CurseForge: https://www.curseforge.com/minecraft/mc-mods/iceberg/files/5625109"},"1.20.6":{"1.1.23":"View the changelog on CurseForge: https://www.curseforge.com/minecraft/mc-mods/iceberg/files/5365013"},"1.20.4":{"1.1.20":"View the changelog on CurseForge: https://www.curseforge.com/minecraft/mc-mods/iceberg/files/5012668"},"1.20":{"1.1.18":"View the changelog on CurseForge: https://www.curseforge.com/minecraft/mc-mods/iceberg/files/4953572"},"1.20.2":{"1.1.17":"View the changelog on CurseForge: https://www.curseforge.com/minecraft/mc-mods/iceberg/files/4918151"},"1.19.4":{"1.1.10":"View the changelog on CurseForge: https://www.curseforge.com/minecraft/mc-mods/iceberg/files/4548283"}},"promos":{"1.21.11-latest":"1.4.0.1","1.21.1-latest":"1.3.2","1.21.4-latest":"1.2.13","1.21.3-latest":"1.2.10","1.20.1-latest":"1.1.25","1.21-latest":"1.2.5","1.20.6-latest":"1.1.23","1.20.4-latest":"1.1.20","1.20-latest":"1.1.18","1.20.2-latest":"1.1.17","1.19.4-latest":"1.1.10","1.21.11-recommended":"1.4.0.1","1.21.1-recommended":"1.3.2","1.21.4-recommended":"1.2.13","1.21.3-recommended":"1.2.10","1.20.1-recommended":"1.1.25","1.21-recommended":"1.2.5","1.20.6-recommended":"1.1.23","1.20.4-recommended":"1.1.20","1.20-recommended":"1.1.18","1.20.2-recommended":"1.1.17","1.19.4-recommended":"1.1.10"}}
[10Jun2026 22:37:08.708] [NeoForge Version Check/INFO] [net.neoforged.fml.VersionChecker/]: [iceberg] Found status: OUTDATED Current: 1.4.0 Target: 1.4.0.1
[10Jun2026 22:37:08.708] [NeoForge Version Check/INFO] [net.neoforged.fml.VersionChecker/]: [securitycraft] Starting version check at https://www.github.com/Geforce132/SecurityCraft/raw/master/Updates/Forge.json
[10Jun2026 22:37:08.840] [NeoForge Version Check/DEBUG] [net.neoforged.fml.VersionChecker/]: [securitycraft] Received version check data:
{
    "homepage": "https://www.curseforge.com/minecraft/mc-mods/security-craft/",
    "promos": {
        "1.7.10-latest": "v1.8.13",
        "1.7.10-recommended": "v1.8.13",
        "1.8-latest": "v1.8.12.1",
        "1.8-recommended": "v1.8.12.1",
        "1.8.8-latest": "v1.8.12.1",
        "1.8.8-recommended": "v1.8.12.1",
        "1.8.9-latest": "v1.8.12.1",
        "1.8.9-recommended": "v1.8.12.1",
        "1.9.4-latest": "v1.8.12",
        "1.9.4-recommended": "v1.8.12",
        "1.10.2-latest": "v1.8.12",
        "1.10.2-recommended": "v1.8.12",
        "1.11.2-latest": "v1.8.12.1",
        "1.11.2-recommended": "v1.8.12.1",
        "1.12-latest": "v1.8.8.1",
        "1.12-recommended": "v1.8.8.1",
        "1.12.1-latest": "v1.8.8.1",
        "1.12.1-recommended": "v1.8.8.1",
        "1.12.2-latest": "v1.10.1",
        "1.12.2-recommended": "v1.10.1",
        "1.13.2-latest": "v1.8.13",
        "1.13.2-recommended": "v1.8.13",
        "1.14.3-latest": "v1.8.12-beta2",
        "1.14.3-recommended": "v1.8.12-beta2",
        "1.14.4-latest": "v1.8.22.2",
        "1.14.4-recommended": "v1.8.22.2",
        "1.15.1-latest": "v1.8.15-beta2",
        "1.15.1-recommended": "v1.8.15-beta2",
        "1.15.2-latest": "v1.9.1",
        "1.15.2-recommended": "v1.9.1",
        "1.16.1-latest": "v1.8.19.3",
        "1.16.1-recommended": "v1.8.19.3",
        "1.16.2-latest": "v1.8.19.3",
        "1.16.2-recommended": "v1.8.19.3",
        "1.16.3-latest": "v1.8.21.1",
        "1.16.3-recommended": "v1.8.21.1",
        "1.16.4-latest": "v1.8.21.1",
        "1.16.4-recommended": "v1.8.21.1",
        "1.16.5-latest": "v1.10.1",
        "1.16.5-recommended": "v1.10.1",
        "1.17.1-latest": "1.9.5",
        "1.17.1-recommended": "1.9.5",
        "1.18.1-latest": "1.9.0.2-beta1",
        "1.18.1-recommended": "1.9.0.2-beta1",
        "1.18.2-latest": "1.10.1",
        "1.18.2-recommended": "1.10.1",
        "1.19-latest": "1.9.3.1",
        "1.19-recommended": "1.9.3.1",
        "1.19.1-latest": "1.9.3.1",
        "1.19.1-recommended": "1.9.3.1",
        "1.19.2-latest": "1.9.6.1",
        "1.19.2-recommended": "1.9.6.1",
        "1.19.3-latest": "1.9.8",
        "1.19.3-recommended": "1.9.8",
        "1.19.4-latest": "1.10.1",
        "1.19.4-recommended": "1.10.1",
        "1.20-latest": "1.9.7-beta2",
        "1.20-recommended": "1.9.7-beta2",
        "1.20.2-latest": "1.9.9",
        "1.20.2-recommended": "1.9.9",
        "1.20.4-latest": "1.10.1",
        "1.20.4-recommended": "1.10.1",
        "1.20.6-latest": "1.10.1",
        "1.20.6-recommended": "1.10.1",
        "1.21-latest": "1.9.10-beta7",
        "1.21-recommended": "1.9.10-beta7",
        "1.21.2-latest": "1.9.11-beta2",
        "1.21.2-recommended": "1.9.11-beta2",
        "1.21.3-latest": "1.10.1",
        "1.21.3-recommended": "1.10.1",
        "1.21.4-latest": "1.10.1",
        "1.21.4-recommended": "1.10.1",
        "1.21.5-latest": "1.10.1",
        "1.21.5-recommended": "1.10.1",
        "1.21.6-latest": "1.10-beta3",
        "1.21.6-recommended": "1.10-beta3",
        "1.21.7-latest": "1.10-beta1",
        "1.21.7-recommended": "1.10-beta1",
        "26.1-latest": "1.10.1-beta1",
        "26.1-recommended": "1.10.1-beta1",
        "26.1.1-latest": "1.10.1-beta2",
        "26.1.1-recommended": "1.10.1-beta2",

        "1.20.1-latest": "1.10.1",
        "1.20.1-recommended": "1.10.1",
        "1.21.1-latest": "1.10.1",
        "1.21.1-recommended": "1.10.1",
        "1.21.8-latest": "1.10.1",
        "1.21.8-recommended": "1.10.1",
        "1.21.10-latest": "1.10.1-beta2",
        "1.21.10-recommended": "1.10.1-beta2",
        "1.21.11-latest": "1.10.1-beta2",
        "1.21.11-recommended": "1.10.1-beta2",
        "26.1.2-latest": "1.10.1-beta3",
        "26.1.2-recommended": "1.10.1-beta3"
    },
    "1.7.10": {
        "v1.8.13": "https://github.com/Geforce132/SecurityCraft/blob/eol/1.7.10/Changelog%20v1.8.x.md"
    },
    "1.8": {
        "v1.8.12": "https://github.com/Geforce132/SecurityCraft/blob/eol/1.8/Changelog%20v1.8.x.md"
    },
    "1.8.8": {
        "v1.8.12.1": "https://github.com/Geforce132/SecurityCraft/blob/eol/1.8.9/Changelog%20v1.8.x.md"
    },
    "1.8.9": {
        "v1.8.12.1": "https://github.com/Geforce132/SecurityCraft/blob/eol/1.8.9/Changelog%20v1.8.x.md"
    },
    "1.9.4": {
        "v1.8.12": "https://github.com/Geforce132/SecurityCraft/blob/eol/1.9.4/Changelog%20v1.8.x.md"
    },
    "1.10.2": {
        "v1.8.12": "https://github.com/Geforce132/SecurityCraft/blob/eol/1.10.2/Changelog%20v1.8.x.md"
    },
    "1.11.2": {
        "v1.8.12.1": "https://github.com/Geforce132/SecurityCraft/blob/eol/1.11.2/Changelog%20v1.8.x.md"
    },
    "1.12": {
        "v1.8.8.1": "https://github.com/Geforce132/SecurityCraft/blob/54061f84f188c33db291770e550c4c84a927194c/Changelog%20v1.8.x.md"
    },
    "1.12.1": {
        "v1.8.8.1": "https://github.com/Geforce132/SecurityCraft/blob/54061f84f188c33db291770e550c4c84a927194c/Changelog%20v1.8.x.md"
    },
    "1.12.2": {
        "v1.10.1": "https://github.com/Geforce132/SecurityCraft/blob/eol/1.12.2/Changelog.md"
    },
    "1.13.2": {
        "v1.8.13": "https://github.com/Geforce132/SecurityCraft/blob/eol/1.13.2/Changelog%20v1.8.x.md"
    },
    "1.14.3": {
        "v1.8.12-beta2": "https://github.com/Geforce132/SecurityCraft/blob/b20ce0945abdccb8f2b6abaea5d26c28d0a3b916/Changelog%20v1.8.x.md"
    },
    "1.14.4": {
        "v1.8.22.2": "https://github.com/Geforce132/SecurityCraft/blob/eol/1.14.4/Changelog%20v1.8.x.md"
    },
    "1.15.1": {
        "v1.8.15-beta2": "https://github.com/Geforce132/SecurityCraft/blob/04f414232af5250193ed610da93696a830584cc9/Changelog%20v1.8.x.md"
    },
    "1.15.2": {
        "v1.9.1": "https://github.com/Geforce132/SecurityCraft/blob/eol/1.15.2/Changelog.md"
    },
    "1.16.1": {
        "v1.8.19.3": "https://github.com/Geforce132/SecurityCraft/blob/eol/1.16.1/Changelog%20v1.8.x.md"
    },
    "1.16.2": {
        "v1.8.19.3": "https://github.com/Geforce132/SecurityCraft/blob/2c1c0868dd26f8870bae1b8c0d57041cab3ba897/Changelog%20v1.8.x.md"
    },
    "1.16.3": {
        "v1.8.21.1": "https://github.com/Geforce132/SecurityCraft/blob/44460188b9bf30b94f122ba362092cba5e76e0d2/Changelog%20v1.8.x.md"
    },
    "1.16.4": {
        "v1.8.21.1": "https://github.com/Geforce132/SecurityCraft/blob/44460188b9bf30b94f122ba362092cba5e76e0d2/Changelog%20v1.8.x.md"
    },
    "1.16.5": {
        "v1.10.1": "https://github.com/Geforce132/SecurityCraft/blob/eol/1.16.5/Changelog.md"
    },
    "1.17.1": {
        "1.9.5": "https://github.com/Geforce132/SecurityCraft/blob/eol/1.17.1/Changelog.md"
    },
    "1.18.1": {
        "1.9.0.2-beta1": "https://github.com/Geforce132/SecurityCraft/blob/eol/1.18.1/Changelog.md"
    },
    "1.18.2": {
        "1.10.1": "https://github.com/Geforce132/SecurityCraft/blob/eol/1.18.2/Changelog.md"
    },
    "1.19": {
        "1.9.3.1": "https://github.com/Geforce132/SecurityCraft/blob/eol/1.19/Changelog.md"
    },
    "1.19.1": {
        "1.9.3.1": "https://github.com/Geforce132/SecurityCraft/blob/c60edcc5881fc8ca4394bfeae3254ab0d693ab5e/Changelog.md"
    },
    "1.19.2": {
        "1.9.6.1": "https://github.com/Geforce132/SecurityCraft/blob/eol/1.19.2/Changelog.md"
    },
    "1.19.3": {
        "1.9.8": "https://github.com/Geforce132/SecurityCraft/blob/eol/1.19.3/Changelog.md"
    },
    "1.19.4": {
        "1.10.1": "https://github.com/Geforce132/SecurityCraft/blob/eol/1.19.4/Changelog.md"
    },
    "1.20": {
        "1.9.7-beta2": "https://github.com/Geforce132/SecurityCraft/blob/2e41d10948280cfdfe693e52c3580adf5f0cb18c/Changelog.md"
    },
    "1.20.2": {
        "1.9.9": "https://github.com/Geforce132/SecurityCraft/blob/eol/1.20.2/Changelog.md"
    },
    "1.20.4": {
        "1.10.1": "https://github.com/Geforce132/SecurityCraft/blob/eol/1.20.4/Changelog.md"
    },
    "1.20.6": {
        "1.10.1": "https://github.com/Geforce132/SecurityCraft/blob/eol/1.20.6/Changelog.md"
    },
    "1.21": {
        "1.9.10-beta7": "https://github.com/Geforce132/SecurityCraft/blob/a74d63ec9796e54c5bd8d22c18a320146560a753/Changelog.md"
    },
    "1.21.2": {
        "1.9.11-beta2": "https://github.com/Geforce132/SecurityCraft/blob/63c87ccbc661cecac0e75d54b81b571a3d17a29e/Changelog.md"
    },
    "1.21.3": {
        "1.10.1": "https://github.com/Geforce132/SecurityCraft/blob/eol/1.21.3/Changelog.md"
    },
    "1.21.4": {
        "1.10.1": "https://github.com/Geforce132/SecurityCraft/blob/eol/1.21.4/Changelog.md"
    },
    "1.21.5": {
        "1.10.1": "https://github.com/Geforce132/SecurityCraft/blob/eol/1.21.5/Changelog.md"
    },
    "1.21.6": {
        "1.10-beta3": "https://github.com/Geforce132/SecurityCraft/blob/eol/1.21.6/Changelog.md"
    },
    "1.21.7": {
        "1.10-beta1": "https://github.com/Geforce132/SecurityCraft/blob/eol/1.21.7/Changelog.md"
    },
    "26.1": {
        "1.10.1-beta1": "https://github.com/Geforce132/SecurityCraft/blob/3530e3135264e6f50f5d80b66c18b62540250f2b/Changelog.md"
    },
    "26.1.1": {
        "1.10.1-beta2": "https://github.com/Geforce132/SecurityCraft/blob/fdc8e004b6dad213880d5b03d4562a5568b5c5f8/Changelog.md"
    },

    "1.20.1": {
        "1.10.1": "https://github.com/Geforce132/SecurityCraft/blob/1.20.1/Changelog.md"
    },
    "1.21.1": {
        "1.10.1": "https://github.com/Geforce132/SecurityCraft/blob/1.21.1/Changelog.md"
    },
    "1.21.8": {
        "1.10.1": "https://github.com/Geforce132/SecurityCraft/blob/1.21.8/Changelog.md"
    },
    "1.21.10": {
        "1.10.1-beta2": "https://github.com/Geforce132/SecurityCraft/blob/1.21.10/Changelog.md"
    },
    "1.21.11": {
        "1.10.1-beta2": "https://github.com/Geforce132/SecurityCraft/blob/1.21.11/Changelog.md"
    },
    "26.1.2": {
        "1.10.1-beta3": "https://github.com/Geforce132/SecurityCraft/blob/26.1/Changelog.md"
    }
}
[10Jun2026 22:37:08.841] [NeoForge Version Check/INFO] [net.neoforged.fml.VersionChecker/]: [securitycraft] Found status: UP_TO_DATE Current: 1.10.1-beta2 Target: null
[10Jun2026 22:37:08.853] [NeoForge Version Check/INFO] [net.neoforged.fml.VersionChecker/]: [puzzleslib] Starting version check at https://api.modrinth.com/updates/QAGBst4M/forge_updates.json?neoforge=only
[10Jun2026 22:37:09.085] [NeoForge Version Check/DEBUG] [net.neoforged.fml.VersionChecker/]: [puzzleslib] Received version check data:
{"homepage":"https://modrinth.com/mod/QAGBst4M","promos":{"26.1-latest":"26.1.10","1.20.4-latest":"v20.4.53-1.20.4-NeoForge","1.21.4-recommended":"v21.4.14-1.21.4-NeoForge","1.21.6-latest":"v21.6.6-1.21.6-NeoForge","1.21.1-recommended":"v21.1.51-1.21.1-NeoForge","1.21.6-recommended":"v21.6.6-1.21.6-NeoForge","1.21.10-latest":"21.10.8","1.21.11-recommended":"21.11.13","1.21.10-recommended":"21.10.8","26.1-recommended":"26.1.10","1.21.8-latest":"v21.8.9-1.21.8-NeoForge","1.21.5-recommended":"v21.5.13-1.21.5-NeoForge","26.1.1-recommended":"26.1.10","1.21.9-latest":"21.9.5","1.20.4-recommended":"v20.4.53-1.20.4-NeoForge","1.21.3-latest":"v21.3.25-1.21.3-NeoForge","26.1.1-latest":"26.1.10","1.21.1-latest":"v21.1.51-1.21.1-NeoForge","1.21.9-recommended":"21.9.5","1.21.7-latest":"v21.7.1-1.21.7-NeoForge","26.1.2-latest":"26.1.10","1.21.4-latest":"v21.4.14-1.21.4-NeoForge","1.21-recommended":"v21.0.28-1.21-NeoForge","1.21.5-latest":"v21.5.13-1.21.5-NeoForge","26.1.2-recommended":"26.1.10","1.21.8-recommended":"v21.8.9-1.21.8-NeoForge","1.21.11-latest":"21.11.13","1.21-latest":"v21.0.28-1.21-NeoForge","1.21.3-recommended":"v21.3.25-1.21.3-NeoForge","1.21.7-recommended":"v21.7.1-1.21.7-NeoForge"}}
[10Jun2026 22:37:09.087] [NeoForge Version Check/INFO] [net.neoforged.fml.VersionChecker/]: [puzzleslib] Found status: OUTDATED Current: 21.11.12 Target: 21.11.13
[10Jun2026 22:37:13.348] [main/DEBUG] [mixin/]: Mixing PrimaryLevelDataMixin from collective_neoforge.mixins.json into net.minecraft.world.level.storage.PrimaryLevelData
[10Jun2026 22:37:13.353] [main/DEBUG] [mixin/]: collective_neoforge.mixins.json:PrimaryLevelDataMixin from mod collective->@Inject::PrimaryLevelData(Lorg/spongepowered/asm/mixin/injection/callback/CallbackInfo;)V doesn't use it's CallbackInfo
[10Jun2026 22:37:13.353] [main/DEBUG] [mixin/]: collective_neoforge.mixins.json:PrimaryLevelDataMixin from mod collective->@Inject::PrimaryLevelData(Lorg/spongepowered/asm/mixin/injection/callback/CallbackInfo;)V has 0 override(s) in child classes
[10Jun2026 22:37:13.353] [main/DEBUG] [mixin/]: collective_neoforge.mixins.json:PrimaryLevelDataMixin from mod collective->@Inject::PrimaryLevelData(Lorg/spongepowered/asm/mixin/injection/callback/CallbackInfo;)V won't be passed a CallbackInfo as a result
[10Jun2026 22:37:13.353] [main/DEBUG] [mixin/]: collective_neoforge.mixins.json:PrimaryLevelDataMixin from mod collective->@Inject::PrimaryLevelData(Lorg/spongepowered/asm/mixin/injection/callback/CallbackInfo;)V doesn't use it's CallbackInfo
[10Jun2026 22:37:13.353] [main/DEBUG] [mixin/]: collective_neoforge.mixins.json:PrimaryLevelDataMixin from mod collective->@Inject::PrimaryLevelData(Lorg/spongepowered/asm/mixin/injection/callback/CallbackInfo;)V has 0 override(s) in child classes
[10Jun2026 22:37:13.353] [main/DEBUG] [mixin/]: collective_neoforge.mixins.json:PrimaryLevelDataMixin from mod collective->@Inject::PrimaryLevelData(Lorg/spongepowered/asm/mixin/injection/callback/CallbackInfo;)V won't be passed a CallbackInfo as a result
[10Jun2026 22:37:13.353] [main/DEBUG] [mixin/]: collective_neoforge.mixins.json:PrimaryLevelDataMixin from mod collective->@Inject::withConfirmedWarning(ZLorg/spongepowered/asm/mixin/injection/callback/CallbackInfoReturnable;)V doesn't use it's CallbackInfoReturnable
[10Jun2026 22:37:13.353] [main/DEBUG] [mixin/]: collective_neoforge.mixins.json:PrimaryLevelDataMixin from mod collective->@Inject::withConfirmedWarning(ZLorg/spongepowered/asm/mixin/injection/callback/CallbackInfoReturnable;)V has 0 override(s) in child classes
[10Jun2026 22:37:13.353] [main/DEBUG] [mixin/]: collective_neoforge.mixins.json:PrimaryLevelDataMixin from mod collective->@Inject::withConfirmedWarning(ZLorg/spongepowered/asm/mixin/injection/callback/CallbackInfoReturnable;)V won't be passed a CallbackInfoReturnable as a result
[10Jun2026 22:37:13.354] [main/DEBUG] [mixin/]: collective_neoforge.mixins.json:PrimaryLevelDataMixin from mod collective->@Inject::hasConfirmedExperimentalWarning(Lorg/spongepowered/asm/mixin/injection/callback/CallbackInfoReturnable;)V does use it's CallbackInfoReturnable
[10Jun2026 22:37:13.989] [Worker-Main-3/DEBUG] [mixin/]: Mixing RecipeManagerMixin from supermartijn642corelib.mixins.json into net.minecraft.world.item.crafting.RecipeManager
[10Jun2026 22:37:13.990] [Worker-Main-3/DEBUG] [mixin/]: supermartijn642corelib.mixins.json:RecipeManagerMixin from mod supermartijn642corelib: Class version 65 required is higher than the class version supported by the current version of Mixin (JAVA_17 supports class version 61)
[10Jun2026 22:37:13.990] [Worker-Main-3/DEBUG] [mixin/]: Renaming synthetic method lambda$prepare$0(Ljava/util/List;Lnet/minecraft/resources/Identifier;Lnet/minecraft/world/item/crafting/Recipe;)V to mdc81b13$supermartijn642corelib$lambda$prepare$0$0 in supermartijn642corelib.mixins.json:RecipeManagerMixin from mod supermartijn642corelib
[10Jun2026 22:37:13.992] [Worker-Main-3/DEBUG] [mixin/]: Mixing RecipeManagerMixin from refurbished_furniture.common.mixins.json into net.minecraft.world.item.crafting.RecipeManager
[10Jun2026 22:37:13.992] [Worker-Main-3/DEBUG] [mixin/]: Renaming synthetic method lambda$afterStaticInit$3(Lnet/minecraft/world/item/crafting/Recipe;)Ljava/util/Optional; to mdc81b13$refurbished_furniture$lambda$afterStaticInit$3$1 in refurbished_furniture.common.mixins.json:RecipeManagerMixin from mod refurbished_furniture
[10Jun2026 22:37:13.992] [Worker-Main-3/DEBUG] [mixin/]: Renaming synthetic method lambda$afterStaticInit$2(Lnet/minecraft/world/item/crafting/Recipe;)Ljava/util/Optional; to mdc81b13$refurbished_furniture$lambda$afterStaticInit$2$2 in refurbished_furniture.common.mixins.json:RecipeManagerMixin from mod refurbished_furniture
[10Jun2026 22:37:13.992] [Worker-Main-3/DEBUG] [mixin/]: Renaming synthetic method lambda$afterStaticInit$1(Lnet/minecraft/world/item/crafting/Recipe;)Ljava/util/Optional; to mdc81b13$refurbished_furniture$lambda$afterStaticInit$1$3 in refurbished_furniture.common.mixins.json:RecipeManagerMixin from mod refurbished_furniture
[10Jun2026 22:37:13.993] [Worker-Main-3/DEBUG] [mixin/]: Renaming synthetic method lambda$afterStaticInit$0(Lnet/minecraft/world/item/crafting/Recipe;)Ljava/util/Optional; to mdc81b13$refurbished_furniture$lambda$afterStaticInit$0$4 in refurbished_furniture.common.mixins.json:RecipeManagerMixin from mod refurbished_furniture
[10Jun2026 22:37:14.002] [Worker-Main-3/DEBUG] [mixin/]: supermartijn642corelib.mixins.json:RecipeManagerMixin from mod supermartijn642corelib->@Inject::prepare(Lnet/minecraft/server/packs/resources/ResourceManager;Lnet/minecraft/util/profiling/ProfilerFiller;Lorg/spongepowered/asm/mixin/injection/callback/CallbackInfoReturnable;)V doesn't use it's CallbackInfoReturnable
[10Jun2026 22:37:14.002] [Worker-Main-3/DEBUG] [mixin/]: supermartijn642corelib.mixins.json:RecipeManagerMixin from mod supermartijn642corelib->@Inject::prepare(Lnet/minecraft/server/packs/resources/ResourceManager;Lnet/minecraft/util/profiling/ProfilerFiller;Lorg/spongepowered/asm/mixin/injection/callback/CallbackInfoReturnable;)V has 0 override(s) in child classes
[10Jun2026 22:37:14.002] [Worker-Main-3/DEBUG] [mixin/]: supermartijn642corelib.mixins.json:RecipeManagerMixin from mod supermartijn642corelib->@Inject::prepare(Lnet/minecraft/server/packs/resources/ResourceManager;Lnet/minecraft/util/profiling/ProfilerFiller;Lorg/spongepowered/asm/mixin/injection/callback/CallbackInfoReturnable;)V won't be passed a CallbackInfoReturnable as a result
[10Jun2026 22:37:14.003] [Worker-Main-3/DEBUG] [mixin/]: refurbished_furniture.common.mixins.json:RecipeManagerMixin from mod refurbished_furniture->@Inject::afterStaticInit(Lorg/spongepowered/asm/mixin/injection/callback/CallbackInfo;)V doesn't use it's CallbackInfo
[10Jun2026 22:37:14.172] [Worker-Main-3/DEBUG] [mixin/]: Mixing structures.LocateCommandMixin from moogs_structures-common.mixins.json into net.minecraft.server.commands.LocateCommand
[10Jun2026 22:37:14.172] [Worker-Main-3/DEBUG] [mixin/]: Renaming synthetic method lambda$moogs_structures_increaseLocateRadius$0(Lnet/minecraft/core/Holder;)Z to mdc81b13$moogs_structures$lambda$moogs_structures_increaseLocateRadius$0$0 in moogs_structures-common.mixins.json:structures.LocateCommandMixin from mod moogs_structures
[10Jun2026 22:37:14.178] [Worker-Main-3/DEBUG] [mixin/]: moogs_structures-common.mixins.json:structures.LocateCommandMixin from mod moogs_structures->@Inject::moogs_structures_increaseLocateRadius(Lnet/minecraft/commands/CommandSourceStack;Lnet/minecraft/commands/arguments/ResourceOrTagKeyArgument$Result;Lorg/spongepowered/asm/mixin/injection/callback/CallbackInfoReturnable;Lnet/minecraft/core/Registry;Lnet/minecraft/core/HolderSet;Lnet/minecraft/core/BlockPos;Lnet/minecraft/server/level/ServerLevel;)V does use it's CallbackInfoReturnable
[10Jun2026 22:37:14.392] [Worker-Main-3/DEBUG] [atomicstryker.dynamiclights.server.DynamicLights/]: Adding reload listener for light level cache
[10Jun2026 22:37:14.431] [Worker-Main-3/WARN] [net.minecraft.server.packs.FilePackResources/]: Invalid path in datapack: pid:function/.DS_Store, ignoring
[10Jun2026 22:37:16.919] [main/INFO] [net.minecraft.world.item.crafting.RecipeManager/]: Loaded 4342 recipes
[10Jun2026 22:37:16.942] [main/INFO] [net.minecraft.advancements.AdvancementTree/]: Loaded 3434 advancements
[10Jun2026 22:37:16.945] [main/INFO] [atomicstryker.dynamiclights.server.ItemLightLevels/]: Clearing item tag to light level mapping cache
[10Jun2026 22:37:16.946] [main/INFO] [net.neoforged.neoforge.common.crafting.RecipePriorityManager/]: Loaded 0 recipe priority overrides
[10Jun2026 22:37:16.949] [main/DEBUG] [sophisticatedbackpacks/]: Started loading registry data from sophisticatedbackpacks:compat/woot/block_tools 
[10Jun2026 22:37:16.949] [main/DEBUG] [sophisticatedbackpacks/]: Started loading registry data from sophisticatedbackpacks:compat/fluxnetworks/block_tools 
[10Jun2026 22:37:16.949] [main/DEBUG] [sophisticatedbackpacks/]: Started loading registry data from sophisticatedbackpacks:compat/mob_grinding_utils/entity_tools 
[10Jun2026 22:37:16.949] [main/DEBUG] [sophisticatedbackpacks/]: Started loading registry data from sophisticatedbackpacks:compat/astralsorcery/block_tools 
[10Jun2026 22:37:16.949] [main/DEBUG] [sophisticatedbackpacks/]: Started loading registry data from sophisticatedbackpacks:compat/immersivepetroleum/block_tools 
[10Jun2026 22:37:16.949] [main/DEBUG] [sophisticatedbackpacks/]: Started loading registry data from sophisticatedbackpacks:compat/immersiveengineering/block_tools 
[10Jun2026 22:37:16.949] [main/DEBUG] [sophisticatedbackpacks/]: Started loading registry data from sophisticatedbackpacks:compat/pedestals/block_tools 
[10Jun2026 22:37:16.949] [main/DEBUG] [sophisticatedbackpacks/]: Started loading registry data from sophisticatedbackpacks:compat/platforms/block_tools 
[10Jun2026 22:37:16.949] [main/DEBUG] [sophisticatedbackpacks/]: Started loading registry data from sophisticatedbackpacks:compat/rftoolsutility/entity_tools 
[10Jun2026 22:37:16.949] [main/DEBUG] [sophisticatedbackpacks/]: Started loading registry data from sophisticatedbackpacks:compat/compactmachines/block_tools 
[10Jun2026 22:37:16.949] [main/DEBUG] [sophisticatedbackpacks/]: Started loading registry data from sophisticatedbackpacks:compat/mcwwindows/block_tools 
[10Jun2026 22:37:16.951] [main/DEBUG] [sophisticatedbackpacks/]: Finished loading registry data for sophisticatedbackpacks:compat/mcwwindows/block_tools
[10Jun2026 22:37:16.951] [main/DEBUG] [sophisticatedbackpacks/]: Started loading registry data from sophisticatedbackpacks:compat/integrateddynamics/block_tools 
[10Jun2026 22:37:16.951] [main/DEBUG] [sophisticatedbackpacks/]: Started loading registry data from sophisticatedbackpacks:entity_tools 
[10Jun2026 22:37:16.952] [main/DEBUG] [sophisticatedbackpacks/]: Finished loading registry data for sophisticatedbackpacks:entity_tools
[10Jun2026 22:37:16.952] [main/DEBUG] [sophisticatedbackpacks/]: Started loading registry data from sophisticatedbackpacks:compat/mekanism/block_tools 
[10Jun2026 22:37:16.952] [main/DEBUG] [sophisticatedbackpacks/]: Started loading registry data from sophisticatedbackpacks:compat/powah/block_tools 
[10Jun2026 22:37:16.952] [main/DEBUG] [sophisticatedbackpacks/]: Started loading registry data from sophisticatedbackpacks:compat/apotheosis/entity_tools 
[10Jun2026 22:37:16.952] [main/DEBUG] [sophisticatedbackpacks/]: Started loading registry data from sophisticatedbackpacks:compat/bloodmagic/block_tools 
[10Jun2026 22:37:16.952] [main/DEBUG] [sophisticatedbackpacks/]: Started loading registry data from sophisticatedbackpacks:compat/immersiveposts/block_tools 
[10Jun2026 22:37:16.952] [main/DEBUG] [sophisticatedbackpacks/]: Started loading registry data from sophisticatedbackpacks:compat/rats/entity_tools 
[10Jun2026 22:37:16.952] [main/DEBUG] [sophisticatedbackpacks/]: Started loading registry data from sophisticatedbackpacks:compat/framedcompactdrawers/block_tools 
[10Jun2026 22:37:16.952] [main/DEBUG] [sophisticatedbackpacks/]: Started loading registry data from sophisticatedbackpacks:compat/iceandfire/entity_tools 
[10Jun2026 22:37:16.952] [main/DEBUG] [sophisticatedbackpacks/]: Started loading registry data from sophisticatedbackpacks:compat/storagedrawers/block_tools 
[10Jun2026 22:37:16.952] [main/DEBUG] [sophisticatedbackpacks/]: Started loading registry data from sophisticatedbackpacks:compat/mcwroofs/block_tools 
[10Jun2026 22:37:16.952] [main/DEBUG] [sophisticatedbackpacks/]: Started loading registry data from sophisticatedbackpacks:compat/morphtool/block_tools 
[10Jun2026 22:37:16.953] [main/DEBUG] [sophisticatedbackpacks/]: Started loading registry data from sophisticatedbackpacks:compat/botania/block_tools 
[10Jun2026 22:37:16.953] [main/DEBUG] [sophisticatedbackpacks/]: Started loading registry data from sophisticatedbackpacks:compat/pneumaticraft/block_tools 
[10Jun2026 22:37:16.953] [main/DEBUG] [sophisticatedbackpacks/]: Started loading registry data from sophisticatedbackpacks:compat/shrink/entity_tools 
[10Jun2026 22:37:16.953] [main/DEBUG] [sophisticatedbackpacks/]: Started loading registry data from sophisticatedbackpacks:compat/blockcarpentry/block_tools 
[10Jun2026 22:37:16.953] [main/DEBUG] [sophisticatedbackpacks/]: Started loading registry data from sophisticatedbackpacks:compat/pipez/block_tools 
[10Jun2026 22:37:16.953] [main/DEBUG] [sophisticatedbackpacks/]: Started loading registry data from sophisticatedbackpacks:compat/transport/block_tools 
[10Jun2026 22:37:16.953] [main/DEBUG] [sophisticatedbackpacks/]: Started loading registry data from sophisticatedbackpacks:compat/thermal/block_tools 
[10Jun2026 22:37:16.953] [main/DEBUG] [sophisticatedbackpacks/]: Started loading registry data from sophisticatedbackpacks:block_tools 
[10Jun2026 22:37:16.953] [main/DEBUG] [sophisticatedbackpacks/]: Finished loading registry data for sophisticatedbackpacks:block_tools
[10Jun2026 22:37:16.953] [main/DEBUG] [sophisticatedbackpacks/]: Started loading registry data from sophisticatedbackpacks:compat/create/block_tools 
[10Jun2026 22:37:16.953] [main/DEBUG] [sophisticatedbackpacks/]: Started loading registry data from sophisticatedbackpacks:compat/farmersdelight/entity_tools 
[10Jun2026 22:37:16.953] [main/DEBUG] [sophisticatedbackpacks/]: Started loading registry data from sophisticatedbackpacks:compat/refinedstorage/block_tools 
[10Jun2026 22:37:16.953] [main/DEBUG] [sophisticatedbackpacks/]: Started loading registry data from sophisticatedbackpacks:compat/chiselsandbits/block_tools 
[10Jun2026 22:37:16.953] [main/DEBUG] [sophisticatedbackpacks/]: Started loading registry data from sophisticatedbackpacks:compat/farmersdelight/block_tools 
[10Jun2026 22:37:16.953] [main/DEBUG] [sophisticatedbackpacks/]: Started loading registry data from sophisticatedbackpacks:compat/resourcefulbees/entity_tools 
[10Jun2026 22:37:16.953] [main/DEBUG] [sophisticatedbackpacks/]: Started loading registry data from sophisticatedbackpacks:compat/mythicbotany/block_tools 
[10Jun2026 22:37:16.953] [main/DEBUG] [sophisticatedbackpacks/]: Started loading registry data from sophisticatedbackpacks:compat/resourcefulbees/block_tools 
[10Jun2026 22:37:16.953] [main/DEBUG] [sophisticatedbackpacks/]: Started loading registry data from sophisticatedbackpacks:compat/syp/entity_tools 
[10Jun2026 22:37:16.953] [main/DEBUG] [sophisticatedbackpacks/]: Started loading registry data from sophisticatedbackpacks:compat/eidolon/block_tools 
[10Jun2026 22:37:16.953] [main/DEBUG] [sophisticatedbackpacks/]: Started loading registry data from sophisticatedbackpacks:compat/rftoolsbase/block_tools 
[10Jun2026 22:37:17.125] [main/DEBUG] [net.neoforged.neoforge.common.CommonHooks/WP]: Gathered mod list to write to world save world
[10Jun2026 22:37:17.136] [main/DEBUG] [mixin/]: Mixing server.DedicatedServerMixin from lithostitched.mixins.json into net.minecraft.server.dedicated.DedicatedServer
[10Jun2026 22:37:17.136] [main/DEBUG] [mixin/]: lithostitched.mixins.json:server.DedicatedServerMixin from mod lithostitched: Class version 65 required is higher than the class version supported by the current version of Mixin (JAVA_17 supports class version 61)
[10Jun2026 22:37:17.138] [main/DEBUG] [mixin/]: lithostitched.mixins.json:server.DedicatedServerMixin from mod lithostitched->@Inject::initServer(Lorg/spongepowered/asm/mixin/injection/callback/CallbackInfoReturnable;)V doesn't use it's CallbackInfoReturnable
[10Jun2026 22:37:17.138] [main/DEBUG] [mixin/]: lithostitched.mixins.json:server.DedicatedServerMixin from mod lithostitched->@Inject::initServer(Lorg/spongepowered/asm/mixin/injection/callback/CallbackInfoReturnable;)V has 0 override(s) in child classes
[10Jun2026 22:37:17.138] [main/DEBUG] [mixin/]: lithostitched.mixins.json:server.DedicatedServerMixin from mod lithostitched->@Inject::initServer(Lorg/spongepowered/asm/mixin/injection/callback/CallbackInfoReturnable;)V won't be passed a CallbackInfoReturnable as a result
[10Jun2026 22:37:17.145] [main/DEBUG] [mixin/]: Mixing camera.PlayerListMixin from securitycraft.mixins.json into net.minecraft.server.players.PlayerList
[10Jun2026 22:37:17.147] [main/DEBUG] [mixin/]: securitycraft.mixins.json:camera.PlayerListMixin from mod securitycraft->@Inject::securitycraft$broadcastToCameras(Lnet/minecraft/world/entity/player/Player;DDDDLnet/minecraft/resources/ResourceKey;Lnet/minecraft/network/protocol/Packet;Lorg/spongepowered/asm/mixin/injection/callback/CallbackInfo;)V does use it's CallbackInfo
[10Jun2026 22:37:17.262] [Server thread/INFO] [net.minecraft.server.dedicated.DedicatedServer/]: Starting minecraft server version 1.21.11
[10Jun2026 22:37:17.262] [Server thread/INFO] [net.minecraft.server.dedicated.DedicatedServer/]: Loading properties
[10Jun2026 22:37:17.262] [Server thread/INFO] [net.minecraft.server.dedicated.DedicatedServer/]: Default game type: SURVIVAL
[10Jun2026 22:37:17.262] [Server thread/INFO] [net.minecraft.server.MinecraftServer/]: Generating keypair
[10Jun2026 22:37:17.453] [Server thread/INFO] [net.minecraft.server.dedicated.DedicatedServer/]: Starting Minecraft server on *:25565
[10Jun2026 22:37:17.454] [Server thread/DEBUG] [net.neoforged.neoforge.network.DualStackUtils/]: Detected IPv6 address: "0:0:0:0:0:0:0:0"
[10Jun2026 22:37:17.479] [Server thread/DEBUG] [io.netty.util.internal.NativeLibraryLoader/]: -Dio.netty.native.workdir: /tmp (io.netty.tmpdir)
[10Jun2026 22:37:17.479] [Server thread/DEBUG] [io.netty.util.internal.NativeLibraryLoader/]: -Dio.netty.native.deleteLibAfterLoading: true
[10Jun2026 22:37:17.479] [Server thread/DEBUG] [io.netty.util.internal.NativeLibraryLoader/]: -Dio.netty.native.tryPatchShadedId: true
[10Jun2026 22:37:17.479] [Server thread/DEBUG] [io.netty.util.internal.NativeLibraryLoader/]: -Dio.netty.native.detectNativeLibraryDuplicates: true
[10Jun2026 22:37:17.487] [Server thread/DEBUG] [io.netty.util.internal.NativeLibraryLoader/]: Successfully loaded the library /tmp/libnetty_transport_native_epoll_x86_644967919023293805477.so
[10Jun2026 22:37:17.490] [Server thread/DEBUG] [io.netty.util.NetUtil/]: -Djava.net.preferIPv4Stack: false
[10Jun2026 22:37:17.490] [Server thread/DEBUG] [io.netty.util.NetUtil/]: -Djava.net.preferIPv6Addresses: true
[10Jun2026 22:37:17.491] [Server thread/DEBUG] [io.netty.util.NetUtilInitializations/]: Loopback interface: lo (lo, 0:0:0:0:0:0:0:1%lo)
[10Jun2026 22:37:17.492] [Server thread/DEBUG] [io.netty.util.NetUtil/]: /proc/sys/net/core/somaxconn: 4096
[10Jun2026 22:37:17.506] [Server thread/DEBUG] [io.netty.channel.MultithreadEventLoopGroup/]: -Dio.netty.eventLoopThreads: 8
[10Jun2026 22:37:17.515] [Server thread/DEBUG] [io.netty.util.concurrent.GlobalEventExecutor/]: -Dio.netty.globalEventExecutor.quietPeriodSeconds: 1
[10Jun2026 22:37:17.524] [Server thread/DEBUG] [io.netty.util.internal.PlatformDependent/]: org.jctools-core.MpscChunkedArrayQueue: available
[10Jun2026 22:37:17.536] [Server thread/DEBUG] [io.netty.channel.DefaultChannelId/]: -Dio.netty.processId: 7257 (auto-detected)
[10Jun2026 22:37:17.537] [Server thread/DEBUG] [io.netty.channel.DefaultChannelId/]: -Dio.netty.machineId: 7c:1e:52:ff:fe:e1:84:a2 (auto-detected)
[10Jun2026 22:37:17.551] [Server thread/DEBUG] [io.netty.bootstrap.ChannelInitializerExtensions/]: -Dio.netty.bootstrap.extensions: null
[10Jun2026 22:37:17.560] [Server thread/WARN] [net.minecraft.server.dedicated.DedicatedServer/]: **** SERVER IS RUNNING IN OFFLINE/INSECURE MODE!
[10Jun2026 22:37:17.560] [Server thread/WARN] [net.minecraft.server.dedicated.DedicatedServer/]: The server will make no attempt to authenticate usernames. Beware.
[10Jun2026 22:37:17.560] [Server thread/WARN] [net.minecraft.server.dedicated.DedicatedServer/]: While this makes the game possible to play without internet access, it also opens up the ability for hackers to connect with any username they choose.
[10Jun2026 22:37:17.561] [Server thread/WARN] [net.minecraft.server.dedicated.DedicatedServer/]: To change this, set "online-mode" to "true" in the server.properties file.
[10Jun2026 22:37:17.578] [Server thread/DEBUG] [net.neoforged.fml.config.ConfigTracker/CONFIG]: Loading configs type SERVER
[10Jun2026 22:37:17.579] [Server thread/DEBUG] [net.neoforged.fml.config.ConfigTracker/CONFIG]: Loaded TOML config file /workspaces/gaga_ga/servidor_minecraft/config/jei-server.toml
[10Jun2026 22:37:17.579] [Server thread/DEBUG] [net.neoforged.fml.config.ConfigTracker/CONFIG]: Watching TOML config file /workspaces/gaga_ga/servidor_minecraft/config/jei-server.toml for changes
[10Jun2026 22:37:17.580] [Server thread/INFO] [journeymap/]: Loading JourneyMap Forge Configs
[10Jun2026 22:37:17.581] [Server thread/DEBUG] [net.neoforged.fml.config.ConfigTracker/CONFIG]: Loaded TOML config file /workspaces/gaga_ga/servidor_minecraft/config/journeymap-server.toml
[10Jun2026 22:37:17.581] [Server thread/DEBUG] [net.neoforged.fml.config.ConfigTracker/CONFIG]: Watching TOML config file /workspaces/gaga_ga/servidor_minecraft/config/journeymap-server.toml for changes
[10Jun2026 22:37:17.582] [Server thread/DEBUG] [net.neoforged.neoforge.common.NeoForgeMod/FORGEMOD]: Loaded NeoForge config file neoforge-server.toml
[10Jun2026 22:37:17.582] [Server thread/DEBUG] [net.neoforged.fml.config.ConfigTracker/CONFIG]: Loaded TOML config file /workspaces/gaga_ga/servidor_minecraft/config/neoforge-server.toml
[10Jun2026 22:37:17.582] [Server thread/DEBUG] [net.neoforged.fml.config.ConfigTracker/CONFIG]: Watching TOML config file /workspaces/gaga_ga/servidor_minecraft/config/neoforge-server.toml for changes
[10Jun2026 22:37:17.583] [Server thread/DEBUG] [net.neoforged.fml.config.ConfigTracker/CONFIG]: Loaded TOML config file /workspaces/gaga_ga/servidor_minecraft/config/cropsloverain.toml
[10Jun2026 22:37:17.583] [Server thread/DEBUG] [net.neoforged.fml.config.ConfigTracker/CONFIG]: Watching TOML config file /workspaces/gaga_ga/servidor_minecraft/config/cropsloverain.toml for changes
[10Jun2026 22:37:17.590] [Server thread/DEBUG] [net.neoforged.fml.config.ConfigTracker/CONFIG]: Loaded TOML config file /workspaces/gaga_ga/servidor_minecraft/config/sophisticatedbackpacks-server.toml
[10Jun2026 22:37:17.590] [Server thread/DEBUG] [net.neoforged.fml.config.ConfigTracker/CONFIG]: Watching TOML config file /workspaces/gaga_ga/servidor_minecraft/config/sophisticatedbackpacks-server.toml for changes
[10Jun2026 22:37:17.594] [Server thread/DEBUG] [net.neoforged.fml.config.ConfigTracker/CONFIG]: Loaded TOML config file /workspaces/gaga_ga/servidor_minecraft/config/securitycraft-server.toml
[10Jun2026 22:37:17.595] [Server thread/DEBUG] [net.neoforged.fml.config.ConfigTracker/CONFIG]: Watching TOML config file /workspaces/gaga_ga/servidor_minecraft/config/securitycraft-server.toml for changes
[10Jun2026 22:37:17.595] [Server thread/DEBUG] [net.neoforged.fml.config.ConfigTracker/CONFIG]: Loaded TOML config file /workspaces/gaga_ga/servidor_minecraft/config/elevatorid-server.toml
[10Jun2026 22:37:17.595] [Server thread/DEBUG] [net.neoforged.fml.config.ConfigTracker/CONFIG]: Watching TOML config file /workspaces/gaga_ga/servidor_minecraft/config/elevatorid-server.toml for changes
[10Jun2026 22:37:17.601] [Server thread/DEBUG] [mixin/]: Mixing accessor.BiomeSpecialEffectsBuilderNeoForgeAccessor from puzzleslib.neoforge.mixins.json into net.minecraft.world.level.biome.BiomeSpecialEffects$Builder
[10Jun2026 22:37:17.611] [Server thread/WARN] [net.neoforged.neoforge.server.ServerLifecycleHooks/]: Detected aerialhell:fat_phantom that was registered with CREATURE mob category but was added under MONSTER mob category for aerialhell:aerial_hell_plains biome! Mobs should be added to biomes under the same mob category that the mob was registered as to prevent mob cap spawning issues.
[10Jun2026 22:37:17.612] [Server thread/WARN] [net.neoforged.neoforge.server.ServerLifecycleHooks/]: Detected aerialhell:forest_caterpillar that was registered with CREATURE mob category but was added under MONSTER mob category for aerialhell:aerial_tree_forest biome! Mobs should be added to biomes under the same mob category that the mob was registered as to prevent mob cap spawning issues.
[10Jun2026 22:37:17.613] [Server thread/WARN] [net.neoforged.neoforge.server.ServerLifecycleHooks/]: Detected aerialhell:fat_phantom that was registered with CREATURE mob category but was added under MONSTER mob category for aerialhell:aerial_tree_forest biome! Mobs should be added to biomes under the same mob category that the mob was registered as to prevent mob cap spawning issues.
[10Jun2026 22:37:17.633] [Server thread/WARN] [net.neoforged.neoforge.server.ServerLifecycleHooks/]: Detected aerialhell:forest_caterpillar that was registered with CREATURE mob category but was added under MONSTER mob category for aerialhell:copper_pine_forest biome! Mobs should be added to biomes under the same mob category that the mob was registered as to prevent mob cap spawning issues.
[10Jun2026 22:37:17.633] [Server thread/WARN] [net.neoforged.neoforge.server.ServerLifecycleHooks/]: Detected aerialhell:fat_phantom that was registered with CREATURE mob category but was added under MONSTER mob category for aerialhell:copper_pine_forest biome! Mobs should be added to biomes under the same mob category that the mob was registered as to prevent mob cap spawning issues.
[10Jun2026 22:37:17.634] [Server thread/WARN] [net.neoforged.neoforge.server.ServerLifecycleHooks/]: Detected aerialhell:forest_caterpillar that was registered with CREATURE mob category but was added under MONSTER mob category for aerialhell:copper_pine_highland_forest biome! Mobs should be added to biomes under the same mob category that the mob was registered as to prevent mob cap spawning issues.
[10Jun2026 22:37:17.634] [Server thread/WARN] [net.neoforged.neoforge.server.ServerLifecycleHooks/]: Detected aerialhell:fat_phantom that was registered with CREATURE mob category but was added under MONSTER mob category for aerialhell:copper_pine_highland_forest biome! Mobs should be added to biomes under the same mob category that the mob was registered as to prevent mob cap spawning issues.
[10Jun2026 22:37:17.635] [Server thread/WARN] [net.neoforged.neoforge.server.ServerLifecycleHooks/]: Detected aerialhell:fat_phantom that was registered with CREATURE mob category but was added under MONSTER mob category for aerialhell:cortinarius_violaceus_forest biome! Mobs should be added to biomes under the same mob category that the mob was registered as to prevent mob cap spawning issues.
[10Jun2026 22:37:17.637] [Server thread/WARN] [net.neoforged.neoforge.server.ServerLifecycleHooks/]: Detected aerialhell:crystal_caterpillar that was registered with CREATURE mob category but was added under MONSTER mob category for aerialhell:crystal_forest biome! Mobs should be added to biomes under the same mob category that the mob was registered as to prevent mob cap spawning issues.
[10Jun2026 22:37:17.638] [Server thread/WARN] [net.neoforged.neoforge.server.ServerLifecycleHooks/]: Detected aerialhell:crystal_caterpillar that was registered with CREATURE mob category but was added under MONSTER mob category for aerialhell:crystal_plains biome! Mobs should be added to biomes under the same mob category that the mob was registered as to prevent mob cap spawning issues.
[10Jun2026 22:37:17.638] [Server thread/WARN] [net.neoforged.neoforge.server.ServerLifecycleHooks/]: Detected aerialhell:fat_phantom that was registered with CREATURE mob category but was added under MONSTER mob category for aerialhell:crystal_plains biome! Mobs should be added to biomes under the same mob category that the mob was registered as to prevent mob cap spawning issues.
[10Jun2026 22:37:17.643] [Server thread/WARN] [net.neoforged.neoforge.server.ServerLifecycleHooks/]: Detected minecraft:camel that was registered with CREATURE mob category but was added under AMBIENT mob category for terralith:desert_spires biome! Mobs should be added to biomes under the same mob category that the mob was registered as to prevent mob cap spawning issues.
[10Jun2026 22:37:17.649] [Server thread/WARN] [net.neoforged.neoforge.server.ServerLifecycleHooks/]: Detected aerialhell:fat_phantom that was registered with CREATURE mob category but was added under MONSTER mob category for aerialhell:giant_red_mushroom_forest biome! Mobs should be added to biomes under the same mob category that the mob was registered as to prevent mob cap spawning issues.
[10Jun2026 22:37:17.655] [Server thread/WARN] [net.neoforged.neoforge.server.ServerLifecycleHooks/]: Detected aerialhell:fat_phantom that was registered with CREATURE mob category but was added under MONSTER mob category for aerialhell:lapis_robinia_savana biome! Mobs should be added to biomes under the same mob category that the mob was registered as to prevent mob cap spawning issues.
[10Jun2026 22:37:17.676] [Server thread/WARN] [net.neoforged.neoforge.server.ServerLifecycleHooks/]: Detected aerialhell:fat_phantom that was registered with CREATURE mob category but was added under MONSTER mob category for aerialhell:stellar_jungle biome! Mobs should be added to biomes under the same mob category that the mob was registered as to prevent mob cap spawning issues.
[10Jun2026 22:37:17.680] [Server thread/WARN] [net.neoforged.neoforge.server.ServerLifecycleHooks/]: Detected aerialhell:fat_phantom that was registered with CREATURE mob category but was added under MONSTER mob category for aerialhell:verdigris_agaric_forest biome! Mobs should be added to biomes under the same mob category that the mob was registered as to prevent mob cap spawning issues.
[10Jun2026 22:37:17.704] [Server thread/INFO] [atomicstryker.dynamiclights.server.modules.PlayerSelfLightSource/]: item config parser identified itemstack 1 minecraft:torch
[10Jun2026 22:37:17.705] [Server thread/INFO] [atomicstryker.dynamiclights.server.modules.PlayerSelfLightSource/]: item config parser identified itemstack 1 minecraft:lantern
[10Jun2026 22:37:17.705] [Server thread/INFO] [atomicstryker.dynamiclights.server.modules.PlayerSelfLightSource/]: item config parser identified itemstack 1 minecraft:campfire
[10Jun2026 22:37:17.708] [Server thread/INFO] [atomicstryker.dynamiclights.server.modules.PlayerSelfLightSource/]: item config parser identified itemstack 1 minecraft:glowstone
[10Jun2026 22:37:17.708] [Server thread/INFO] [atomicstryker.dynamiclights.server.modules.PlayerSelfLightSource/]: item config parser identified itemstack 1 minecraft:redstone_torch
[10Jun2026 22:37:17.709] [Server thread/INFO] [atomicstryker.dynamiclights.server.modules.PlayerSelfLightSource/]: item config parser identified itemstack 1 minecraft:redstone_ore
[10Jun2026 22:37:17.709] [Server thread/INFO] [atomicstryker.dynamiclights.server.modules.PlayerSelfLightSource/]: item config parser identified itemstack 1 minecraft:redstone_block
[10Jun2026 22:37:17.710] [Server thread/INFO] [atomicstryker.dynamiclights.server.modules.PlayerSelfLightSource/]: item config parser identified itemstack 1 minecraft:soul_lantern
[10Jun2026 22:37:17.710] [Server thread/INFO] [atomicstryker.dynamiclights.server.modules.PlayerSelfLightSource/]: item config parser identified itemstack 1 minecraft:soul_campfire
[10Jun2026 22:37:17.711] [Server thread/INFO] [atomicstryker.dynamiclights.server.modules.PlayerSelfLightSource/]: item config parser identified itemstack 1 minecraft:soul_torch
[10Jun2026 22:37:17.711] [Server thread/INFO] [atomicstryker.dynamiclights.server.modules.PlayerSelfLightSource/]: item config parser finished, item count: 10
[10Jun2026 22:37:17.712] [Server thread/INFO] [atomicstryker.dynamiclights.server.modules.PlayerSelfLightSource/]: item config parser identified itemstack 1 minecraft:torch
[10Jun2026 22:37:17.712] [Server thread/INFO] [atomicstryker.dynamiclights.server.modules.PlayerSelfLightSource/]: item config parser identified itemstack 1 minecraft:soul_torch
[10Jun2026 22:37:17.714] [Server thread/INFO] [atomicstryker.dynamiclights.server.modules.PlayerSelfLightSource/]: item config parser identified itemstack 1 minecraft:campfire
[10Jun2026 22:37:17.714] [Server thread/INFO] [atomicstryker.dynamiclights.server.modules.PlayerSelfLightSource/]: item config parser identified itemstack 1 minecraft:soul_campfire
[10Jun2026 22:37:17.714] [Server thread/INFO] [atomicstryker.dynamiclights.server.modules.PlayerSelfLightSource/]: item config parser finished, item count: 4
[10Jun2026 22:37:17.716] [Server thread/INFO] [atomicstryker.dynamiclights.server.modules.DroppedItemsLightSource/]: item config parser identified itemstack 1 minecraft:torch
[10Jun2026 22:37:17.717] [Server thread/INFO] [atomicstryker.dynamiclights.server.modules.DroppedItemsLightSource/]: item config parser identified itemstack 1 minecraft:lantern
[10Jun2026 22:37:17.718] [Server thread/INFO] [atomicstryker.dynamiclights.server.modules.DroppedItemsLightSource/]: item config parser identified itemstack 1 minecraft:campfire
[10Jun2026 22:37:17.718] [Server thread/INFO] [atomicstryker.dynamiclights.server.modules.DroppedItemsLightSource/]: item config parser identified itemstack 1 minecraft:glowstone
[10Jun2026 22:37:17.720] [Server thread/INFO] [atomicstryker.dynamiclights.server.modules.DroppedItemsLightSource/]: item config parser identified itemstack 1 minecraft:redstone_torch
[10Jun2026 22:37:17.721] [Server thread/INFO] [atomicstryker.dynamiclights.server.modules.DroppedItemsLightSource/]: item config parser identified itemstack 1 minecraft:redstone_ore
[10Jun2026 22:37:17.721] [Server thread/INFO] [atomicstryker.dynamiclights.server.modules.DroppedItemsLightSource/]: item config parser identified itemstack 1 minecraft:redstone_block
[10Jun2026 22:37:17.722] [Server thread/INFO] [atomicstryker.dynamiclights.server.modules.DroppedItemsLightSource/]: item config parser identified itemstack 1 minecraft:soul_lantern
[10Jun2026 22:37:17.722] [Server thread/INFO] [atomicstryker.dynamiclights.server.modules.DroppedItemsLightSource/]: item config parser identified itemstack 1 minecraft:soul_campfire
[10Jun2026 22:37:17.723] [Server thread/INFO] [atomicstryker.dynamiclights.server.modules.DroppedItemsLightSource/]: item config parser identified itemstack 1 minecraft:soul_torch
[10Jun2026 22:37:17.723] [Server thread/INFO] [atomicstryker.dynamiclights.server.modules.DroppedItemsLightSource/]: item config parser finished, item count: 10
[10Jun2026 22:37:17.724] [Server thread/INFO] [atomicstryker.dynamiclights.server.modules.DroppedItemsLightSource/]: item config parser identified itemstack 1 minecraft:torch
[10Jun2026 22:37:17.724] [Server thread/INFO] [atomicstryker.dynamiclights.server.modules.DroppedItemsLightSource/]: item config parser identified itemstack 1 minecraft:soul_torch
[10Jun2026 22:37:17.725] [Server thread/INFO] [atomicstryker.dynamiclights.server.modules.DroppedItemsLightSource/]: item config parser identified itemstack 1 minecraft:campfire
[10Jun2026 22:37:17.725] [Server thread/INFO] [atomicstryker.dynamiclights.server.modules.DroppedItemsLightSource/]: item config parser identified itemstack 1 minecraft:soul_campfire
[10Jun2026 22:37:17.726] [Server thread/INFO] [atomicstryker.dynamiclights.server.modules.DroppedItemsLightSource/]: item config parser finished, item count: 4
[10Jun2026 22:37:17.727] [Server thread/DEBUG] [SpectreLib/CONFIG]: Loading server configs from ./world/serverconfig on server
[10Jun2026 22:37:17.727] [Server thread/DEBUG] [SpectreLib/CONFIG]: Built TOML config for /workspaces/gaga_ga/servidor_minecraft/config/comforts-common.toml
[10Jun2026 22:37:17.728] [Server thread/DEBUG] [SpectreLib/CONFIG]: Loaded TOML config file /workspaces/gaga_ga/servidor_minecraft/config/comforts-common.toml
[10Jun2026 22:37:17.731] [Server thread/DEBUG] [SpectreLib/CONFIG]: Built TOML config for /workspaces/gaga_ga/servidor_minecraft/config/comforts-server.toml
[10Jun2026 22:37:17.732] [Server thread/DEBUG] [SpectreLib/CONFIG]: Loaded TOML config file /workspaces/gaga_ga/servidor_minecraft/config/comforts-server.toml
[10Jun2026 22:37:17.740] [Server thread/INFO] [Framework/]: Loading server configs...
[10Jun2026 22:37:17.748] [Server thread/DEBUG] [Framework/]: Started watching config: /workspaces/gaga_ga/servidor_minecraft/config/refurbished_furniture.server.toml
[10Jun2026 22:37:17.748] [Server thread/INFO] [net.minecraft.server.dedicated.DedicatedServer/]: Preparing level "world"
[10Jun2026 22:37:17.784] [Server thread/DEBUG] [mixin/]: Mixing server.ServerChunkCacheAccessor from journeymap.mixins.json into net.minecraft.server.level.ServerChunkCache
[10Jun2026 22:37:17.785] [Server thread/DEBUG] [mixin/]: journeymap.mixins.json:server.ServerChunkCacheAccessor from mod journeymap: Class version 65 required is higher than the class version supported by the current version of Mixin (JAVA_17 supports class version 61)
[10Jun2026 22:37:17.877] [Server thread/DEBUG] [mixin/]: Mixing common.ChunkMapMixin from lithostitched.mixins.json into net.minecraft.server.level.ChunkMap
[10Jun2026 22:37:17.878] [Server thread/DEBUG] [mixin/]: lithostitched.mixins.json:common.ChunkMapMixin from mod lithostitched: Class version 65 required is higher than the class version supported by the current version of Mixin (JAVA_17 supports class version 61)
[10Jun2026 22:37:17.879] [Server thread/DEBUG] [mixin/]: Mixing server.ChunkMapAccessor from journeymap.mixins.json into net.minecraft.server.level.ChunkMap
[10Jun2026 22:37:17.879] [Server thread/DEBUG] [mixin/]: journeymap.mixins.json:server.ChunkMapAccessor from mod journeymap: Class version 65 required is higher than the class version supported by the current version of Mixin (JAVA_17 supports class version 61)
[10Jun2026 22:37:17.880] [Server thread/DEBUG] [mixin/]: Mixing ChunkMapAccessor from balm.mixins.json into net.minecraft.server.level.ChunkMap
[10Jun2026 22:37:17.880] [Server thread/DEBUG] [mixin/]: balm.mixins.json:ChunkMapAccessor from mod balm: Class version 65 required is higher than the class version supported by the current version of Mixin (JAVA_17 supports class version 61)
[10Jun2026 22:37:17.880] [Server thread/DEBUG] [mixin/]: Mixing camera.ChunkMapMixin from securitycraft.mixins.json into net.minecraft.server.level.ChunkMap
[10Jun2026 22:37:17.880] [Server thread/DEBUG] [mixin/]: Renaming synthetic method lambda$securitycraft$onDropChunk$9(Lnet/minecraft/server/level/ServerPlayer;Lnet/minecraft/world/level/ChunkPos;Lnet/geforcemods/securitycraft/blockentities/SecurityCameraBlockEntity;)Z to mdc81b13$securitycraft$lambda$securitycraft$onDropChunk$9$0 in securitycraft.mixins.json:camera.ChunkMapMixin from mod securitycraft
[10Jun2026 22:37:17.880] [Server thread/DEBUG] [mixin/]: Renaming synthetic method lambda$securitycraft$onIsChunkTracked$8(Lnet/minecraft/server/level/ServerPlayer;IILnet/geforcemods/securitycraft/blockentities/SecurityCameraBlockEntity;)Z to mdc81b13$securitycraft$lambda$securitycraft$onIsChunkTracked$8$1 in securitycraft.mixins.json:camera.ChunkMapMixin from mod securitycraft
[10Jun2026 22:37:17.880] [Server thread/DEBUG] [mixin/]: Renaming synthetic method lambda$securitycraft$sendChunksToCameras$7(Lnet/minecraft/server/level/ServerPlayer;Lnet/minecraft/world/level/ChunkPos;Lnet/geforcemods/securitycraft/blockentities/SecurityCameraBlockEntity;)Z to mdc81b13$securitycraft$lambda$securitycraft$sendChunksToCameras$7$2 in securitycraft.mixins.json:camera.ChunkMapMixin from mod securitycraft
[10Jun2026 22:37:17.880] [Server thread/DEBUG] [mixin/]: Renaming synthetic method lambda$securitycraft$onUpdateChunkTracking$6(Lnet/minecraft/server/level/ServerPlayer;Lnet/minecraft/world/level/ChunkPos;Lnet/geforcemods/securitycraft/blockentities/SecurityCameraBlockEntity;)Z to mdc81b13$securitycraft$lambda$securitycraft$onUpdateChunkTracking$6$3 in securitycraft.mixins.json:camera.ChunkMapMixin from mod securitycraft
[10Jun2026 22:37:17.880] [Server thread/DEBUG] [mixin/]: Renaming synthetic method lambda$securitycraft$onUpdateChunkTracking$5(Lnet/minecraft/world/level/ChunkPos;)V to mdc81b13$securitycraft$lambda$securitycraft$onUpdateChunkTracking$5$4 in securitycraft.mixins.json:camera.ChunkMapMixin from mod securitycraft
[10Jun2026 22:37:17.880] [Server thread/DEBUG] [mixin/]: Renaming synthetic method lambda$securitycraft$onUpdateChunkTracking$4(Lnet/minecraft/world/level/ChunkPos;)V to mdc81b13$securitycraft$lambda$securitycraft$onUpdateChunkTracking$4$5 in securitycraft.mixins.json:camera.ChunkMapMixin from mod securitycraft
[10Jun2026 22:37:17.881] [Server thread/DEBUG] [mixin/]: Renaming synthetic method lambda$securitycraft$onUpdateChunkTracking$3(Lnet/minecraft/server/level/ServerPlayer;Lnet/minecraft/world/level/ChunkPos;)V to mdc81b13$securitycraft$lambda$securitycraft$onUpdateChunkTracking$3$6 in securitycraft.mixins.json:camera.ChunkMapMixin from mod securitycraft
[10Jun2026 22:37:17.881] [Server thread/DEBUG] [mixin/]: Renaming synthetic method lambda$securitycraft$onUpdateChunkTracking$2(Lnet/minecraft/server/level/ServerPlayer;Lnet/geforcemods/securitycraft/blockentities/SecurityCameraBlockEntity;)Z to mdc81b13$securitycraft$lambda$securitycraft$onUpdateChunkTracking$2$7 in securitycraft.mixins.json:camera.ChunkMapMixin from mod securitycraft
[10Jun2026 22:37:17.881] [Server thread/DEBUG] [mixin/]: Renaming synthetic method lambda$securitycraft$onUpdateChunkTracking$1(Lnet/minecraft/world/level/ChunkPos;)V to mdc81b13$securitycraft$lambda$securitycraft$onUpdateChunkTracking$1$8 in securitycraft.mixins.json:camera.ChunkMapMixin from mod securitycraft
[10Jun2026 22:37:17.881] [Server thread/DEBUG] [mixin/]: Renaming synthetic method lambda$securitycraft$onUpdateChunkTracking$0(Lnet/minecraft/server/level/ServerPlayer;Lnet/minecraft/world/level/ChunkPos;)V to mdc81b13$securitycraft$lambda$securitycraft$onUpdateChunkTracking$0$9 in securitycraft.mixins.json:camera.ChunkMapMixin from mod securitycraft
[10Jun2026 22:37:17.890] [Server thread/DEBUG] [mixin/]: securitycraft.mixins.json:camera.ChunkMapMixin from mod securitycraft->@Inject::securitycraft$onUpdateChunkTracking(Lnet/minecraft/server/level/ServerPlayer;Lorg/spongepowered/asm/mixin/injection/callback/CallbackInfo;)V doesn't use it's CallbackInfo
[10Jun2026 22:37:17.891] [Server thread/DEBUG] [mixin/]: securitycraft.mixins.json:camera.ChunkMapMixin from mod securitycraft->@Inject::securitycraft$onUpdateChunkTracking(Lnet/minecraft/server/level/ServerPlayer;Lorg/spongepowered/asm/mixin/injection/callback/CallbackInfo;)V has 0 override(s) in child classes
[10Jun2026 22:37:17.891] [Server thread/DEBUG] [mixin/]: securitycraft.mixins.json:camera.ChunkMapMixin from mod securitycraft->@Inject::securitycraft$onUpdateChunkTracking(Lnet/minecraft/server/level/ServerPlayer;Lorg/spongepowered/asm/mixin/injection/callback/CallbackInfo;)V won't be passed a CallbackInfo as a result
[10Jun2026 22:37:17.891] [Server thread/DEBUG] [mixin/]: securitycraft.mixins.json:camera.ChunkMapMixin from mod securitycraft->@Inject::securitycraft$sendChunksToCameras(Lnet/minecraft/server/level/ChunkHolder;Lnet/minecraft/world/level/chunk/LevelChunk;Lorg/spongepowered/asm/mixin/injection/callback/CallbackInfo;)V doesn't use it's CallbackInfo
[10Jun2026 22:37:17.891] [Server thread/DEBUG] [mixin/]: securitycraft.mixins.json:camera.ChunkMapMixin from mod securitycraft->@Inject::securitycraft$sendChunksToCameras(Lnet/minecraft/server/level/ChunkHolder;Lnet/minecraft/world/level/chunk/LevelChunk;Lorg/spongepowered/asm/mixin/injection/callback/CallbackInfo;)V has 0 override(s) in child classes
[10Jun2026 22:37:17.891] [Server thread/DEBUG] [mixin/]: securitycraft.mixins.json:camera.ChunkMapMixin from mod securitycraft->@Inject::securitycraft$sendChunksToCameras(Lnet/minecraft/server/level/ChunkHolder;Lnet/minecraft/world/level/chunk/LevelChunk;Lorg/spongepowered/asm/mixin/injection/callback/CallbackInfo;)V won't be passed a CallbackInfo as a result
[10Jun2026 22:37:17.891] [Server thread/DEBUG] [mixin/]: securitycraft.mixins.json:camera.ChunkMapMixin from mod securitycraft->@Inject::securitycraft$onIsChunkTracked(Lnet/minecraft/server/level/ServerPlayer;IILorg/spongepowered/asm/mixin/injection/callback/CallbackInfoReturnable;)V does use it's CallbackInfoReturnable
[10Jun2026 22:37:17.891] [Server thread/DEBUG] [mixin/]: securitycraft.mixins.json:camera.ChunkMapMixin from mod securitycraft->@Inject::securitycraft$onDropChunk(Lnet/minecraft/server/level/ServerPlayer;Lnet/minecraft/world/level/ChunkPos;Lorg/spongepowered/asm/mixin/injection/callback/CallbackInfo;)V does use it's CallbackInfo
[10Jun2026 22:37:17.922] [Server thread/DEBUG] [mixin/]: Mixing common.RandomStateAccessor from lithostitched.mixins.json into net.minecraft.world.level.levelgen.RandomState
[10Jun2026 22:37:17.922] [Server thread/DEBUG] [mixin/]: lithostitched.mixins.json:common.RandomStateAccessor from mod lithostitched: Class version 65 required is higher than the class version supported by the current version of Mixin (JAVA_17 supports class version 61)
[10Jun2026 22:37:17.926] [Server thread/DEBUG] [mixin/]: Mixing common.bandlands.SurfaceSystemMixin from lithostitched.mixins.json into net.minecraft.world.level.levelgen.SurfaceSystem
[10Jun2026 22:37:17.926] [Server thread/DEBUG] [mixin/]: lithostitched.mixins.json:common.bandlands.SurfaceSystemMixin from mod lithostitched: Class version 65 required is higher than the class version supported by the current version of Mixin (JAVA_17 supports class version 61)
[10Jun2026 22:37:18.229] [Server thread/DEBUG] [mixin/]: Mixing reinforced.PortalForcerMixin from securitycraft.mixins.json into net.minecraft.world.level.portal.PortalForcer
[10Jun2026 22:37:18.246] [Server thread/DEBUG] [mixin/]: Mixing MixinSleepStatus from comforts.mixins.json into net.minecraft.server.players.SleepStatus
[10Jun2026 22:37:18.246] [Server thread/DEBUG] [mixin/]: comforts.mixins.json:MixinSleepStatus from mod comforts: Class version 65 required is higher than the class version supported by the current version of Mixin (JAVA_17 supports class version 61)
[10Jun2026 22:37:18.247] [Server thread/DEBUG] [mixin/]: comforts.mixins.json:MixinSleepStatus from mod comforts->@Inject::comforts$sleepersNeeded(ILorg/spongepowered/asm/mixin/injection/callback/CallbackInfoReturnable;)V does use it's CallbackInfoReturnable
[10Jun2026 22:37:18.653] [Server thread/INFO] [net.minecraft.server.level.progress.LoggingLevelLoadListener/]: Loading 0 persistent chunks...
[10Jun2026 22:37:18.653] [Server thread/INFO] [net.minecraft.server.level.progress.LoggingLevelLoadListener/]: Preparing spawn area: 100%
[10Jun2026 22:37:18.666] [Server thread/INFO] [net.minecraft.server.level.progress.LoggingLevelLoadListener/]: Time elapsed: 15 ms
[10Jun2026 22:37:18.666] [Server thread/INFO] [net.minecraft.server.dedicated.DedicatedServer/]: Done (1.088s)! For help, type "help"
[10Jun2026 22:37:18.897] [Server thread/DEBUG] [net.neoforged.neoforge.server.LanguageHook/]: Loaded 41 language files for en_us
[10Jun2026 22:37:18.915] [Server thread/INFO] [net.neoforged.neoforge.server.permission.PermissionAPI/]: Successfully initialized permission handler neoforge:default_handler
[10Jun2026 22:37:18.921] [Server thread/INFO] [journeymap/]: Loaded null for service interface journeymap.api.services.WebMapService
[10Jun2026 22:37:18.923] [Server thread/INFO] [journeymap/]: Loaded journeymap.common.helpers.NeoForgeClientHooks@77d82d14 for service interface journeymap.api.services.ClientPlatformService
[10Jun2026 22:37:18.928] [Server thread/INFO] [journeymap/]: Loaded journeymap.common.helpers.NeoForgeHooks@14471f1c for service interface journeymap.api.services.CommonPlatformService
[10Jun2026 22:37:18.943] [Server thread/INFO] [journeymap/]: Found @JourneyMapPlugin: journeymap.api.plugins.LoadedChunkOverlayPlugin
[10Jun2026 22:37:18.952] [Server thread/INFO] [journeymap/]: Initialized IJourneyMapPlugin as:journeymap.api.plugins.LoadedChunkOverlayPlugin: for:journeymap_chunk_overlay
[10Jun2026 22:37:58.335] [Netty Epoll IO #4/DEBUG] [mixin/]: Mixing MixinServerConfigurationPacketListenerImpl from glitchcore.mixins.json into net.minecraft.server.network.ServerConfigurationPacketListenerImpl
[10Jun2026 22:37:58.335] [Netty Epoll IO #4/DEBUG] [mixin/]: glitchcore.mixins.json:MixinServerConfigurationPacketListenerImpl from mod glitchcore: Class version 65 required is higher than the class version supported by the current version of Mixin (JAVA_17 supports class version 61)
[10Jun2026 22:37:58.337] [Netty Epoll IO #4/DEBUG] [mixin/]: glitchcore.mixins.json:MixinServerConfigurationPacketListenerImpl from mod glitchcore->@Inject::onStartConfiguration(Lorg/spongepowered/asm/mixin/injection/callback/CallbackInfo;)V doesn't use it's CallbackInfo
[10Jun2026 22:37:58.337] [Netty Epoll IO #4/DEBUG] [mixin/]: glitchcore.mixins.json:MixinServerConfigurationPacketListenerImpl from mod glitchcore->@Inject::onStartConfiguration(Lorg/spongepowered/asm/mixin/injection/callback/CallbackInfo;)V has 0 override(s) in child classes
[10Jun2026 22:37:58.337] [Netty Epoll IO #4/DEBUG] [mixin/]: glitchcore.mixins.json:MixinServerConfigurationPacketListenerImpl from mod glitchcore->@Inject::onStartConfiguration(Lorg/spongepowered/asm/mixin/injection/callback/CallbackInfo;)V won't be passed a CallbackInfo as a result
[10Jun2026 22:37:58.529] [Netty Epoll IO #4/DEBUG] [net.neoforged.neoforge.network.filters.NetworkFilters/]: Injected net.neoforged.neoforge.network.filters.GenericPacketSplitter@2fe3110b into net.minecraft.network.Connection@782472d2
[10Jun2026 22:38:00.171] [Server thread/DEBUG] [Framework/FRAMEWORK_CONFIGURATION]: Sending configuration task 'framework:configuration/config_data'
[10Jun2026 22:38:00.173] [Server thread/DEBUG] [Framework/FRAMEWORK_CONFIGURATION]: Sending configuration task 'framework:configuration/synced_entity_data'
[10Jun2026 22:38:00.982] [Server thread/DEBUG] [mixin/]: Mixing TrackedEntityAccessor from balm.mixins.json into net.minecraft.server.level.ChunkMap$TrackedEntity
[10Jun2026 22:38:00.982] [Server thread/DEBUG] [mixin/]: balm.mixins.json:TrackedEntityAccessor from mod balm: Class version 65 required is higher than the class version supported by the current version of Mixin (JAVA_17 supports class version 61)
[10Jun2026 22:38:00.983] [Server thread/DEBUG] [mixin/]: Mixing camera.TrackedEntityMixin from securitycraft.mixins.json into net.minecraft.server.level.ChunkMap$TrackedEntity
[10Jun2026 22:38:01.013] [Server thread/DEBUG] [mixin/]: Mixing MixinWalkNodeEvaluator from comforts.mixins.json into net.minecraft.world.level.pathfinder.WalkNodeEvaluator
[10Jun2026 22:38:01.013] [Server thread/DEBUG] [mixin/]: comforts.mixins.json:MixinWalkNodeEvaluator from mod comforts: Class version 65 required is higher than the class version supported by the current version of Mixin (JAVA_17 supports class version 61)
[10Jun2026 22:38:01.015] [Server thread/DEBUG] [mixin/]: comforts.mixins.json:MixinWalkNodeEvaluator from mod comforts->@Inject::comforts$checkNeighbourBlocks(Lnet/minecraft/world/level/pathfinder/PathfindingContext;IIILnet/minecraft/world/level/pathfinder/PathType;Lorg/spongepowered/asm/mixin/injection/callback/CallbackInfoReturnable;)V does use it's CallbackInfoReturnable
[10Jun2026 22:38:01.078] [Server thread/INFO] [net.minecraft.server.network.ServerConfigurationPacketListenerImpl/]: jinco98 (ecf77200-07bb-38da-a3be-c08407e8efa7) lost connection: Disconnected
[10Jun2026 22:38:01.093] [Server thread/DEBUG] [mixin/]: Mixing passcode.StructureTemplateMixin from securitycraft.mixins.json into net.minecraft.world.level.levelgen.structure.templatesystem.StructureTemplate
[10Jun2026 22:38:01.093] [Server thread/DEBUG] [mixin/]: Mixing structures.TemplateAccessor from moogs_structures-common.mixins.json into net.minecraft.world.level.levelgen.structure.templatesystem.StructureTemplate
[10Jun2026 22:38:15.475] [Netty Epoll IO #0/DEBUG] [net.neoforged.neoforge.network.filters.NetworkFilters/]: Injected net.neoforged.neoforge.network.filters.GenericPacketSplitter@1caa1702 into net.minecraft.network.Connection@57eb50a1
[10Jun2026 22:38:16.821] [Server thread/DEBUG] [Framework/FRAMEWORK_CONFIGURATION]: Sending configuration task 'framework:configuration/config_data'
[10Jun2026 22:38:16.822] [Server thread/DEBUG] [Framework/FRAMEWORK_CONFIGURATION]: Sending configuration task 'framework:configuration/synced_entity_data'
[10Jun2026 22:38:18.336] [Server thread/DEBUG] [mixin/]: Mixing common.HashedStackMixin from geckolib.mixins.json into net.minecraft.network.HashedStack$ActualItem
[10Jun2026 22:38:18.336] [Server thread/DEBUG] [mixin/]: geckolib.mixins.json:common.HashedStackMixin from mod geckolib: Class version 65 required is higher than the class version supported by the current version of Mixin (JAVA_17 supports class version 61)
[10Jun2026 22:38:18.337] [Server thread/DEBUG] [mixin/]: Renaming synthetic method lambda$geckolib$allowLazyStackIdParity$1(Lnet/minecraft/network/HashedPatchMap$HashGenerator;Lnet/minecraft/core/component/DataComponentType;Ljava/util/Optional;)Ljava/lang/Integer; to mdc81b13$geckolib$lambda$geckolib$allowLazyStackIdParity$1$0 in geckolib.mixins.json:common.HashedStackMixin from mod geckolib
[10Jun2026 22:38:18.337] [Server thread/DEBUG] [mixin/]: Renaming synthetic method lambda$geckolib$allowLazyStackIdParity$0(Lnet/minecraft/network/HashedPatchMap$HashGenerator;Lnet/minecraft/core/component/DataComponentType;Ljava/lang/Long;)Ljava/lang/Integer; to mdc81b13$geckolib$lambda$geckolib$allowLazyStackIdParity$0$1 in geckolib.mixins.json:common.HashedStackMixin from mod geckolib
[10Jun2026 22:38:18.464] [Netty Epoll IO #0/DEBUG] [net.neoforged.neoforge.network.filters.NetworkFilters/]: Injected net.neoforged.neoforge.network.filters.GenericPacketSplitter@4a48fb60 into net.minecraft.network.Connection@57eb50a1
[10Jun2026 22:38:18.493] [Server thread/DEBUG] [mixin/]: Mixing PlayerAdvancementsMixin from iceberg.mixins.json into net.minecraft.server.PlayerAdvancements
[10Jun2026 22:38:18.495] [Server thread/DEBUG] [mixin/]: iceberg.mixins.json:PlayerAdvancementsMixin from mod iceberg->@Inject::onAward(Lnet/minecraft/advancements/AdvancementHolder;Ljava/lang/String;Lorg/spongepowered/asm/mixin/injection/callback/CallbackInfoReturnable;Z)V doesn't use it's CallbackInfoReturnable
[10Jun2026 22:38:18.495] [Server thread/DEBUG] [mixin/]: iceberg.mixins.json:PlayerAdvancementsMixin from mod iceberg->@Inject::onAward(Lnet/minecraft/advancements/AdvancementHolder;Ljava/lang/String;Lorg/spongepowered/asm/mixin/injection/callback/CallbackInfoReturnable;Z)V has 0 override(s) in child classes
[10Jun2026 22:38:18.495] [Server thread/DEBUG] [mixin/]: iceberg.mixins.json:PlayerAdvancementsMixin from mod iceberg->@Inject::onAward(Lnet/minecraft/advancements/AdvancementHolder;Ljava/lang/String;Lorg/spongepowered/asm/mixin/injection/callback/CallbackInfoReturnable;Z)V won't be passed a CallbackInfoReturnable as a result
[10Jun2026 22:38:18.609] [Server thread/INFO] [net.minecraft.server.players.PlayerList/]: S4lamand4r[/127.183.101.148:44017] logged in with entity id 99 at (-133.14171318566756, 156.0, -100.2501826589607)
[10Jun2026 22:38:18.627] [Server thread/DEBUG] [net.neoforged.neoforge.common.CommonHooks/]: Sending 4297 recipes of the following types: [workbench_constructing, frying_pan_cooking, oven_baking, smoking, smelting, smithing, stonecutting, cutting_board_slicing, crafting, grill_cooking, sootychimneys:soot_scraping, blasting, cutting_board_combining, toaster_heating, microwave_heating, campfire_cooking, freezer_solidifying]
[10Jun2026 22:38:18.642] [Server thread/INFO] [net.minecraft.server.MinecraftServer/]: S4lamand4r joined the game
[10Jun2026 22:38:18.727] [Server thread/DEBUG] [mixin/]: Mixing common.SynchronizedRemoteSlotMixin from geckolib.mixins.json into net.minecraft.world.inventory.RemoteSlot$Synchronized
[10Jun2026 22:38:18.727] [Server thread/DEBUG] [mixin/]: geckolib.mixins.json:common.SynchronizedRemoteSlotMixin from mod geckolib: Class version 65 required is higher than the class version supported by the current version of Mixin (JAVA_17 supports class version 61)
[10Jun2026 22:40:31.880] [Server thread/DEBUG] [atomicstryker.dynamiclights.server.DynamicLights/]: Calling addLightSource on entity ItemEntity['Torch'/647, l='ServerLevel[world]', x=-108.76, y=156.72, z=-108.55], dimensionLocationPath overworld
[10Jun2026 22:40:32.378] [Server thread/DEBUG] [atomicstryker.dynamiclights.server.DynamicLights/]: Dynamic Lights killing off LightSource on dead Entity: ItemEntity['Torch'/647, l='ServerLevel[world]', x=-109.31, y=156.32, z=-108.64, removed=DISCARDED]
[10Jun2026 22:41:58.427] [Server thread/DEBUG] [atomicstryker.dynamiclights.server.DynamicLights/]: Calling addLightSource on entity ServerPlayer['S4lamand4r'/99, l='ServerLevel[world]', x=-116.73, y=156.00, z=-110.25], dimensionLocationPath overworld
[10Jun2026 22:41:58.427] [Server thread/DEBUG] [atomicstryker.dynamiclights.server.DynamicLights/]: Successfully registered DynamicLight on Entity: ServerPlayer['S4lamand4r'/99, l='ServerLevel[world]', x=-116.73, y=156.00, z=-110.25] in list []
[10Jun2026 22:41:58.477] [Server thread/DEBUG] [atomicstryker.dynamiclights.server.DynamicLights/]: Removing Dynamic Light attached to ServerPlayer['S4lamand4r'/99, l='ServerLevel[world]', x=-116.47, y=156.00, z=-110.40]
[10Jun2026 22:42:07.326] [Server thread/DEBUG] [atomicstryker.dynamiclights.server.DynamicLights/]: Calling addLightSource on entity ServerPlayer['S4lamand4r'/99, l='ServerLevel[world]', x=-116.86, y=156.84, z=-114.65], dimensionLocationPath overworld
[10Jun2026 22:42:07.327] [Server thread/DEBUG] [atomicstryker.dynamiclights.server.DynamicLights/]: Successfully registered DynamicLight on Entity: ServerPlayer['S4lamand4r'/99, l='ServerLevel[world]', x=-116.86, y=156.84, z=-114.65] in list []
[10Jun2026 22:42:08.278] [Server thread/DEBUG] [atomicstryker.dynamiclights.server.DynamicLights/]: Removing Dynamic Light attached to ServerPlayer['S4lamand4r'/99, l='ServerLevel[world]', x=-112.86, y=156.00, z=-114.54]
[10Jun2026 22:42:19.095] [Server thread/DEBUG] [net.neoforged.neoforge.common.CommonHooks/WP]: Gathered mod list to write to world save world
[10Jun2026 22:42:32.193] [Netty Epoll IO #2/DEBUG] [net.neoforged.neoforge.network.filters.NetworkFilters/]: Injected net.neoforged.neoforge.network.filters.GenericPacketSplitter@3ea8ab22 into net.minecraft.network.Connection@39942f42
[10Jun2026 22:42:35.428] [Server thread/DEBUG] [Framework/FRAMEWORK_CONFIGURATION]: Sending configuration task 'framework:configuration/config_data'
[10Jun2026 22:42:35.429] [Server thread/DEBUG] [Framework/FRAMEWORK_CONFIGURATION]: Sending configuration task 'framework:configuration/synced_entity_data'
[10Jun2026 22:42:36.172] [Netty Epoll IO #2/DEBUG] [net.neoforged.neoforge.network.filters.NetworkFilters/]: Injected net.neoforged.neoforge.network.filters.GenericPacketSplitter@25aca7b7 into net.minecraft.network.Connection@39942f42
[10Jun2026 22:42:36.234] [Server thread/INFO] [net.minecraft.server.players.PlayerList/]: Sonne18[/127.91.53.222:57835] logged in with entity id 1162 at (1005.7039904213455, 62.11076431274414, 56.92097747521672)
[10Jun2026 22:42:36.240] [Server thread/DEBUG] [net.neoforged.neoforge.common.CommonHooks/]: Sending 4297 recipes of the following types: [workbench_constructing, frying_pan_cooking, oven_baking, smoking, smelting, smithing, stonecutting, cutting_board_slicing, crafting, grill_cooking, sootychimneys:soot_scraping, blasting, cutting_board_combining, toaster_heating, microwave_heating, campfire_cooking, freezer_solidifying]
[10Jun2026 22:42:36.250] [Server thread/INFO] [net.minecraft.server.MinecraftServer/]: Sonne18 joined the game
[10Jun2026 22:42:38.770] [Worker-Main-1/DEBUG] [mixin/]: Mixing common.PoolAliasLookupMixin from lithostitched.mixins.json into net.minecraft.world.level.levelgen.structure.pools.alias.PoolAliasLookup
[10Jun2026 22:42:38.773] [Worker-Main-1/DEBUG] [mixin/]: lithostitched.mixins.json:common.PoolAliasLookupMixin from mod lithostitched: Class version 65 required is higher than the class version supported by the current version of Mixin (JAVA_17 supports class version 61)
[10Jun2026 22:42:40.069] [Worker-Main-2/DEBUG] [mixin/]: Mixing common.BeardifierMixin from lithostitched.neoforge.mixins.json into net.minecraft.world.level.levelgen.Beardifier
[10Jun2026 22:42:40.070] [Worker-Main-2/DEBUG] [mixin/]: lithostitched.neoforge.mixins.json:common.BeardifierMixin from mod lithostitched: Class version 65 required is higher than the class version supported by the current version of Mixin (JAVA_17 supports class version 61)
[10Jun2026 22:42:41.963] [Worker-Main-2/DEBUG] [mixin/]: Mixing common.SurfaceRulesContextMixin from lithostitched.mixins.json into net.minecraft.world.level.levelgen.SurfaceRules$Context
[10Jun2026 22:42:41.967] [Worker-Main-2/DEBUG] [mixin/]: lithostitched.mixins.json:common.SurfaceRulesContextMixin from mod lithostitched: Class version 65 required is higher than the class version supported by the current version of Mixin (JAVA_17 supports class version 61)
[10Jun2026 22:42:41.973] [Worker-Main-2/DEBUG] [mixin/]: lithostitched.mixins.json:common.SurfaceRulesContextMixin from mod lithostitched->@Inject::instantiateConditions(Lnet/minecraft/world/level/levelgen/SurfaceSystem;Lnet/minecraft/world/level/levelgen/RandomState;Lnet/minecraft/world/level/chunk/ChunkAccess;Lnet/minecraft/world/level/levelgen/NoiseChunk;Ljava/util/function/Function;Lnet/minecraft/core/Registry;Lnet/minecraft/world/level/levelgen/WorldGenerationContext;Lorg/spongepowered/asm/mixin/injection/callback/CallbackInfo;)V doesn't use it's CallbackInfo
[10Jun2026 22:43:19.646] [Server thread/INFO] [net.minecraft.server.MinecraftServer/]: Teleported Sonne18 to S4lamand4r
[10Jun2026 22:44:40.014] [Server thread/INFO] [net.minecraft.server.MinecraftServer/]: [Not Secure] <S4lamand4r> ZZZZZZZZZ
[10Jun2026 22:45:09.627] [Server thread/DEBUG] [atomicstryker.dynamiclights.server.DynamicLights/]: Calling addLightSource on entity ServerPlayer['S4lamand4r'/99, l='ServerLevel[world]', x=-128.91, y=136.00, z=-102.55], dimensionLocationPath overworld
[10Jun2026 22:45:09.628] [Server thread/DEBUG] [atomicstryker.dynamiclights.server.DynamicLights/]: Successfully registered DynamicLight on Entity: ServerPlayer['S4lamand4r'/99, l='ServerLevel[world]', x=-128.91, y=136.00, z=-102.55] in list []
[10Jun2026 22:45:09.677] [Server thread/DEBUG] [atomicstryker.dynamiclights.server.DynamicLights/]: Removing Dynamic Light attached to ServerPlayer['S4lamand4r'/99, l='ServerLevel[world]', x=-129.19, y=136.00, z=-102.54]
[10Jun2026 22:47:19.155] [Server thread/DEBUG] [net.neoforged.neoforge.common.CommonHooks/WP]: Gathered mod list to write to world save world
[10Jun2026 22:47:39.493] [Server thread/DEBUG] [mixin/]: Mixing ServerExplosionAccessor from explosiveenhancement.neoforge.mixins.json into net.minecraft.world.level.ServerExplosion
[10Jun2026 22:47:39.536] [Server thread/INFO] [net.minecraft.server.MinecraftServer/]: Sonne18 was blown up by Creeper
[10Jun2026 22:52:19.093] [Server thread/DEBUG] [net.neoforged.neoforge.common.CommonHooks/WP]: Gathered mod list to write to world save world
[10Jun2026 22:57:19.078] [Server thread/DEBUG] [net.neoforged.neoforge.common.CommonHooks/WP]: Gathered mod list to write to world save world
[10Jun2026 23:02:19.067] [Server thread/DEBUG] [net.neoforged.neoforge.common.CommonHooks/WP]: Gathered mod list to write to world save world
[10Jun2026 23:06:10.465] [Netty Epoll IO #5/DEBUG] [net.neoforged.neoforge.network.filters.NetworkFilters/]: Injected net.neoforged.neoforge.network.filters.GenericPacketSplitter@46822e2e into net.minecraft.network.Connection@380a89a
[10Jun2026 23:06:12.122] [Server thread/DEBUG] [Framework/FRAMEWORK_CONFIGURATION]: Sending configuration task 'framework:configuration/config_data'
[10Jun2026 23:06:12.122] [Server thread/DEBUG] [Framework/FRAMEWORK_CONFIGURATION]: Sending configuration task 'framework:configuration/synced_entity_data'
[10Jun2026 23:06:12.772] [Netty Epoll IO #5/DEBUG] [net.neoforged.neoforge.network.filters.NetworkFilters/]: Injected net.neoforged.neoforge.network.filters.GenericPacketSplitter@32c94cb3 into net.minecraft.network.Connection@380a89a
[10Jun2026 23:06:12.795] [Server thread/INFO] [net.minecraft.server.players.PlayerList/]: MayEL1207[/127.42.37.60:39229] logged in with entity id 4820 at (-3.5, 74.0, -5.5)
[10Jun2026 23:06:12.799] [Server thread/DEBUG] [net.neoforged.neoforge.common.CommonHooks/]: Sending 4297 recipes of the following types: [workbench_constructing, frying_pan_cooking, oven_baking, smoking, smelting, smithing, stonecutting, cutting_board_slicing, crafting, grill_cooking, sootychimneys:soot_scraping, blasting, cutting_board_combining, toaster_heating, microwave_heating, campfire_cooking, freezer_solidifying]
[10Jun2026 23:06:12.807] [Server thread/INFO] [net.minecraft.server.MinecraftServer/]: MayEL1207 joined the game
[10Jun2026 23:06:21.425] [Worker-Main-1/DEBUG] [mixin/]: Mixing common.DripstoneUtilsAccessor from lithostitched.mixins.json into net.minecraft.world.level.levelgen.feature.DripstoneUtils
[10Jun2026 23:06:21.426] [Worker-Main-1/DEBUG] [mixin/]: lithostitched.mixins.json:common.DripstoneUtilsAccessor from mod lithostitched: Class version 65 required is higher than the class version supported by the current version of Mixin (JAVA_17 supports class version 61)
[10Jun2026 23:06:21.426] [Worker-Main-1/DEBUG] [mixin/]: Renaming @Invoker method createPointed(Lnet/minecraft/core/Direction;Lnet/minecraft/world/level/block/state/properties/DripstoneThickness;)Lnet/minecraft/world/level/block/state/BlockState; to createPointed$lithostitched_$md$c81b13$0 in lithostitched.mixins.json:common.DripstoneUtilsAccessor from mod lithostitched
[10Jun2026 23:06:28.561] [Server thread/DEBUG] [mixin/]: Mixing reinforced.VanillaInventoryCodeHooksMixin from securitycraft.mixins.json into net.neoforged.neoforge.transfer.item.VanillaInventoryCodeHooks
[10Jun2026 23:06:34.080] [Server thread/INFO] [net.minecraft.server.network.ServerGamePacketListenerImpl/]: MayEL1207 lost connection: Disconnected
[10Jun2026 23:06:34.081] [Server thread/INFO] [net.minecraft.server.MinecraftServer/]: MayEL1207 left the game
[10Jun2026 23:07:19.071] [Server thread/DEBUG] [net.neoforged.neoforge.common.CommonHooks/WP]: Gathered mod list to write to world save world
[10Jun2026 23:12:19.070] [Server thread/DEBUG] [net.neoforged.neoforge.common.CommonHooks/WP]: Gathered mod list to write to world save world
[10Jun2026 23:16:52.273] [Server thread/INFO] [net.minecraft.server.MinecraftServer/]: Sonne18 was slain by S4lamand4r
[10Jun2026 23:17:19.095] [Server thread/DEBUG] [net.neoforged.neoforge.common.CommonHooks/WP]: Gathered mod list to write to world save world
[10Jun2026 23:17:44.889] [Server thread/INFO] [net.minecraft.server.MinecraftServer/]: Teleported Sonne18 to S4lamand4r
[10Jun2026 23:18:01.879] [Server thread/DEBUG] [atomicstryker.dynamiclights.server.DynamicLights/]: Calling addLightSource on entity ServerPlayer['S4lamand4r'/99, l='ServerLevel[world]', x=-123.28, y=136.20, z=-102.33], dimensionLocationPath overworld
[10Jun2026 23:18:01.880] [Server thread/DEBUG] [atomicstryker.dynamiclights.server.DynamicLights/]: Successfully registered DynamicLight on Entity: ServerPlayer['S4lamand4r'/99, l='ServerLevel[world]', x=-123.28, y=136.20, z=-102.33] in list []
[10Jun2026 23:18:01.927] [Server thread/DEBUG] [atomicstryker.dynamiclights.server.DynamicLights/]: Removing Dynamic Light attached to ServerPlayer['S4lamand4r'/99, l='ServerLevel[world]', x=-123.24, y=136.09, z=-102.32]
[10Jun2026 23:18:07.326] [Server thread/DEBUG] [atomicstryker.dynamiclights.server.DynamicLights/]: Calling addLightSource on entity ServerPlayer['S4lamand4r'/99, l='ServerLevel[world]', x=-124.47, y=136.00, z=-101.81], dimensionLocationPath overworld
[10Jun2026 23:18:07.326] [Server thread/DEBUG] [atomicstryker.dynamiclights.server.DynamicLights/]: Successfully registered DynamicLight on Entity: ServerPlayer['S4lamand4r'/99, l='ServerLevel[world]', x=-124.47, y=136.00, z=-101.81] in list []
[10Jun2026 23:18:08.226] [Server thread/DEBUG] [atomicstryker.dynamiclights.server.DynamicLights/]: Removing Dynamic Light attached to ServerPlayer['S4lamand4r'/99, l='ServerLevel[world]', x=-125.07, y=136.00, z=-102.01]
[10Jun2026 23:22:19.066] [Server thread/DEBUG] [net.neoforged.neoforge.common.CommonHooks/WP]: Gathered mod list to write to world save world
[10Jun2026 23:27:19.072] [Server thread/DEBUG] [net.neoforged.neoforge.common.CommonHooks/WP]: Gathered mod list to write to world save world
[10Jun2026 23:31:27.527] [Server thread/DEBUG] [atomicstryker.dynamiclights.server.DynamicLights/]: Calling addLightSource on entity ServerPlayer['Sonne18'/1162, l='ServerLevel[world]', x=-126.08, y=136.00, z=-104.03], dimensionLocationPath overworld
[10Jun2026 23:31:27.528] [Server thread/DEBUG] [atomicstryker.dynamiclights.server.DynamicLights/]: Successfully registered DynamicLight on Entity: ServerPlayer['Sonne18'/1162, l='ServerLevel[world]', x=-126.08, y=136.00, z=-104.03] in list []
[10Jun2026 23:31:27.627] [Server thread/DEBUG] [atomicstryker.dynamiclights.server.DynamicLights/]: Removing Dynamic Light attached to ServerPlayer['Sonne18'/1162, l='ServerLevel[world]', x=-126.08, y=136.00, z=-104.03]
[10Jun2026 23:31:28.028] [Server thread/DEBUG] [atomicstryker.dynamiclights.server.DynamicLights/]: Calling addLightSource on entity ServerPlayer['Sonne18'/1162, l='ServerLevel[world]', x=-126.08, y=136.00, z=-104.03], dimensionLocationPath overworld
[10Jun2026 23:31:28.028] [Server thread/DEBUG] [atomicstryker.dynamiclights.server.DynamicLights/]: Successfully registered DynamicLight on Entity: ServerPlayer['Sonne18'/1162, l='ServerLevel[world]', x=-126.08, y=136.00, z=-104.03] in list []
[10Jun2026 23:31:30.482] [Server thread/DEBUG] [atomicstryker.dynamiclights.server.DynamicLights/]: Removing Dynamic Light attached to ServerPlayer['Sonne18'/1162, l='ServerLevel[world]', x=-125.04, y=136.00, z=-102.00]
[10Jun2026 23:32:19.070] [Server thread/DEBUG] [net.neoforged.neoforge.common.CommonHooks/WP]: Gathered mod list to write to world save world
[10Jun2026 23:36:23.142] [Netty Epoll IO #0/DEBUG] [net.neoforged.neoforge.network.filters.NetworkFilters/]: Injected net.neoforged.neoforge.network.filters.GenericPacketSplitter@264aaf43 into net.minecraft.network.Connection@3b66a569
[10Jun2026 23:36:25.471] [Server thread/DEBUG] [Framework/FRAMEWORK_CONFIGURATION]: Sending configuration task 'framework:configuration/config_data'
[10Jun2026 23:36:25.472] [Server thread/DEBUG] [Framework/FRAMEWORK_CONFIGURATION]: Sending configuration task 'framework:configuration/synced_entity_data'
[10Jun2026 23:36:28.422] [Netty Epoll IO #0/DEBUG] [net.neoforged.neoforge.network.filters.NetworkFilters/]: Injected net.neoforged.neoforge.network.filters.GenericPacketSplitter@2bc2e512 into net.minecraft.network.Connection@3b66a569
[10Jun2026 23:36:28.484] [Server thread/INFO] [net.minecraft.server.players.PlayerList/]: jinco98[/127.98.18.136:54529] logged in with entity id 8270 at (1005.7039904213455, 62.11076431274414, 56.92097747521672)
[10Jun2026 23:36:28.488] [Server thread/DEBUG] [net.neoforged.neoforge.common.CommonHooks/]: Sending 4297 recipes of the following types: [workbench_constructing, frying_pan_cooking, oven_baking, smoking, smelting, smithing, stonecutting, cutting_board_slicing, crafting, grill_cooking, sootychimneys:soot_scraping, blasting, cutting_board_combining, toaster_heating, microwave_heating, campfire_cooking, freezer_solidifying]
[10Jun2026 23:36:28.490] [Server thread/INFO] [net.minecraft.server.MinecraftServer/]: jinco98 joined the game
[10Jun2026 23:37:02.232] [Server thread/DEBUG] [atomicstryker.dynamiclights.server.DynamicLights/]: Calling addLightSource on entity ServerPlayer['S4lamand4r'/99, l='ServerLevel[world]', x=-130.41, y=136.00, z=-103.24], dimensionLocationPath overworld
[10Jun2026 23:37:02.233] [Server thread/DEBUG] [atomicstryker.dynamiclights.server.DynamicLights/]: Successfully registered DynamicLight on Entity: ServerPlayer['S4lamand4r'/99, l='ServerLevel[world]', x=-130.41, y=136.00, z=-103.24] in list []
[10Jun2026 23:37:02.287] [Server thread/DEBUG] [atomicstryker.dynamiclights.server.DynamicLights/]: Removing Dynamic Light attached to ServerPlayer['S4lamand4r'/99, l='ServerLevel[world]', x=-130.12, y=136.00, z=-103.25]
[10Jun2026 23:37:19.105] [Server thread/DEBUG] [net.neoforged.neoforge.common.CommonHooks/WP]: Gathered mod list to write to world save world
[10Jun2026 23:37:47.512] [Netty Epoll IO #2/DEBUG] [net.neoforged.neoforge.network.filters.NetworkFilters/]: Injected net.neoforged.neoforge.network.filters.GenericPacketSplitter@29ca0b83 into net.minecraft.network.Connection@4549c3ae
[10Jun2026 23:37:48.821] [Server thread/DEBUG] [Framework/FRAMEWORK_CONFIGURATION]: Sending configuration task 'framework:configuration/config_data'
[10Jun2026 23:37:48.822] [Server thread/DEBUG] [Framework/FRAMEWORK_CONFIGURATION]: Sending configuration task 'framework:configuration/synced_entity_data'
[10Jun2026 23:37:49.428] [Netty Epoll IO #2/DEBUG] [net.neoforged.neoforge.network.filters.NetworkFilters/]: Injected net.neoforged.neoforge.network.filters.GenericPacketSplitter@1c40ec1c into net.minecraft.network.Connection@4549c3ae
[10Jun2026 23:37:49.437] [Server thread/INFO] [net.minecraft.server.players.PlayerList/]: MayEL1207[/127.42.37.60:51961] logged in with entity id 9005 at (-3.5, 74.0, -5.5)
[10Jun2026 23:37:49.463] [Server thread/DEBUG] [net.neoforged.neoforge.common.CommonHooks/]: Sending 4297 recipes of the following types: [workbench_constructing, frying_pan_cooking, oven_baking, smoking, smelting, smithing, stonecutting, cutting_board_slicing, crafting, grill_cooking, sootychimneys:soot_scraping, blasting, cutting_board_combining, toaster_heating, microwave_heating, campfire_cooking, freezer_solidifying]
[10Jun2026 23:37:49.464] [Server thread/INFO] [net.minecraft.server.MinecraftServer/]: MayEL1207 joined the game
[10Jun2026 23:38:24.709] [Server thread/INFO] [net.minecraft.server.network.ServerGamePacketListenerImpl/]: MayEL1207 lost connection: Disconnected
[10Jun2026 23:38:24.711] [Server thread/INFO] [net.minecraft.server.MinecraftServer/]: MayEL1207 left the game
[10Jun2026 23:38:37.020] [Netty Epoll IO #4/DEBUG] [net.neoforged.neoforge.network.filters.NetworkFilters/]: Injected net.neoforged.neoforge.network.filters.GenericPacketSplitter@2bd62113 into net.minecraft.network.Connection@283c6354
[10Jun2026 23:38:38.322] [Server thread/DEBUG] [Framework/FRAMEWORK_CONFIGURATION]: Sending configuration task 'framework:configuration/config_data'
[10Jun2026 23:38:38.322] [Server thread/DEBUG] [Framework/FRAMEWORK_CONFIGURATION]: Sending configuration task 'framework:configuration/synced_entity_data'
[10Jun2026 23:38:38.622] [Netty Epoll IO #4/DEBUG] [net.neoforged.neoforge.network.filters.NetworkFilters/]: Injected net.neoforged.neoforge.network.filters.GenericPacketSplitter@291327d6 into net.minecraft.network.Connection@283c6354
[10Jun2026 23:38:38.633] [Server thread/INFO] [net.minecraft.server.players.PlayerList/]: MayEL1207[/127.42.37.60:59161] logged in with entity id 9468 at (-11.054099192485863, 76.0, -5.961715758776306)
[10Jun2026 23:38:38.635] [Server thread/DEBUG] [net.neoforged.neoforge.common.CommonHooks/]: Sending 4297 recipes of the following types: [workbench_constructing, frying_pan_cooking, oven_baking, smoking, smelting, smithing, stonecutting, cutting_board_slicing, crafting, grill_cooking, sootychimneys:soot_scraping, blasting, cutting_board_combining, toaster_heating, microwave_heating, campfire_cooking, freezer_solidifying]
[10Jun2026 23:38:38.636] [Server thread/INFO] [net.minecraft.server.MinecraftServer/]: MayEL1207 joined the game
[10Jun2026 23:40:12.199] [Server thread/INFO] [net.minecraft.server.MinecraftServer/]: Incorrect argument for command
[10Jun2026 23:40:12.221] [Server thread/INFO] [net.minecraft.server.MinecraftServer/]: tp jinco98/tp jinco98 MayEL1207<--[HERE]
[10Jun2026 23:40:50.299] [Server thread/INFO] [net.minecraft.server.MinecraftServer/]: Teleported jinco98 to MayEL1207
[10Jun2026 23:40:56.534] [Server thread/DEBUG] [atomicstryker.dynamiclights.server.DynamicLights/]: Calling addLightSource on entity ServerPlayer['S4lamand4r'/99, l='ServerLevel[world]', x=-123.13, y=136.00, z=-101.68], dimensionLocationPath overworld
[10Jun2026 23:40:56.534] [Server thread/DEBUG] [atomicstryker.dynamiclights.server.DynamicLights/]: Successfully registered DynamicLight on Entity: ServerPlayer['S4lamand4r'/99, l='ServerLevel[world]', x=-123.13, y=136.00, z=-101.68] in list []
[10Jun2026 23:40:57.532] [Server thread/DEBUG] [atomicstryker.dynamiclights.server.DynamicLights/]: Removing Dynamic Light attached to ServerPlayer['S4lamand4r'/99, l='ServerLevel[world]', x=-125.38, y=136.00, z=-102.44]
[10Jun2026 23:41:15.933] [Server thread/INFO] [net.minecraft.server.MinecraftServer/]: MayEL1207 has made the advancement [Diamonds!]
[10Jun2026 23:41:27.135] [Server thread/INFO] [net.minecraft.server.MinecraftServer/]: MayEL1207 has made the advancement [Acquire Hardware]
[10Jun2026 23:42:19.111] [Server thread/DEBUG] [net.neoforged.neoforge.common.CommonHooks/WP]: Gathered mod list to write to world save world
[10Jun2026 23:42:43.841] [Server thread/INFO] [net.minecraft.server.MinecraftServer/]: [Not Secure] <jinco98> xd
[10Jun2026 23:43:43.122] [Server thread/INFO] [net.minecraft.server.MinecraftServer/]: MayEL1207 has made the advancement [Sweet Dreams]
[10Jun2026 23:43:46.522] [Server thread/INFO] [net.minecraft.server.MinecraftServer/]: MayEL1207 was slain by jinco98
[10Jun2026 23:44:09.931] [Server thread/INFO] [net.minecraft.server.MinecraftServer/]: MayEL1207 has made the advancement [Suit Up]
[10Jun2026 23:45:09.972] [Server thread/INFO] [net.minecraft.server.MinecraftServer/]: Sonne18 was slain by S4lamand4r
[10Jun2026 23:45:25.755] [Server thread/INFO] [net.minecraft.server.MinecraftServer/]: [Not Secure] <jinco98> XD
[10Jun2026 23:45:40.684] [Server thread/INFO] [net.minecraft.server.network.ServerGamePacketListenerImpl/]: Sonne18 lost connection: Disconnected
[10Jun2026 23:45:40.685] [Server thread/INFO] [net.minecraft.server.MinecraftServer/]: Sonne18 left the game
[10Jun2026 23:45:49.231] [Server thread/INFO] [net.minecraft.server.MinecraftServer/]: [Not Secure] <jinco98> XD
[10Jun2026 23:47:19.086] [Server thread/DEBUG] [net.neoforged.neoforge.common.CommonHooks/WP]: Gathered mod list to write to world save world
[10Jun2026 23:52:14.334] [Server thread/DEBUG] [atomicstryker.dynamiclights.server.DynamicLights/]: Calling addLightSource on entity ServerPlayer['S4lamand4r'/99, l='ServerLevel[world]', x=-146.46, y=134.87, z=-83.56], dimensionLocationPath overworld
[10Jun2026 23:52:14.335] [Server thread/DEBUG] [atomicstryker.dynamiclights.server.DynamicLights/]: Successfully registered DynamicLight on Entity: ServerPlayer['S4lamand4r'/99, l='ServerLevel[world]', x=-146.46, y=134.87, z=-83.56] in list []
[10Jun2026 23:52:14.535] [Server thread/DEBUG] [atomicstryker.dynamiclights.server.DynamicLights/]: Removing Dynamic Light attached to ServerPlayer['S4lamand4r'/99, l='ServerLevel[world]', x=-147.33, y=133.23, z=-82.80]
[10Jun2026 23:52:19.098] [Server thread/DEBUG] [net.neoforged.neoforge.common.CommonHooks/WP]: Gathered mod list to write to world save world
[10Jun2026 23:53:28.431] [Server thread/DEBUG] [atomicstryker.dynamiclights.server.DynamicLights/]: Calling addLightSource on entity ServerPlayer['S4lamand4r'/99, l='ServerLevel[world]', x=-110.71, y=156.00, z=-111.85], dimensionLocationPath overworld
[10Jun2026 23:53:28.431] [Server thread/DEBUG] [atomicstryker.dynamiclights.server.DynamicLights/]: Successfully registered DynamicLight on Entity: ServerPlayer['S4lamand4r'/99, l='ServerLevel[world]', x=-110.71, y=156.00, z=-111.85] in list []
[10Jun2026 23:53:28.533] [Server thread/DEBUG] [atomicstryker.dynamiclights.server.DynamicLights/]: Removing Dynamic Light attached to ServerPlayer['S4lamand4r'/99, l='ServerLevel[world]', x=-110.71, y=156.00, z=-111.86]
[10Jun2026 23:53:58.079] [Server thread/DEBUG] [atomicstryker.dynamiclights.server.DynamicLights/]: Calling addLightSource on entity ServerPlayer['S4lamand4r'/99, l='ServerLevel[world]', x=-131.77, y=156.00, z=-101.55], dimensionLocationPath overworld
[10Jun2026 23:53:58.079] [Server thread/DEBUG] [atomicstryker.dynamiclights.server.DynamicLights/]: Successfully registered DynamicLight on Entity: ServerPlayer['S4lamand4r'/99, l='ServerLevel[world]', x=-131.77, y=156.00, z=-101.55] in list []
[10Jun2026 23:53:58.427] [Server thread/DEBUG] [atomicstryker.dynamiclights.server.DynamicLights/]: Removing Dynamic Light attached to ServerPlayer['S4lamand4r'/99, l='ServerLevel[world]', x=-132.24, y=157.26, z=-104.23]
[10Jun2026 23:55:07.172] [Server thread/INFO] [net.minecraft.server.MinecraftServer/]: MayEL1207 has made the advancement [Isn't It Iron Pick]
[10Jun2026 23:57:19.087] [Server thread/DEBUG] [net.neoforged.neoforge.common.CommonHooks/WP]: Gathered mod list to write to world save world
[10Jun2026 23:57:29.978] [Server thread/DEBUG] [atomicstryker.dynamiclights.server.DynamicLights/]: Calling addLightSource on entity ServerPlayer['S4lamand4r'/99, l='ServerLevel[world]', x=-151.25, y=137.33, z=-103.10], dimensionLocationPath overworld
[10Jun2026 23:57:29.978] [Server thread/DEBUG] [atomicstryker.dynamiclights.server.DynamicLights/]: Successfully registered DynamicLight on Entity: ServerPlayer['S4lamand4r'/99, l='ServerLevel[world]', x=-151.25, y=137.33, z=-103.10] in list []
[10Jun2026 23:57:30.330] [Server thread/DEBUG] [atomicstryker.dynamiclights.server.DynamicLights/]: Removing Dynamic Light attached to ServerPlayer['S4lamand4r'/99, l='ServerLevel[world]', x=-153.38, y=136.00, z=-102.98]
[10Jun2026 23:58:27.281] [Server thread/DEBUG] [atomicstryker.dynamiclights.server.DynamicLights/]: Calling addLightSource on entity ServerPlayer['S4lamand4r'/99, l='ServerLevel[world]', x=-338.30, y=92.00, z=-58.03], dimensionLocationPath overworld
[10Jun2026 23:58:27.281] [Server thread/DEBUG] [atomicstryker.dynamiclights.server.DynamicLights/]: Successfully registered DynamicLight on Entity: ServerPlayer['S4lamand4r'/99, l='ServerLevel[world]', x=-338.30, y=92.00, z=-58.03] in list []
[10Jun2026 23:58:27.383] [Server thread/DEBUG] [atomicstryker.dynamiclights.server.DynamicLights/]: Removing Dynamic Light attached to ServerPlayer['S4lamand4r'/99, l='ServerLevel[world]', x=-338.30, y=92.00, z=-57.91]
[10Jun2026 23:58:41.089] [Server thread/DEBUG] [atomicstryker.dynamiclights.server.DynamicLights/]: Calling addLightSource on entity ServerPlayer['S4lamand4r'/99, l='ServerLevel[world]', x=-370.59, y=65.00, z=-35.26], dimensionLocationPath overworld
[10Jun2026 23:58:41.090] [Server thread/DEBUG] [atomicstryker.dynamiclights.server.DynamicLights/]: Successfully registered DynamicLight on Entity: ServerPlayer['S4lamand4r'/99, l='ServerLevel[world]', x=-370.59, y=65.00, z=-35.26] in list []
[10Jun2026 23:58:41.141] [Server thread/DEBUG] [atomicstryker.dynamiclights.server.DynamicLights/]: Removing Dynamic Light attached to ServerPlayer['S4lamand4r'/99, l='ServerLevel[world]', x=-370.77, y=65.00, z=-35.04]
[10Jun2026 23:59:08.433] [Server thread/DEBUG] [atomicstryker.dynamiclights.server.DynamicLights/]: Calling addLightSource on entity ServerPlayer['S4lamand4r'/99, l='ServerLevel[world]', x=-462.93, y=68.10, z=24.77], dimensionLocationPath overworld
[10Jun2026 23:59:08.434] [Server thread/DEBUG] [atomicstryker.dynamiclights.server.DynamicLights/]: Successfully registered DynamicLight on Entity: ServerPlayer['S4lamand4r'/99, l='ServerLevel[world]', x=-462.93, y=68.10, z=24.77] in list []
[10Jun2026 23:59:08.583] [Server thread/DEBUG] [atomicstryker.dynamiclights.server.DynamicLights/]: Removing Dynamic Light attached to ServerPlayer['S4lamand4r'/99, l='ServerLevel[world]', x=-463.28, y=68.00, z=25.10]
[10Jun2026 23:59:13.182] [Server thread/DEBUG] [atomicstryker.dynamiclights.server.DynamicLights/]: Calling addLightSource on entity ServerPlayer['S4lamand4r'/99, l='ServerLevel[world]', x=-479.18, y=72.00, z=25.93], dimensionLocationPath overworld
[10Jun2026 23:59:13.182] [Server thread/DEBUG] [atomicstryker.dynamiclights.server.DynamicLights/]: Successfully registered DynamicLight on Entity: ServerPlayer['S4lamand4r'/99, l='ServerLevel[world]', x=-479.18, y=72.00, z=25.93] in list []
[10Jun2026 23:59:20.923] [Server thread/INFO] [net.minecraft.server.MinecraftServer/]: S4lamand4r has made the advancement [Ice Bucket Challenge]
[10Jun2026 23:59:33.286] [Server thread/DEBUG] [atomicstryker.dynamiclights.server.DynamicLights/]: Calling addLightSource on entity ServerPlayer['MayEL1207'/9468, l='ServerLevel[world]', x=-202.58, y=139.50, z=-109.71], dimensionLocationPath overworld
[10Jun2026 23:59:33.286] [Server thread/DEBUG] [atomicstryker.dynamiclights.server.DynamicLights/]: Successfully registered DynamicLight on Entity: ServerPlayer['MayEL1207'/9468, l='ServerLevel[world]', x=-202.58, y=139.50, z=-109.71] in list [atomicstryker.dynamiclights.server.DynamicLightSourceContainer@63]
[10Jun2026 23:59:35.536] [Server thread/DEBUG] [atomicstryker.dynamiclights.server.DynamicLights/]: Removing Dynamic Light attached to ServerPlayer['MayEL1207'/9468, l='ServerLevel[world]', x=-202.58, y=139.50, z=-109.71]
[10Jun2026 23:59:36.093] [Server thread/DEBUG] [atomicstryker.dynamiclights.server.DynamicLights/]: Calling addLightSource on entity ServerPlayer['MayEL1207'/9468, l='ServerLevel[world]', x=-202.58, y=139.50, z=-109.71], dimensionLocationPath overworld
[10Jun2026 23:59:36.093] [Server thread/DEBUG] [atomicstryker.dynamiclights.server.DynamicLights/]: Successfully registered DynamicLight on Entity: ServerPlayer['MayEL1207'/9468, l='ServerLevel[world]', x=-202.58, y=139.50, z=-109.71] in list [atomicstryker.dynamiclights.server.DynamicLightSourceContainer@63]
[11Jun2026 00:00:53.736] [Server thread/DEBUG] [atomicstryker.dynamiclights.server.DynamicLights/]: Removing Dynamic Light attached to ServerPlayer['S4lamand4r'/99, l='ServerLevel[world]', x=-597.83, y=61.09, z=49.72]
[11Jun2026 00:01:00.686] [Server thread/DEBUG] [atomicstryker.dynamiclights.server.DynamicLights/]: Calling addLightSource on entity ServerPlayer['S4lamand4r'/99, l='ServerLevel[world]', x=-608.85, y=62.55, z=73.41], dimensionLocationPath overworld
[11Jun2026 00:01:00.686] [Server thread/DEBUG] [atomicstryker.dynamiclights.server.DynamicLights/]: Successfully registered DynamicLight on Entity: ServerPlayer['S4lamand4r'/99, l='ServerLevel[world]', x=-608.85, y=62.55, z=73.41] in list [atomicstryker.dynamiclights.server.DynamicLightSourceContainer@24fc]
[11Jun2026 00:01:15.689] [Server thread/INFO] [net.minecraft.server.MinecraftServer/]: MayEL1207 was shot by Skeleton
[11Jun2026 00:01:15.708] [Server thread/DEBUG] [atomicstryker.dynamiclights.server.DynamicLights/]: Dynamic Lights killing off LightSource on dead Entity: ServerPlayer['MayEL1207'/9468, l='ServerLevel[world]', x=-247.42, y=111.00, z=-10.13]
[11Jun2026 00:01:15.708] [Server thread/DEBUG] [atomicstryker.dynamiclights.server.DynamicLights/]: Removing Dynamic Light attached to ServerPlayer['MayEL1207'/9468, l='ServerLevel[world]', x=-247.61, y=111.36, z=-9.78]
[11Jun2026 00:01:37.006] [Server thread/DEBUG] [atomicstryker.dynamiclights.server.DynamicLights/]: Removing Dynamic Light attached to ServerPlayer['S4lamand4r'/99, l='ServerLevel[world]', x=-620.53, y=100.00, z=140.11]
[11Jun2026 00:02:09.435] [Server thread/DEBUG] [atomicstryker.dynamiclights.server.DynamicLights/]: Calling addLightSource on entity ServerPlayer['S4lamand4r'/99, l='ServerLevel[world]', x=-636.32, y=97.00, z=122.78], dimensionLocationPath overworld
[11Jun2026 00:02:09.436] [Server thread/DEBUG] [atomicstryker.dynamiclights.server.DynamicLights/]: Successfully registered DynamicLight on Entity: ServerPlayer['S4lamand4r'/99, l='ServerLevel[world]', x=-636.32, y=97.00, z=122.78] in list []
[11Jun2026 00:02:09.540] [Server thread/DEBUG] [atomicstryker.dynamiclights.server.DynamicLights/]: Removing Dynamic Light attached to ServerPlayer['S4lamand4r'/99, l='ServerLevel[world]', x=-636.68, y=97.00, z=123.01]
[11Jun2026 00:02:19.121] [Server thread/DEBUG] [net.neoforged.neoforge.common.CommonHooks/WP]: Gathered mod list to write to world save world
[11Jun2026 00:02:27.954] [Server thread/INFO] [net.minecraft.server.MinecraftServer/]: MayEL1207 was shot by Skeleton
[11Jun2026 00:04:02.443] [Server thread/DEBUG] [atomicstryker.dynamiclights.server.DynamicLights/]: Calling addLightSource on entity ItemEntity['Torch'/19032, l='ServerLevel[world]', x=-758.52, y=12.64, z=164.27], dimensionLocationPath overworld
[11Jun2026 00:04:02.444] [Server thread/DEBUG] [atomicstryker.dynamiclights.server.DynamicLights/]: Successfully registered DynamicLight on Entity: ItemEntity['Torch'/19032, l='ServerLevel[world]', x=-758.52, y=12.64, z=164.27] in list []
[11Jun2026 00:05:13.641] [Server thread/INFO] [net.minecraft.server.MinecraftServer/]: MayEL1207 has made the advancement [Stone Age]
[11Jun2026 00:07:19.149] [Server thread/DEBUG] [net.neoforged.neoforge.common.CommonHooks/WP]: Gathered mod list to write to world save world
[11Jun2026 00:08:45.589] [Server thread/DEBUG] [atomicstryker.dynamiclights.server.DynamicLights/]: Calling addLightSource on entity ServerPlayer['S4lamand4r'/99, l='ServerLevel[world]', x=-914.92, y=88.00, z=177.32], dimensionLocationPath overworld
[11Jun2026 00:08:45.590] [Server thread/DEBUG] [atomicstryker.dynamiclights.server.DynamicLights/]: Successfully registered DynamicLight on Entity: ServerPlayer['S4lamand4r'/99, l='ServerLevel[world]', x=-914.92, y=88.00, z=177.32] in list [atomicstryker.dynamiclights.server.DynamicLightSourceContainer@4a58]
[11Jun2026 00:08:46.645] [Server thread/DEBUG] [atomicstryker.dynamiclights.server.DynamicLights/]: Removing Dynamic Light attached to ServerPlayer['S4lamand4r'/99, l='ServerLevel[world]', x=-912.73, y=86.00, z=177.18]
[11Jun2026 00:08:56.988] [Server thread/INFO] [net.minecraft.server.MinecraftServer/]: jinco98 has made the advancement [Ice Bucket Challenge]
[11Jun2026 00:09:26.757] [Server thread/DEBUG] [atomicstryker.dynamiclights.server.DynamicLights/]: Dynamic Lights killing off LightSource on dead Entity: ItemEntity['Torch'/19032, l='ServerLevel[world]', x=-757.87, y=10.00, z=163.69, removed=DISCARDED]
[11Jun2026 00:09:29.190] [Server thread/DEBUG] [atomicstryker.dynamiclights.server.DynamicLights/]: Calling addLightSource on entity ServerPlayer['S4lamand4r'/99, l='ServerLevel[world]', x=-907.34, y=92.00, z=166.30], dimensionLocationPath overworld
[11Jun2026 00:09:29.190] [Server thread/DEBUG] [atomicstryker.dynamiclights.server.DynamicLights/]: Successfully registered DynamicLight on Entity: ServerPlayer['S4lamand4r'/99, l='ServerLevel[world]', x=-907.34, y=92.00, z=166.30] in list []
[11Jun2026 00:09:29.239] [Server thread/DEBUG] [atomicstryker.dynamiclights.server.DynamicLights/]: Removing Dynamic Light attached to ServerPlayer['S4lamand4r'/99, l='ServerLevel[world]', x=-907.34, y=92.00, z=166.30]
[11Jun2026 00:12:19.087] [Server thread/DEBUG] [net.neoforged.neoforge.common.CommonHooks/WP]: Gathered mod list to write to world save world
[11Jun2026 00:12:59.776] [Server thread/DEBUG] [fr.rakambda.fallingtree.common.tree.builder.TreeBuilder/]: Tree at BlockPosWrapper(raw=BlockPos{x=-841, y=175, z=119}) doesn't have enough leaves around top most log
[11Jun2026 00:12:59.778] [Server thread/DEBUG] [fr.rakambda.fallingtree.common.tree.builder.TreeBuilder/]: Tree at BlockPosWrapper(raw=BlockPos{x=-841, y=175, z=119}) doesn't have enough leaves around top most log
[11Jun2026 00:13:07.023] [Server thread/DEBUG] [fr.rakambda.fallingtree.common.tree.builder.TreeBuilder/]: Tree at BlockPosWrapper(raw=BlockPos{x=-843, y=176, z=123}) doesn't have enough leaves around top most log
[11Jun2026 00:13:07.025] [Server thread/DEBUG] [fr.rakambda.fallingtree.common.tree.builder.TreeBuilder/]: Tree at BlockPosWrapper(raw=BlockPos{x=-843, y=176, z=123}) doesn't have enough leaves around top most log
[11Jun2026 00:13:23.472] [Server thread/INFO] [net.minecraft.server.MinecraftServer/]: jinco98 was slain by MayEL1207
[11Jun2026 00:13:38.490] [Server thread/DEBUG] [atomicstryker.dynamiclights.server.DynamicLights/]: Calling addLightSource on entity ServerPlayer['S4lamand4r'/99, l='ServerLevel[world]', x=-834.92, y=177.00, z=123.31], dimensionLocationPath overworld
[11Jun2026 00:13:38.490] [Server thread/DEBUG] [atomicstryker.dynamiclights.server.DynamicLights/]: Successfully registered DynamicLight on Entity: ServerPlayer['S4lamand4r'/99, l='ServerLevel[world]', x=-834.92, y=177.00, z=123.31] in list []
[11Jun2026 00:13:38.584] [Server thread/DEBUG] [atomicstryker.dynamiclights.server.DynamicLights/]: Removing Dynamic Light attached to ServerPlayer['S4lamand4r'/99, l='ServerLevel[world]', x=-834.92, y=177.00, z=123.31]
[11Jun2026 00:15:59.623] [Server thread/DEBUG] [fr.rakambda.fallingtree.common.tree.builder.TreeBuilder/]: Tree at BlockPosWrapper(raw=BlockPos{x=-849, y=164, z=128}) doesn't have enough leaves around top most log
[11Jun2026 00:15:59.624] [Server thread/DEBUG] [fr.rakambda.fallingtree.common.tree.builder.TreeBuilder/]: Tree at BlockPosWrapper(raw=BlockPos{x=-849, y=164, z=128}) doesn't have enough leaves around top most log
[11Jun2026 00:16:00.722] [Server thread/DEBUG] [fr.rakambda.fallingtree.common.tree.builder.TreeBuilder/]: Tree at BlockPosWrapper(raw=BlockPos{x=-850, y=166, z=128}) doesn't have enough leaves around top most log
[11Jun2026 00:16:00.722] [Server thread/DEBUG] [fr.rakambda.fallingtree.common.tree.builder.TreeBuilder/]: Tree at BlockPosWrapper(raw=BlockPos{x=-850, y=166, z=128}) doesn't have enough leaves around top most log
[11Jun2026 00:16:25.224] [Server thread/DEBUG] [fr.rakambda.fallingtree.common.tree.builder.TreeBuilder/]: Tree at BlockPosWrapper(raw=BlockPos{x=-848, y=167, z=137}) doesn't have enough leaves around top most log
[11Jun2026 00:16:25.226] [Server thread/DEBUG] [fr.rakambda.fallingtree.common.tree.builder.TreeBuilder/]: Tree at BlockPosWrapper(raw=BlockPos{x=-848, y=167, z=137}) doesn't have enough leaves around top most log
[11Jun2026 00:16:29.472] [Server thread/DEBUG] [fr.rakambda.fallingtree.common.tree.builder.TreeBuilder/]: Tree at BlockPosWrapper(raw=BlockPos{x=-848, y=168, z=141}) doesn't have enough leaves around top most log
[11Jun2026 00:16:29.473] [Server thread/DEBUG] [fr.rakambda.fallingtree.common.tree.builder.TreeBuilder/]: Tree at BlockPosWrapper(raw=BlockPos{x=-848, y=168, z=141}) doesn't have enough leaves around top most log
[11Jun2026 00:17:05.883] [Server thread/DEBUG] [atomicstryker.dynamiclights.server.DynamicLights/]: Calling addLightSource on entity ServerPlayer['S4lamand4r'/99, l='ServerLevel[world]', x=-832.92, y=177.00, z=122.74], dimensionLocationPath overworld
[11Jun2026 00:17:05.884] [Server thread/DEBUG] [atomicstryker.dynamiclights.server.DynamicLights/]: Successfully registered DynamicLight on Entity: ServerPlayer['S4lamand4r'/99, l='ServerLevel[world]', x=-832.92, y=177.00, z=122.74] in list []
[11Jun2026 00:17:06.184] [Server thread/DEBUG] [atomicstryker.dynamiclights.server.DynamicLights/]: Removing Dynamic Light attached to ServerPlayer['S4lamand4r'/99, l='ServerLevel[world]', x=-832.92, y=177.00, z=122.97]
[11Jun2026 00:17:19.091] [Server thread/DEBUG] [net.neoforged.neoforge.common.CommonHooks/WP]: Gathered mod list to write to world save world
[11Jun2026 00:17:36.546] [Server thread/INFO] [net.minecraft.server.MinecraftServer/]: jinco98 has made the advancement [We Need to Go Deeper]
[11Jun2026 00:17:38.731] [Server thread/WARN] [net.minecraft.server.MinecraftServer/]: Can't keep up! Is the server overloaded? Running 4059ms or 81 ticks behind
[11Jun2026 00:17:39.578] [Server thread/INFO] [net.minecraft.server.MinecraftServer/]: MayEL1207 has made the advancement [We Need to Go Deeper]
[11Jun2026 00:17:42.763] [Worker-Main-3/DEBUG] [mixin/]: Mixing JigsawPlacementPlacerMixin from waystones.mixins.json into net.minecraft.world.level.levelgen.structure.pools.JigsawPlacement$Placer
[11Jun2026 00:17:42.763] [Worker-Main-3/DEBUG] [mixin/]: waystones.mixins.json:JigsawPlacementPlacerMixin from mod waystones: Class version 65 required is higher than the class version supported by the current version of Mixin (JAVA_17 supports class version 61)
[11Jun2026 00:18:53.087] [Server thread/INFO] [net.minecraft.server.MinecraftServer/]: MayEL1207 has made the advancement [Not Today, Thank You]
[11Jun2026 00:19:52.633] [Server thread/DEBUG] [atomicstryker.dynamiclights.server.DynamicLights/]: Calling addLightSource on entity ServerPlayer['S4lamand4r'/99, l='ServerLevel[world]', x=-845.34, y=168.77, z=127.69], dimensionLocationPath overworld
[11Jun2026 00:19:52.634] [Server thread/DEBUG] [atomicstryker.dynamiclights.server.DynamicLights/]: Successfully registered DynamicLight on Entity: ServerPlayer['S4lamand4r'/99, l='ServerLevel[world]', x=-845.34, y=168.77, z=127.69] in list []
[11Jun2026 00:19:54.586] [Server thread/DEBUG] [atomicstryker.dynamiclights.server.DynamicLights/]: Calling addLightSource on entity ServerPlayer['MayEL1207'/9468, l='ServerLevel[world]', x=-364.89, y=70.00, z=-52.53], dimensionLocationPath overworld
[11Jun2026 00:19:54.586] [Server thread/DEBUG] [atomicstryker.dynamiclights.server.DynamicLights/]: Successfully registered DynamicLight on Entity: ServerPlayer['MayEL1207'/9468, l='ServerLevel[world]', x=-364.89, y=70.00, z=-52.53] in list [atomicstryker.dynamiclights.server.DynamicLightSourceContainer@63]
[11Jun2026 00:20:58.203] [Server thread/DEBUG] [atomicstryker.dynamiclights.server.DynamicLights/]: Removing Dynamic Light attached to ServerPlayer['MayEL1207'/9468, l='ServerLevel[world]', x=-411.42, y=60.57, z=-25.10]
[11Jun2026 00:21:08.441] [Server thread/DEBUG] [atomicstryker.dynamiclights.server.DynamicLights/]: Calling addLightSource on entity ServerPlayer['MayEL1207'/9468, l='ServerLevel[world]', x=-447.94, y=62.59, z=-13.30], dimensionLocationPath overworld
[11Jun2026 00:21:08.442] [Server thread/DEBUG] [atomicstryker.dynamiclights.server.DynamicLights/]: Successfully registered DynamicLight on Entity: ServerPlayer['MayEL1207'/9468, l='ServerLevel[world]', x=-447.94, y=62.59, z=-13.30] in list [atomicstryker.dynamiclights.server.DynamicLightSourceContainer@63]
[11Jun2026 00:22:23.155] [Server thread/DEBUG] [net.neoforged.neoforge.common.CommonHooks/WP]: Gathered mod list to write to world save world
[11Jun2026 00:22:37.839] [Server thread/DEBUG] [atomicstryker.dynamiclights.server.DynamicLights/]: Calling addLightSource on entity ServerPlayer['MayEL1207'/9468, l='ServerLevel[world]', x=-47.36, y=69.00, z=-22.30], dimensionLocationPath the_nether
[11Jun2026 00:22:37.840] [Server thread/DEBUG] [atomicstryker.dynamiclights.server.DynamicLights/]: Cannot add Dynamic Light: Attachment Entity ServerPlayer['MayEL1207'/9468, l='ServerLevel[world]', x=-47.36, y=69.00, z=-22.30] is dead or in a banned dimension the_nether
[11Jun2026 00:22:41.492] [Server thread/DEBUG] [atomicstryker.dynamiclights.server.DynamicLights/]: Calling addLightSource on entity ServerPlayer['MayEL1207'/9468, l='ServerLevel[world]', x=-47.36, y=69.00, z=-22.30], dimensionLocationPath the_nether
[11Jun2026 00:22:41.492] [Server thread/DEBUG] [atomicstryker.dynamiclights.server.DynamicLights/]: Cannot add Dynamic Light: Attachment Entity ServerPlayer['MayEL1207'/9468, l='ServerLevel[world]', x=-47.36, y=69.00, z=-22.30] is dead or in a banned dimension the_nether
[11Jun2026 00:22:44.528] [Server thread/DEBUG] [atomicstryker.dynamiclights.server.DynamicLights/]: Calling addLightSource on entity ItemEntity['Torch'/28168, l='ServerLevel[world]', x=-47.29, y=70.57, z=-22.33], dimensionLocationPath the_nether
[11Jun2026 00:22:44.528] [Server thread/DEBUG] [atomicstryker.dynamiclights.server.DynamicLights/]: Cannot add Dynamic Light: Attachment Entity ItemEntity['Torch'/28168, l='ServerLevel[world]', x=-47.29, y=70.57, z=-22.33] is dead or in a banned dimension the_nether
[11Jun2026 00:22:47.290] [Server thread/DEBUG] [atomicstryker.dynamiclights.server.DynamicLights/]: Calling addLightSource on entity ServerPlayer['MayEL1207'/9468, l='ServerLevel[world]', x=-47.70, y=69.00, z=-22.70], dimensionLocationPath the_nether
[11Jun2026 00:22:47.290] [Server thread/DEBUG] [atomicstryker.dynamiclights.server.DynamicLights/]: Cannot add Dynamic Light: Attachment Entity ServerPlayer['MayEL1207'/9468, l='ServerLevel[world]', x=-47.70, y=69.00, z=-22.70] is dead or in a banned dimension the_nether
[11Jun2026 00:22:50.788] [Server thread/DEBUG] [atomicstryker.dynamiclights.server.DynamicLights/]: Calling addLightSource on entity ServerPlayer['MayEL1207'/9468, l='ServerLevel[world]', x=-47.70, y=69.00, z=-22.70], dimensionLocationPath the_nether
[11Jun2026 00:22:50.788] [Server thread/DEBUG] [atomicstryker.dynamiclights.server.DynamicLights/]: Cannot add Dynamic Light: Attachment Entity ServerPlayer['MayEL1207'/9468, l='ServerLevel[world]', x=-47.70, y=69.00, z=-22.70] is dead or in a banned dimension the_nether
[11Jun2026 00:24:23.234] [Server thread/INFO] [net.minecraft.server.MinecraftServer/]: MayEL1207 was slain by Zombie
[11Jun2026 00:24:23.281] [Server thread/DEBUG] [atomicstryker.dynamiclights.server.DynamicLights/]: Dynamic Lights killing off LightSource on dead Entity: ServerPlayer['MayEL1207'/9468, l='ServerLevel[world]', x=-43.68, y=76.00, z=-10.75]
[11Jun2026 00:24:33.343] [Server thread/DEBUG] [atomicstryker.dynamiclights.server.DynamicLights/]: Removing Dynamic Light attached to ServerPlayer['S4lamand4r'/99, l='ServerLevel[world]', x=-843.97, y=143.00, z=115.30]
[11Jun2026 00:24:33.883] [Server thread/DEBUG] [atomicstryker.dynamiclights.server.DynamicLights/]: Calling addLightSource on entity ItemEntity['Torch'/29294, l='ServerLevel[world]', x=-844.48, y=143.37, z=115.58], dimensionLocationPath overworld
[11Jun2026 00:24:33.883] [Server thread/DEBUG] [atomicstryker.dynamiclights.server.DynamicLights/]: Successfully registered DynamicLight on Entity: ItemEntity['Torch'/29294, l='ServerLevel[world]', x=-844.48, y=143.37, z=115.58] in list []
[11Jun2026 00:24:34.383] [Server thread/DEBUG] [atomicstryker.dynamiclights.server.DynamicLights/]: Dynamic Lights killing off LightSource on dead Entity: ItemEntity['Torch'/29294, l='ServerLevel[world]', x=-844.07, y=143.00, z=115.13, removed=DISCARDED]
[11Jun2026 00:24:36.140] [Server thread/DEBUG] [atomicstryker.dynamiclights.server.DynamicLights/]: Calling addLightSource on entity ServerPlayer['S4lamand4r'/99, l='ServerLevel[world]', x=-844.59, y=143.00, z=115.30], dimensionLocationPath overworld
[11Jun2026 00:24:36.140] [Server thread/DEBUG] [atomicstryker.dynamiclights.server.DynamicLights/]: Successfully registered DynamicLight on Entity: ServerPlayer['S4lamand4r'/99, l='ServerLevel[world]', x=-844.59, y=143.00, z=115.30] in list []
[11Jun2026 00:24:45.591] [Server thread/INFO] [net.minecraft.server.MinecraftServer/]: jinco98 was slain by Zombie
[11Jun2026 00:26:02.835] [Server thread/DEBUG] [atomicstryker.dynamiclights.server.DynamicLights/]: Calling addLightSource on entity ItemEntity['Torch'/30773, l='ServerLevel[world]', x=-855.73, y=126.46, z=114.62], dimensionLocationPath overworld
[11Jun2026 00:26:02.836] [Server thread/DEBUG] [atomicstryker.dynamiclights.server.DynamicLights/]: Successfully registered DynamicLight on Entity: ItemEntity['Torch'/30773, l='ServerLevel[world]', x=-855.73, y=126.46, z=114.62] in list [atomicstryker.dynamiclights.server.DynamicLightSourceContainer@63]
[11Jun2026 00:26:03.340] [Server thread/DEBUG] [atomicstryker.dynamiclights.server.DynamicLights/]: Dynamic Lights killing off LightSource on dead Entity: ItemEntity['Torch'/30773, l='ServerLevel[world]', x=-855.88, y=126.05, z=114.55, removed=DISCARDED]
[11Jun2026 00:26:06.598] [Server thread/DEBUG] [atomicstryker.dynamiclights.server.DynamicLights/]: Calling addLightSource on entity ItemEntity['Torch'/30960, l='ServerLevel[world]', x=-854.40, y=131.75, z=118.61], dimensionLocationPath overworld
[11Jun2026 00:26:06.599] [Server thread/DEBUG] [atomicstryker.dynamiclights.server.DynamicLights/]: Successfully registered DynamicLight on Entity: ItemEntity['Torch'/30960, l='ServerLevel[world]', x=-854.40, y=131.75, z=118.61] in list [atomicstryker.dynamiclights.server.DynamicLightSourceContainer@63]
[11Jun2026 00:26:07.090] [Server thread/DEBUG] [atomicstryker.dynamiclights.server.DynamicLights/]: Dynamic Lights killing off LightSource on dead Entity: ItemEntity['Torch'/30960, l='ServerLevel[world]', x=-854.50, y=131.34, z=118.13, removed=DISCARDED]
[11Jun2026 00:26:20.991] [Server thread/DEBUG] [atomicstryker.dynamiclights.server.DynamicLights/]: Calling addLightSource on entity ItemEntity['Torch'/31109, l='ServerLevel[world]', x=-849.36, y=154.34, z=109.71], dimensionLocationPath overworld
[11Jun2026 00:26:20.991] [Server thread/DEBUG] [atomicstryker.dynamiclights.server.DynamicLights/]: Successfully registered DynamicLight on Entity: ItemEntity['Torch'/31109, l='ServerLevel[world]', x=-849.36, y=154.34, z=109.71] in list [atomicstryker.dynamiclights.server.DynamicLightSourceContainer@63]
[11Jun2026 00:26:21.488] [Server thread/DEBUG] [atomicstryker.dynamiclights.server.DynamicLights/]: Dynamic Lights killing off LightSource on dead Entity: ItemEntity['Torch'/31109, l='ServerLevel[world]', x=-848.81, y=153.94, z=109.45, removed=DISCARDED]
[11Jun2026 00:26:28.588] [Server thread/DEBUG] [atomicstryker.dynamiclights.server.DynamicLights/]: Calling addLightSource on entity ServerPlayer['jinco98'/8270, l='ServerLevel[world]', x=-352.53, y=66.00, z=-27.99], dimensionLocationPath overworld
[11Jun2026 00:26:28.588] [Server thread/DEBUG] [atomicstryker.dynamiclights.server.DynamicLights/]: Successfully registered DynamicLight on Entity: ServerPlayer['jinco98'/8270, l='ServerLevel[world]', x=-352.53, y=66.00, z=-27.99] in list [atomicstryker.dynamiclights.server.DynamicLightSourceContainer@63]
[11Jun2026 00:26:28.638] [Server thread/DEBUG] [atomicstryker.dynamiclights.server.DynamicLights/]: Removing Dynamic Light attached to ServerPlayer['jinco98'/8270, l='ServerLevel[world]', x=-352.53, y=66.00, z=-27.99]
[11Jun2026 00:26:29.089] [Server thread/DEBUG] [atomicstryker.dynamiclights.server.DynamicLights/]: Calling addLightSource on entity ServerPlayer['jinco98'/8270, l='ServerLevel[world]', x=-353.56, y=66.00, z=-28.17], dimensionLocationPath overworld
[11Jun2026 00:26:29.089] [Server thread/DEBUG] [atomicstryker.dynamiclights.server.DynamicLights/]: Successfully registered DynamicLight on Entity: ServerPlayer['jinco98'/8270, l='ServerLevel[world]', x=-353.56, y=66.00, z=-28.17] in list [atomicstryker.dynamiclights.server.DynamicLightSourceContainer@63]
[11Jun2026 00:26:35.638] [Server thread/DEBUG] [atomicstryker.dynamiclights.server.DynamicLights/]: Removing Dynamic Light attached to ServerPlayer['jinco98'/8270, l='ServerLevel[world]', x=-366.41, y=64.00, z=-4.46]
[11Jun2026 00:27:23.180] [Server thread/DEBUG] [net.neoforged.neoforge.common.CommonHooks/WP]: Gathered mod list to write to world save world
[11Jun2026 00:28:49.136] [Server thread/DEBUG] [atomicstryker.dynamiclights.server.DynamicLights/]: Removing Dynamic Light attached to ServerPlayer['S4lamand4r'/99, l='ServerLevel[world]', x=-836.42, y=175.00, z=122.33]
[11Jun2026 00:28:49.188] [Server thread/DEBUG] [atomicstryker.dynamiclights.server.DynamicLights/]: Calling addLightSource on entity ServerPlayer['S4lamand4r'/99, l='ServerLevel[world]', x=-836.56, y=175.00, z=122.19], dimensionLocationPath overworld
[11Jun2026 00:28:49.188] [Server thread/DEBUG] [atomicstryker.dynamiclights.server.DynamicLights/]: Successfully registered DynamicLight on Entity: ServerPlayer['S4lamand4r'/99, l='ServerLevel[world]', x=-836.56, y=175.00, z=122.19] in list []
[11Jun2026 00:28:49.731] [Server thread/DEBUG] [atomicstryker.dynamiclights.server.DynamicLights/]: Calling addLightSource on entity ItemEntity['Torch'/32551, l='ServerLevel[world]', x=-837.27, y=175.51, z=121.66], dimensionLocationPath overworld
[11Jun2026 00:28:49.731] [Server thread/DEBUG] [atomicstryker.dynamiclights.server.DynamicLights/]: Successfully registered DynamicLight on Entity: ItemEntity['Torch'/32551, l='ServerLevel[world]', x=-837.27, y=175.51, z=121.66] in list [atomicstryker.dynamiclights.server.DynamicLightSourceContainer@63]
[11Jun2026 00:28:50.227] [Server thread/DEBUG] [atomicstryker.dynamiclights.server.DynamicLights/]: Dynamic Lights killing off LightSource on dead Entity: ItemEntity['Torch'/32551, l='ServerLevel[world]', x=-836.87, y=175.10, z=121.13, removed=DISCARDED]
[11Jun2026 00:29:13.091] [Server thread/DEBUG] [atomicstryker.dynamiclights.server.DynamicLights/]: Calling addLightSource on entity ServerPlayer['MayEL1207'/9468, l='ServerLevel[world]', x=-43.29, y=76.00, z=-9.01], dimensionLocationPath the_nether
[11Jun2026 00:29:13.091] [Server thread/DEBUG] [atomicstryker.dynamiclights.server.DynamicLights/]: Cannot add Dynamic Light: Attachment Entity ServerPlayer['MayEL1207'/9468, l='ServerLevel[world]', x=-43.29, y=76.00, z=-9.01] is dead or in a banned dimension the_nether
[11Jun2026 00:29:23.785] [Server thread/DEBUG] [atomicstryker.dynamiclights.server.DynamicLights/]: Calling addLightSource on entity ServerPlayer['MayEL1207'/9468, l='ServerLevel[world]', x=-43.29, y=76.00, z=-9.01], dimensionLocationPath the_nether
[11Jun2026 00:29:23.785] [Server thread/DEBUG] [atomicstryker.dynamiclights.server.DynamicLights/]: Cannot add Dynamic Light: Attachment Entity ServerPlayer['MayEL1207'/9468, l='ServerLevel[world]', x=-43.29, y=76.00, z=-9.01] is dead or in a banned dimension the_nether
[11Jun2026 00:30:20.034] [Server thread/DEBUG] [atomicstryker.dynamiclights.server.DynamicLights/]: Calling addLightSource on entity ServerPlayer['MayEL1207'/9468, l='ServerLevel[world]', x=-43.29, y=76.00, z=-9.01], dimensionLocationPath the_nether
[11Jun2026 00:30:20.035] [Server thread/DEBUG] [atomicstryker.dynamiclights.server.DynamicLights/]: Cannot add Dynamic Light: Attachment Entity ServerPlayer['MayEL1207'/9468, l='ServerLevel[world]', x=-43.29, y=76.00, z=-9.01] is dead or in a banned dimension the_nether
[11Jun2026 00:30:55.235] [Server thread/DEBUG] [atomicstryker.dynamiclights.server.DynamicLights/]: Calling addLightSource on entity ServerPlayer['MayEL1207'/9468, l='ServerLevel[world]', x=-36.61, y=92.57, z=-37.70], dimensionLocationPath the_nether
[11Jun2026 00:30:55.236] [Server thread/DEBUG] [atomicstryker.dynamiclights.server.DynamicLights/]: Cannot add Dynamic Light: Attachment Entity ServerPlayer['MayEL1207'/9468, l='ServerLevel[world]', x=-36.61, y=92.57, z=-37.70] is dead or in a banned dimension the_nether
[11Jun2026 00:32:23.136] [Server thread/DEBUG] [net.neoforged.neoforge.common.CommonHooks/WP]: Gathered mod list to write to world save world
[11Jun2026 00:33:16.034] [Server thread/INFO] [net.minecraft.server.MinecraftServer/]: MayEL1207 has made the advancement [A Terrible Fortress]
[11Jun2026 00:33:16.284] [Server thread/INFO] [net.minecraft.server.MinecraftServer/]: jinco98 has made the advancement [A Terrible Fortress]
[11Jun2026 00:34:10.186] [Server thread/INFO] [net.minecraft.server.MinecraftServer/]: MayEL1207 was slain by Magma Cube
[11Jun2026 00:34:36.789] [Server thread/INFO] [net.minecraft.server.MinecraftServer/]: MayEL1207 was slain by Piglin
[11Jun2026 00:35:33.929] [Server thread/DEBUG] [atomicstryker.dynamiclights.server.DynamicLights/]: Calling addLightSource on entity ItemEntity['Torch'/34481, l='ServerLevel[world]', x=-47.73, y=70.59, z=-23.55], dimensionLocationPath the_nether
[11Jun2026 00:35:33.930] [Server thread/DEBUG] [atomicstryker.dynamiclights.server.DynamicLights/]: Cannot add Dynamic Light: Attachment Entity ItemEntity['Torch'/34481, l='ServerLevel[world]', x=-47.73, y=70.59, z=-23.55] is dead or in a banned dimension the_nether
[11Jun2026 00:35:34.395] [Server thread/DEBUG] [atomicstryker.dynamiclights.server.DynamicLights/]: Calling addLightSource on entity ServerPlayer['MayEL1207'/9468, l='ServerLevel[world]', x=-47.30, y=70.00, z=-23.04], dimensionLocationPath the_nether
[11Jun2026 00:35:34.395] [Server thread/DEBUG] [atomicstryker.dynamiclights.server.DynamicLights/]: Cannot add Dynamic Light: Attachment Entity ServerPlayer['MayEL1207'/9468, l='ServerLevel[world]', x=-47.30, y=70.00, z=-23.04] is dead or in a banned dimension the_nether
[11Jun2026 00:35:47.052] [Server thread/DEBUG] [atomicstryker.dynamiclights.server.DynamicLights/]: Calling addLightSource on entity ServerPlayer['MayEL1207'/9468, l='ServerLevel[world]', x=-45.52, y=78.00, z=4.09], dimensionLocationPath the_nether
[11Jun2026 00:35:47.052] [Server thread/DEBUG] [atomicstryker.dynamiclights.server.DynamicLights/]: Cannot add Dynamic Light: Attachment Entity ServerPlayer['MayEL1207'/9468, l='ServerLevel[world]', x=-45.52, y=78.00, z=4.09] is dead or in a banned dimension the_nether
[11Jun2026 00:35:47.138] [Server thread/DEBUG] [atomicstryker.dynamiclights.server.DynamicLights/]: Calling addLightSource on entity ServerPlayer['MayEL1207'/9468, l='ServerLevel[world]', x=-45.48, y=78.00, z=4.18], dimensionLocationPath the_nether
[11Jun2026 00:35:47.138] [Server thread/DEBUG] [atomicstryker.dynamiclights.server.DynamicLights/]: Cannot add Dynamic Light: Attachment Entity ServerPlayer['MayEL1207'/9468, l='ServerLevel[world]', x=-45.48, y=78.00, z=4.18] is dead or in a banned dimension the_nether
[11Jun2026 00:35:47.239] [Server thread/DEBUG] [atomicstryker.dynamiclights.server.DynamicLights/]: Calling addLightSource on entity ServerPlayer['MayEL1207'/9468, l='ServerLevel[world]', x=-45.44, y=78.00, z=4.15], dimensionLocationPath the_nether
[11Jun2026 00:35:47.239] [Server thread/DEBUG] [atomicstryker.dynamiclights.server.DynamicLights/]: Cannot add Dynamic Light: Attachment Entity ServerPlayer['MayEL1207'/9468, l='ServerLevel[world]', x=-45.44, y=78.00, z=4.15] is dead or in a banned dimension the_nether
[11Jun2026 00:35:47.340] [Server thread/DEBUG] [atomicstryker.dynamiclights.server.DynamicLights/]: Calling addLightSource on entity ServerPlayer['MayEL1207'/9468, l='ServerLevel[world]', x=-45.41, y=78.00, z=4.09], dimensionLocationPath the_nether
[11Jun2026 00:35:47.340] [Server thread/DEBUG] [atomicstryker.dynamiclights.server.DynamicLights/]: Cannot add Dynamic Light: Attachment Entity ServerPlayer['MayEL1207'/9468, l='ServerLevel[world]', x=-45.41, y=78.00, z=4.09] is dead or in a banned dimension the_nether
[11Jun2026 00:35:47.440] [Server thread/DEBUG] [atomicstryker.dynamiclights.server.DynamicLights/]: Calling addLightSource on entity ServerPlayer['MayEL1207'/9468, l='ServerLevel[world]', x=-45.39, y=78.00, z=4.01], dimensionLocationPath the_nether
[11Jun2026 00:35:47.440] [Server thread/DEBUG] [atomicstryker.dynamiclights.server.DynamicLights/]: Cannot add Dynamic Light: Attachment Entity ServerPlayer['MayEL1207'/9468, l='ServerLevel[world]', x=-45.39, y=78.00, z=4.01] is dead or in a banned dimension the_nether
[11Jun2026 00:35:47.541] [Server thread/DEBUG] [atomicstryker.dynamiclights.server.DynamicLights/]: Calling addLightSource on entity ServerPlayer['MayEL1207'/9468, l='ServerLevel[world]', x=-45.36, y=78.00, z=3.94], dimensionLocationPath the_nether
[11Jun2026 00:35:47.541] [Server thread/DEBUG] [atomicstryker.dynamiclights.server.DynamicLights/]: Cannot add Dynamic Light: Attachment Entity ServerPlayer['MayEL1207'/9468, l='ServerLevel[world]', x=-45.36, y=78.00, z=3.94] is dead or in a banned dimension the_nether
[11Jun2026 00:35:47.640] [Server thread/DEBUG] [atomicstryker.dynamiclights.server.DynamicLights/]: Calling addLightSource on entity ServerPlayer['MayEL1207'/9468, l='ServerLevel[world]', x=-45.33, y=78.84, z=3.86], dimensionLocationPath the_nether
[11Jun2026 00:35:47.640] [Server thread/DEBUG] [atomicstryker.dynamiclights.server.DynamicLights/]: Cannot add Dynamic Light: Attachment Entity ServerPlayer['MayEL1207'/9468, l='ServerLevel[world]', x=-45.33, y=78.84, z=3.86] is dead or in a banned dimension the_nether
[11Jun2026 00:35:47.739] [Server thread/DEBUG] [atomicstryker.dynamiclights.server.DynamicLights/]: Calling addLightSource on entity ServerPlayer['MayEL1207'/9468, l='ServerLevel[world]', x=-45.30, y=78.54, z=3.82], dimensionLocationPath the_nether
[11Jun2026 00:35:47.739] [Server thread/DEBUG] [atomicstryker.dynamiclights.server.DynamicLights/]: Cannot add Dynamic Light: Attachment Entity ServerPlayer['MayEL1207'/9468, l='ServerLevel[world]', x=-45.30, y=78.54, z=3.82] is dead or in a banned dimension the_nether
[11Jun2026 00:35:47.840] [Server thread/DEBUG] [atomicstryker.dynamiclights.server.DynamicLights/]: Calling addLightSource on entity ServerPlayer['MayEL1207'/9468, l='ServerLevel[world]', x=-45.24, y=78.08, z=3.71], dimensionLocationPath the_nether
[11Jun2026 00:35:47.841] [Server thread/DEBUG] [atomicstryker.dynamiclights.server.DynamicLights/]: Cannot add Dynamic Light: Attachment Entity ServerPlayer['MayEL1207'/9468, l='ServerLevel[world]', x=-45.24, y=78.08, z=3.71] is dead or in a banned dimension the_nether
[11Jun2026 00:35:47.942] [Server thread/DEBUG] [atomicstryker.dynamiclights.server.DynamicLights/]: Calling addLightSource on entity ServerPlayer['MayEL1207'/9468, l='ServerLevel[world]', x=-45.12, y=78.00, z=3.52], dimensionLocationPath the_nether
[11Jun2026 00:35:47.942] [Server thread/DEBUG] [atomicstryker.dynamiclights.server.DynamicLights/]: Cannot add Dynamic Light: Attachment Entity ServerPlayer['MayEL1207'/9468, l='ServerLevel[world]', x=-45.12, y=78.00, z=3.52] is dead or in a banned dimension the_nether
[11Jun2026 00:35:48.040] [Server thread/DEBUG] [atomicstryker.dynamiclights.server.DynamicLights/]: Calling addLightSource on entity ServerPlayer['MayEL1207'/9468, l='ServerLevel[world]', x=-44.94, y=78.00, z=3.20], dimensionLocationPath the_nether
[11Jun2026 00:35:48.040] [Server thread/DEBUG] [atomicstryker.dynamiclights.server.DynamicLights/]: Cannot add Dynamic Light: Attachment Entity ServerPlayer['MayEL1207'/9468, l='ServerLevel[world]', x=-44.94, y=78.00, z=3.20] is dead or in a banned dimension the_nether
[11Jun2026 00:35:48.139] [Server thread/DEBUG] [atomicstryker.dynamiclights.server.DynamicLights/]: Calling addLightSource on entity ServerPlayer['MayEL1207'/9468, l='ServerLevel[world]', x=-44.75, y=78.00, z=2.84], dimensionLocationPath the_nether
[11Jun2026 00:35:48.139] [Server thread/DEBUG] [atomicstryker.dynamiclights.server.DynamicLights/]: Cannot add Dynamic Light: Attachment Entity ServerPlayer['MayEL1207'/9468, l='ServerLevel[world]', x=-44.75, y=78.00, z=2.84] is dead or in a banned dimension the_nether
[11Jun2026 00:35:48.239] [Server thread/DEBUG] [atomicstryker.dynamiclights.server.DynamicLights/]: Calling addLightSource on entity ServerPlayer['MayEL1207'/9468, l='ServerLevel[world]', x=-44.63, y=77.92, z=2.62], dimensionLocationPath the_nether
[11Jun2026 00:35:48.239] [Server thread/DEBUG] [atomicstryker.dynamiclights.server.DynamicLights/]: Cannot add Dynamic Light: Attachment Entity ServerPlayer['MayEL1207'/9468, l='ServerLevel[world]', x=-44.63, y=77.92, z=2.62] is dead or in a banned dimension the_nether
[11Jun2026 00:35:48.337] [Server thread/DEBUG] [atomicstryker.dynamiclights.server.DynamicLights/]: Calling addLightSource on entity ServerPlayer['MayEL1207'/9468, l='ServerLevel[world]', x=-44.49, y=77.54, z=2.36], dimensionLocationPath the_nether
[11Jun2026 00:35:48.337] [Server thread/DEBUG] [atomicstryker.dynamiclights.server.DynamicLights/]: Cannot add Dynamic Light: Attachment Entity ServerPlayer['MayEL1207'/9468, l='ServerLevel[world]', x=-44.49, y=77.54, z=2.36] is dead or in a banned dimension the_nether
[11Jun2026 00:35:48.437] [Server thread/DEBUG] [atomicstryker.dynamiclights.server.DynamicLights/]: Calling addLightSource on entity ServerPlayer['MayEL1207'/9468, l='ServerLevel[world]', x=-44.37, y=77.00, z=2.12], dimensionLocationPath the_nether
[11Jun2026 00:35:48.437] [Server thread/DEBUG] [atomicstryker.dynamiclights.server.DynamicLights/]: Cannot add Dynamic Light: Attachment Entity ServerPlayer['MayEL1207'/9468, l='ServerLevel[world]', x=-44.37, y=77.00, z=2.12] is dead or in a banned dimension the_nether
[11Jun2026 00:35:48.542] [Server thread/DEBUG] [atomicstryker.dynamiclights.server.DynamicLights/]: Calling addLightSource on entity ServerPlayer['MayEL1207'/9468, l='ServerLevel[world]', x=-44.09, y=77.00, z=1.60], dimensionLocationPath the_nether
[11Jun2026 00:35:48.542] [Server thread/DEBUG] [atomicstryker.dynamiclights.server.DynamicLights/]: Cannot add Dynamic Light: Attachment Entity ServerPlayer['MayEL1207'/9468, l='ServerLevel[world]', x=-44.09, y=77.00, z=1.60] is dead or in a banned dimension the_nether
[11Jun2026 00:35:48.637] [Server thread/DEBUG] [atomicstryker.dynamiclights.server.DynamicLights/]: Calling addLightSource on entity ServerPlayer['MayEL1207'/9468, l='ServerLevel[world]', x=-43.90, y=77.00, z=1.21], dimensionLocationPath the_nether
[11Jun2026 00:35:48.637] [Server thread/DEBUG] [atomicstryker.dynamiclights.server.DynamicLights/]: Cannot add Dynamic Light: Attachment Entity ServerPlayer['MayEL1207'/9468, l='ServerLevel[world]', x=-43.90, y=77.00, z=1.21] is dead or in a banned dimension the_nether
[11Jun2026 00:35:48.738] [Server thread/DEBUG] [atomicstryker.dynamiclights.server.DynamicLights/]: Calling addLightSource on entity ServerPlayer['MayEL1207'/9468, l='ServerLevel[world]', x=-43.81, y=77.00, z=1.01], dimensionLocationPath the_nether
[11Jun2026 00:35:48.738] [Server thread/DEBUG] [atomicstryker.dynamiclights.server.DynamicLights/]: Cannot add Dynamic Light: Attachment Entity ServerPlayer['MayEL1207'/9468, l='ServerLevel[world]', x=-43.81, y=77.00, z=1.01] is dead or in a banned dimension the_nether
[11Jun2026 00:35:48.838] [Server thread/DEBUG] [atomicstryker.dynamiclights.server.DynamicLights/]: Calling addLightSource on entity ServerPlayer['MayEL1207'/9468, l='ServerLevel[world]', x=-43.54, y=77.00, z=0.42], dimensionLocationPath the_nether
[11Jun2026 00:35:48.838] [Server thread/DEBUG] [atomicstryker.dynamiclights.server.DynamicLights/]: Cannot add Dynamic Light: Attachment Entity ServerPlayer['MayEL1207'/9468, l='ServerLevel[world]', x=-43.54, y=77.00, z=0.42] is dead or in a banned dimension the_nether
[11Jun2026 00:35:48.939] [Server thread/DEBUG] [atomicstryker.dynamiclights.server.DynamicLights/]: Calling addLightSource on entity ServerPlayer['MayEL1207'/9468, l='ServerLevel[world]', x=-43.37, y=77.00, z=0.02], dimensionLocationPath the_nether
[11Jun2026 00:35:48.939] [Server thread/DEBUG] [atomicstryker.dynamiclights.server.DynamicLights/]: Cannot add Dynamic Light: Attachment Entity ServerPlayer['MayEL1207'/9468, l='ServerLevel[world]', x=-43.37, y=77.00, z=0.02] is dead or in a banned dimension the_nether
[11Jun2026 00:35:49.038] [Server thread/DEBUG] [atomicstryker.dynamiclights.server.DynamicLights/]: Calling addLightSource on entity ServerPlayer['MayEL1207'/9468, l='ServerLevel[world]', x=-43.26, y=77.00, z=-0.37], dimensionLocationPath the_nether
[11Jun2026 00:35:49.038] [Server thread/DEBUG] [atomicstryker.dynamiclights.server.DynamicLights/]: Cannot add Dynamic Light: Attachment Entity ServerPlayer['MayEL1207'/9468, l='ServerLevel[world]', x=-43.26, y=77.00, z=-0.37] is dead or in a banned dimension the_nether
[11Jun2026 00:35:49.140] [Server thread/DEBUG] [atomicstryker.dynamiclights.server.DynamicLights/]: Calling addLightSource on entity ServerPlayer['MayEL1207'/9468, l='ServerLevel[world]', x=-43.13, y=77.00, z=-0.77], dimensionLocationPath the_nether
[11Jun2026 00:35:49.140] [Server thread/DEBUG] [atomicstryker.dynamiclights.server.DynamicLights/]: Cannot add Dynamic Light: Attachment Entity ServerPlayer['MayEL1207'/9468, l='ServerLevel[world]', x=-43.13, y=77.00, z=-0.77] is dead or in a banned dimension the_nether
[11Jun2026 00:35:49.236] [Server thread/DEBUG] [atomicstryker.dynamiclights.server.DynamicLights/]: Calling addLightSource on entity ServerPlayer['MayEL1207'/9468, l='ServerLevel[world]', x=-43.04, y=77.00, z=-1.00], dimensionLocationPath the_nether
[11Jun2026 00:35:49.236] [Server thread/DEBUG] [atomicstryker.dynamiclights.server.DynamicLights/]: Cannot add Dynamic Light: Attachment Entity ServerPlayer['MayEL1207'/9468, l='ServerLevel[world]', x=-43.04, y=77.00, z=-1.00] is dead or in a banned dimension the_nether
[11Jun2026 00:35:49.338] [Server thread/DEBUG] [atomicstryker.dynamiclights.server.DynamicLights/]: Calling addLightSource on entity ServerPlayer['MayEL1207'/9468, l='ServerLevel[world]', x=-42.89, y=77.00, z=-1.35], dimensionLocationPath the_nether
[11Jun2026 00:35:49.338] [Server thread/DEBUG] [atomicstryker.dynamiclights.server.DynamicLights/]: Cannot add Dynamic Light: Attachment Entity ServerPlayer['MayEL1207'/9468, l='ServerLevel[world]', x=-42.89, y=77.00, z=-1.35] is dead or in a banned dimension the_nether
[11Jun2026 00:35:49.437] [Server thread/DEBUG] [atomicstryker.dynamiclights.server.DynamicLights/]: Calling addLightSource on entity ServerPlayer['MayEL1207'/9468, l='ServerLevel[world]', x=-42.74, y=77.00, z=-1.73], dimensionLocationPath the_nether
[11Jun2026 00:35:49.437] [Server thread/DEBUG] [atomicstryker.dynamiclights.server.DynamicLights/]: Cannot add Dynamic Light: Attachment Entity ServerPlayer['MayEL1207'/9468, l='ServerLevel[world]', x=-42.74, y=77.00, z=-1.73] is dead or in a banned dimension the_nether
[11Jun2026 00:35:49.541] [Server thread/DEBUG] [atomicstryker.dynamiclights.server.DynamicLights/]: Calling addLightSource on entity ServerPlayer['MayEL1207'/9468, l='ServerLevel[world]', x=-42.58, y=77.00, z=-2.13], dimensionLocationPath the_nether
[11Jun2026 00:35:49.541] [Server thread/DEBUG] [atomicstryker.dynamiclights.server.DynamicLights/]: Cannot add Dynamic Light: Attachment Entity ServerPlayer['MayEL1207'/9468, l='ServerLevel[world]', x=-42.58, y=77.00, z=-2.13] is dead or in a banned dimension the_nether
[11Jun2026 00:35:49.638] [Server thread/DEBUG] [atomicstryker.dynamiclights.server.DynamicLights/]: Calling addLightSource on entity ServerPlayer['MayEL1207'/9468, l='ServerLevel[world]', x=-42.40, y=77.00, z=-2.52], dimensionLocationPath the_nether
[11Jun2026 00:35:49.638] [Server thread/DEBUG] [atomicstryker.dynamiclights.server.DynamicLights/]: Cannot add Dynamic Light: Attachment Entity ServerPlayer['MayEL1207'/9468, l='ServerLevel[world]', x=-42.40, y=77.00, z=-2.52] is dead or in a banned dimension the_nether
[11Jun2026 00:35:49.738] [Server thread/DEBUG] [atomicstryker.dynamiclights.server.DynamicLights/]: Calling addLightSource on entity ServerPlayer['MayEL1207'/9468, l='ServerLevel[world]', x=-42.20, y=77.00, z=-2.90], dimensionLocationPath the_nether
[11Jun2026 00:35:49.738] [Server thread/DEBUG] [atomicstryker.dynamiclights.server.DynamicLights/]: Cannot add Dynamic Light: Attachment Entity ServerPlayer['MayEL1207'/9468, l='ServerLevel[world]', x=-42.20, y=77.00, z=-2.90] is dead or in a banned dimension the_nether
[11Jun2026 00:35:49.836] [Server thread/DEBUG] [atomicstryker.dynamiclights.server.DynamicLights/]: Calling addLightSource on entity ServerPlayer['MayEL1207'/9468, l='ServerLevel[world]', x=-42.00, y=77.00, z=-3.29], dimensionLocationPath the_nether
[11Jun2026 00:35:49.836] [Server thread/DEBUG] [atomicstryker.dynamiclights.server.DynamicLights/]: Cannot add Dynamic Light: Attachment Entity ServerPlayer['MayEL1207'/9468, l='ServerLevel[world]', x=-42.00, y=77.00, z=-3.29] is dead or in a banned dimension the_nether
[11Jun2026 00:35:49.937] [Server thread/DEBUG] [atomicstryker.dynamiclights.server.DynamicLights/]: Calling addLightSource on entity ServerPlayer['MayEL1207'/9468, l='ServerLevel[world]', x=-41.82, y=77.00, z=-3.68], dimensionLocationPath the_nether
[11Jun2026 00:35:49.937] [Server thread/DEBUG] [atomicstryker.dynamiclights.server.DynamicLights/]: Cannot add Dynamic Light: Attachment Entity ServerPlayer['MayEL1207'/9468, l='ServerLevel[world]', x=-41.82, y=77.00, z=-3.68] is dead or in a banned dimension the_nether
[11Jun2026 00:35:50.038] [Server thread/DEBUG] [atomicstryker.dynamiclights.server.DynamicLights/]: Calling addLightSource on entity ServerPlayer['MayEL1207'/9468, l='ServerLevel[world]', x=-41.63, y=77.00, z=-4.07], dimensionLocationPath the_nether
[11Jun2026 00:35:50.038] [Server thread/DEBUG] [atomicstryker.dynamiclights.server.DynamicLights/]: Cannot add Dynamic Light: Attachment Entity ServerPlayer['MayEL1207'/9468, l='ServerLevel[world]', x=-41.63, y=77.00, z=-4.07] is dead or in a banned dimension the_nether
[11Jun2026 00:35:50.138] [Server thread/DEBUG] [atomicstryker.dynamiclights.server.DynamicLights/]: Calling addLightSource on entity ServerPlayer['MayEL1207'/9468, l='ServerLevel[world]', x=-41.45, y=77.00, z=-4.46], dimensionLocationPath the_nether
[11Jun2026 00:35:50.138] [Server thread/DEBUG] [atomicstryker.dynamiclights.server.DynamicLights/]: Cannot add Dynamic Light: Attachment Entity ServerPlayer['MayEL1207'/9468, l='ServerLevel[world]', x=-41.45, y=77.00, z=-4.46] is dead or in a banned dimension the_nether
[11Jun2026 00:35:50.242] [Server thread/DEBUG] [atomicstryker.dynamiclights.server.DynamicLights/]: Calling addLightSource on entity ServerPlayer['MayEL1207'/9468, l='ServerLevel[world]', x=-41.37, y=77.00, z=-4.69], dimensionLocationPath the_nether
[11Jun2026 00:35:50.242] [Server thread/DEBUG] [atomicstryker.dynamiclights.server.DynamicLights/]: Cannot add Dynamic Light: Attachment Entity ServerPlayer['MayEL1207'/9468, l='ServerLevel[world]', x=-41.37, y=77.00, z=-4.69] is dead or in a banned dimension the_nether
[11Jun2026 00:35:50.340] [Server thread/DEBUG] [atomicstryker.dynamiclights.server.DynamicLights/]: Calling addLightSource on entity ServerPlayer['MayEL1207'/9468, l='ServerLevel[world]', x=-41.28, y=77.00, z=-5.06], dimensionLocationPath the_nether
[11Jun2026 00:35:50.340] [Server thread/DEBUG] [atomicstryker.dynamiclights.server.DynamicLights/]: Cannot add Dynamic Light: Attachment Entity ServerPlayer['MayEL1207'/9468, l='ServerLevel[world]', x=-41.28, y=77.00, z=-5.06] is dead or in a banned dimension the_nether
[11Jun2026 00:35:50.448] [Server thread/DEBUG] [atomicstryker.dynamiclights.server.DynamicLights/]: Calling addLightSource on entity ServerPlayer['MayEL1207'/9468, l='ServerLevel[world]', x=-41.18, y=77.00, z=-5.46], dimensionLocationPath the_nether
[11Jun2026 00:35:50.448] [Server thread/DEBUG] [atomicstryker.dynamiclights.server.DynamicLights/]: Cannot add Dynamic Light: Attachment Entity ServerPlayer['MayEL1207'/9468, l='ServerLevel[world]', x=-41.18, y=77.00, z=-5.46] is dead or in a banned dimension the_nether
[11Jun2026 00:35:50.540] [Server thread/DEBUG] [atomicstryker.dynamiclights.server.DynamicLights/]: Calling addLightSource on entity ServerPlayer['MayEL1207'/9468, l='ServerLevel[world]', x=-41.04, y=77.00, z=-5.86], dimensionLocationPath the_nether
[11Jun2026 00:35:50.540] [Server thread/DEBUG] [atomicstryker.dynamiclights.server.DynamicLights/]: Cannot add Dynamic Light: Attachment Entity ServerPlayer['MayEL1207'/9468, l='ServerLevel[world]', x=-41.04, y=77.00, z=-5.86] is dead or in a banned dimension the_nether
[11Jun2026 00:35:50.640] [Server thread/DEBUG] [atomicstryker.dynamiclights.server.DynamicLights/]: Calling addLightSource on entity ServerPlayer['MayEL1207'/9468, l='ServerLevel[world]', x=-40.90, y=77.00, z=-6.27], dimensionLocationPath the_nether
[11Jun2026 00:35:50.640] [Server thread/DEBUG] [atomicstryker.dynamiclights.server.DynamicLights/]: Cannot add Dynamic Light: Attachment Entity ServerPlayer['MayEL1207'/9468, l='ServerLevel[world]', x=-40.90, y=77.00, z=-6.27] is dead or in a banned dimension the_nether
[11Jun2026 00:35:50.737] [Server thread/DEBUG] [atomicstryker.dynamiclights.server.DynamicLights/]: Calling addLightSource on entity ServerPlayer['MayEL1207'/9468, l='ServerLevel[world]', x=-40.76, y=77.00, z=-6.68], dimensionLocationPath the_nether
[11Jun2026 00:35:50.737] [Server thread/DEBUG] [atomicstryker.dynamiclights.server.DynamicLights/]: Cannot add Dynamic Light: Attachment Entity ServerPlayer['MayEL1207'/9468, l='ServerLevel[world]', x=-40.76, y=77.00, z=-6.68] is dead or in a banned dimension the_nether
[11Jun2026 00:35:50.849] [Server thread/DEBUG] [atomicstryker.dynamiclights.server.DynamicLights/]: Calling addLightSource on entity ServerPlayer['MayEL1207'/9468, l='ServerLevel[world]', x=-40.64, y=77.00, z=-7.09], dimensionLocationPath the_nether
[11Jun2026 00:35:50.849] [Server thread/DEBUG] [atomicstryker.dynamiclights.server.DynamicLights/]: Cannot add Dynamic Light: Attachment Entity ServerPlayer['MayEL1207'/9468, l='ServerLevel[world]', x=-40.64, y=77.00, z=-7.09] is dead or in a banned dimension the_nether
[11Jun2026 00:35:50.938] [Server thread/DEBUG] [atomicstryker.dynamiclights.server.DynamicLights/]: Calling addLightSource on entity ServerPlayer['MayEL1207'/9468, l='ServerLevel[world]', x=-40.59, y=77.00, z=-7.52], dimensionLocationPath the_nether
[11Jun2026 00:35:50.938] [Server thread/DEBUG] [atomicstryker.dynamiclights.server.DynamicLights/]: Cannot add Dynamic Light: Attachment Entity ServerPlayer['MayEL1207'/9468, l='ServerLevel[world]', x=-40.59, y=77.00, z=-7.52] is dead or in a banned dimension the_nether
[11Jun2026 00:35:51.038] [Server thread/DEBUG] [atomicstryker.dynamiclights.server.DynamicLights/]: Calling addLightSource on entity ServerPlayer['MayEL1207'/9468, l='ServerLevel[world]', x=-40.64, y=77.00, z=-7.94], dimensionLocationPath the_nether
[11Jun2026 00:35:51.038] [Server thread/DEBUG] [atomicstryker.dynamiclights.server.DynamicLights/]: Cannot add Dynamic Light: Attachment Entity ServerPlayer['MayEL1207'/9468, l='ServerLevel[world]', x=-40.64, y=77.00, z=-7.94] is dead or in a banned dimension the_nether
[11Jun2026 00:35:51.138] [Server thread/DEBUG] [atomicstryker.dynamiclights.server.DynamicLights/]: Calling addLightSource on entity ServerPlayer['MayEL1207'/9468, l='ServerLevel[world]', x=-40.66, y=77.00, z=-8.06], dimensionLocationPath the_nether
[11Jun2026 00:35:51.139] [Server thread/DEBUG] [atomicstryker.dynamiclights.server.DynamicLights/]: Cannot add Dynamic Light: Attachment Entity ServerPlayer['MayEL1207'/9468, l='ServerLevel[world]', x=-40.66, y=77.00, z=-8.06] is dead or in a banned dimension the_nether
[11Jun2026 00:35:51.237] [Server thread/DEBUG] [atomicstryker.dynamiclights.server.DynamicLights/]: Calling addLightSource on entity ServerPlayer['MayEL1207'/9468, l='ServerLevel[world]', x=-40.56, y=77.00, z=-8.08], dimensionLocationPath the_nether
[11Jun2026 00:35:51.237] [Server thread/DEBUG] [atomicstryker.dynamiclights.server.DynamicLights/]: Cannot add Dynamic Light: Attachment Entity ServerPlayer['MayEL1207'/9468, l='ServerLevel[world]', x=-40.56, y=77.00, z=-8.08] is dead or in a banned dimension the_nether
[11Jun2026 00:35:51.338] [Server thread/DEBUG] [atomicstryker.dynamiclights.server.DynamicLights/]: Calling addLightSource on entity ServerPlayer['MayEL1207'/9468, l='ServerLevel[world]', x=-40.23, y=77.00, z=-8.14], dimensionLocationPath the_nether
[11Jun2026 00:35:51.338] [Server thread/DEBUG] [atomicstryker.dynamiclights.server.DynamicLights/]: Cannot add Dynamic Light: Attachment Entity ServerPlayer['MayEL1207'/9468, l='ServerLevel[world]', x=-40.23, y=77.00, z=-8.14] is dead or in a banned dimension the_nether
[11Jun2026 00:35:51.438] [Server thread/DEBUG] [atomicstryker.dynamiclights.server.DynamicLights/]: Calling addLightSource on entity ServerPlayer['MayEL1207'/9468, l='ServerLevel[world]', x=-39.84, y=77.00, z=-8.21], dimensionLocationPath the_nether
[11Jun2026 00:35:51.439] [Server thread/DEBUG] [atomicstryker.dynamiclights.server.DynamicLights/]: Cannot add Dynamic Light: Attachment Entity ServerPlayer['MayEL1207'/9468, l='ServerLevel[world]', x=-39.84, y=77.00, z=-8.21] is dead or in a banned dimension the_nether
[11Jun2026 00:35:51.552] [Server thread/DEBUG] [atomicstryker.dynamiclights.server.DynamicLights/]: Calling addLightSource on entity ServerPlayer['MayEL1207'/9468, l='ServerLevel[world]', x=-39.44, y=77.00, z=-8.15], dimensionLocationPath the_nether
[11Jun2026 00:35:51.552] [Server thread/DEBUG] [atomicstryker.dynamiclights.server.DynamicLights/]: Cannot add Dynamic Light: Attachment Entity ServerPlayer['MayEL1207'/9468, l='ServerLevel[world]', x=-39.44, y=77.00, z=-8.15] is dead or in a banned dimension the_nether
[11Jun2026 00:35:51.642] [Server thread/DEBUG] [atomicstryker.dynamiclights.server.DynamicLights/]: Calling addLightSource on entity ServerPlayer['MayEL1207'/9468, l='ServerLevel[world]', x=-39.07, y=77.00, z=-8.00], dimensionLocationPath the_nether
[11Jun2026 00:35:51.642] [Server thread/DEBUG] [atomicstryker.dynamiclights.server.DynamicLights/]: Cannot add Dynamic Light: Attachment Entity ServerPlayer['MayEL1207'/9468, l='ServerLevel[world]', x=-39.07, y=77.00, z=-8.00] is dead or in a banned dimension the_nether
[11Jun2026 00:35:51.743] [Server thread/DEBUG] [atomicstryker.dynamiclights.server.DynamicLights/]: Calling addLightSource on entity ServerPlayer['MayEL1207'/9468, l='ServerLevel[world]', x=-38.65, y=77.00, z=-7.96], dimensionLocationPath the_nether
[11Jun2026 00:35:51.744] [Server thread/DEBUG] [atomicstryker.dynamiclights.server.DynamicLights/]: Cannot add Dynamic Light: Attachment Entity ServerPlayer['MayEL1207'/9468, l='ServerLevel[world]', x=-38.65, y=77.00, z=-7.96] is dead or in a banned dimension the_nether
[11Jun2026 00:35:51.843] [Server thread/DEBUG] [atomicstryker.dynamiclights.server.DynamicLights/]: Calling addLightSource on entity ServerPlayer['MayEL1207'/9468, l='ServerLevel[world]', x=-38.43, y=77.00, z=-7.95], dimensionLocationPath the_nether
[11Jun2026 00:35:51.843] [Server thread/DEBUG] [atomicstryker.dynamiclights.server.DynamicLights/]: Cannot add Dynamic Light: Attachment Entity ServerPlayer['MayEL1207'/9468, l='ServerLevel[world]', x=-38.43, y=77.00, z=-7.95] is dead or in a banned dimension the_nether
[11Jun2026 00:35:51.942] [Server thread/DEBUG] [atomicstryker.dynamiclights.server.DynamicLights/]: Calling addLightSource on entity ServerPlayer['MayEL1207'/9468, l='ServerLevel[world]', x=-38.30, y=77.84, z=-7.95], dimensionLocationPath the_nether
[11Jun2026 00:35:51.942] [Server thread/DEBUG] [atomicstryker.dynamiclights.server.DynamicLights/]: Cannot add Dynamic Light: Attachment Entity ServerPlayer['MayEL1207'/9468, l='ServerLevel[world]', x=-38.30, y=77.84, z=-7.95] is dead or in a banned dimension the_nether
[11Jun2026 00:35:52.044] [Server thread/DEBUG] [atomicstryker.dynamiclights.server.DynamicLights/]: Calling addLightSource on entity ServerPlayer['MayEL1207'/9468, l='ServerLevel[world]', x=-38.28, y=78.25, z=-7.95], dimensionLocationPath the_nether
[11Jun2026 00:35:52.044] [Server thread/DEBUG] [atomicstryker.dynamiclights.server.DynamicLights/]: Cannot add Dynamic Light: Attachment Entity ServerPlayer['MayEL1207'/9468, l='ServerLevel[world]', x=-38.28, y=78.25, z=-7.95] is dead or in a banned dimension the_nether
[11Jun2026 00:35:52.140] [Server thread/DEBUG] [atomicstryker.dynamiclights.server.DynamicLights/]: Calling addLightSource on entity ServerPlayer['MayEL1207'/9468, l='ServerLevel[world]', x=-38.22, y=78.58, z=-7.95], dimensionLocationPath the_nether
[11Jun2026 00:35:52.140] [Server thread/DEBUG] [atomicstryker.dynamiclights.server.DynamicLights/]: Cannot add Dynamic Light: Attachment Entity ServerPlayer['MayEL1207'/9468, l='ServerLevel[world]', x=-38.22, y=78.58, z=-7.95] is dead or in a banned dimension the_nether
[11Jun2026 00:35:52.241] [Server thread/DEBUG] [atomicstryker.dynamiclights.server.DynamicLights/]: Calling addLightSource on entity ServerPlayer['MayEL1207'/9468, l='ServerLevel[world]', x=-38.13, y=78.84, z=-7.95], dimensionLocationPath the_nether
[11Jun2026 00:35:52.241] [Server thread/DEBUG] [atomicstryker.dynamiclights.server.DynamicLights/]: Cannot add Dynamic Light: Attachment Entity ServerPlayer['MayEL1207'/9468, l='ServerLevel[world]', x=-38.13, y=78.84, z=-7.95] is dead or in a banned dimension the_nether
[11Jun2026 00:35:52.342] [Server thread/DEBUG] [atomicstryker.dynamiclights.server.DynamicLights/]: Calling addLightSource on entity ServerPlayer['MayEL1207'/9468, l='ServerLevel[world]', x=-37.98, y=78.77, z=-7.95], dimensionLocationPath the_nether
[11Jun2026 00:35:52.342] [Server thread/DEBUG] [atomicstryker.dynamiclights.server.DynamicLights/]: Cannot add Dynamic Light: Attachment Entity ServerPlayer['MayEL1207'/9468, l='ServerLevel[world]', x=-37.98, y=78.77, z=-7.95] is dead or in a banned dimension the_nether
[11Jun2026 00:35:52.441] [Server thread/DEBUG] [atomicstryker.dynamiclights.server.DynamicLights/]: Calling addLightSource on entity ServerPlayer['MayEL1207'/9468, l='ServerLevel[world]', x=-37.77, y=78.40, z=-7.95], dimensionLocationPath the_nether
[11Jun2026 00:35:52.441] [Server thread/DEBUG] [atomicstryker.dynamiclights.server.DynamicLights/]: Cannot add Dynamic Light: Attachment Entity ServerPlayer['MayEL1207'/9468, l='ServerLevel[world]', x=-37.77, y=78.40, z=-7.95] is dead or in a banned dimension the_nether
[11Jun2026 00:35:52.544] [Server thread/DEBUG] [atomicstryker.dynamiclights.server.DynamicLights/]: Calling addLightSource on entity ServerPlayer['MayEL1207'/9468, l='ServerLevel[world]', x=-37.53, y=78.00, z=-7.95], dimensionLocationPath the_nether
[11Jun2026 00:35:52.544] [Server thread/DEBUG] [atomicstryker.dynamiclights.server.DynamicLights/]: Cannot add Dynamic Light: Attachment Entity ServerPlayer['MayEL1207'/9468, l='ServerLevel[world]', x=-37.53, y=78.00, z=-7.95] is dead or in a banned dimension the_nether
[11Jun2026 00:35:52.641] [Server thread/DEBUG] [atomicstryker.dynamiclights.server.DynamicLights/]: Calling addLightSource on entity ServerPlayer['MayEL1207'/9468, l='ServerLevel[world]', x=-37.17, y=78.00, z=-7.96], dimensionLocationPath the_nether
[11Jun2026 00:35:52.641] [Server thread/DEBUG] [atomicstryker.dynamiclights.server.DynamicLights/]: Cannot add Dynamic Light: Attachment Entity ServerPlayer['MayEL1207'/9468, l='ServerLevel[world]', x=-37.17, y=78.00, z=-7.96] is dead or in a banned dimension the_nether
[11Jun2026 00:35:52.749] [Server thread/DEBUG] [atomicstryker.dynamiclights.server.DynamicLights/]: Calling addLightSource on entity ServerPlayer['MayEL1207'/9468, l='ServerLevel[world]', x=-36.76, y=78.00, z=-8.03], dimensionLocationPath the_nether
[11Jun2026 00:35:52.749] [Server thread/DEBUG] [atomicstryker.dynamiclights.server.DynamicLights/]: Cannot add Dynamic Light: Attachment Entity ServerPlayer['MayEL1207'/9468, l='ServerLevel[world]', x=-36.76, y=78.00, z=-8.03] is dead or in a banned dimension the_nether
[11Jun2026 00:35:52.850] [Server thread/DEBUG] [atomicstryker.dynamiclights.server.DynamicLights/]: Calling addLightSource on entity ServerPlayer['MayEL1207'/9468, l='ServerLevel[world]', x=-36.58, y=78.00, z=-8.14], dimensionLocationPath the_nether
[11Jun2026 00:35:52.850] [Server thread/DEBUG] [atomicstryker.dynamiclights.server.DynamicLights/]: Cannot add Dynamic Light: Attachment Entity ServerPlayer['MayEL1207'/9468, l='ServerLevel[world]', x=-36.58, y=78.00, z=-8.14] is dead or in a banned dimension the_nether
[11Jun2026 00:35:52.957] [Server thread/DEBUG] [atomicstryker.dynamiclights.server.DynamicLights/]: Calling addLightSource on entity ServerPlayer['MayEL1207'/9468, l='ServerLevel[world]', x=-36.11, y=78.00, z=-8.55], dimensionLocationPath the_nether
[11Jun2026 00:35:52.957] [Server thread/DEBUG] [atomicstryker.dynamiclights.server.DynamicLights/]: Cannot add Dynamic Light: Attachment Entity ServerPlayer['MayEL1207'/9468, l='ServerLevel[world]', x=-36.11, y=78.00, z=-8.55] is dead or in a banned dimension the_nether
[11Jun2026 00:35:53.040] [Server thread/DEBUG] [atomicstryker.dynamiclights.server.DynamicLights/]: Calling addLightSource on entity ServerPlayer['MayEL1207'/9468, l='ServerLevel[world]', x=-35.96, y=78.00, z=-8.71], dimensionLocationPath the_nether
[11Jun2026 00:35:53.040] [Server thread/DEBUG] [atomicstryker.dynamiclights.server.DynamicLights/]: Cannot add Dynamic Light: Attachment Entity ServerPlayer['MayEL1207'/9468, l='ServerLevel[world]', x=-35.96, y=78.00, z=-8.71] is dead or in a banned dimension the_nether
[11Jun2026 00:35:53.139] [Server thread/DEBUG] [atomicstryker.dynamiclights.server.DynamicLights/]: Calling addLightSource on entity ServerPlayer['MayEL1207'/9468, l='ServerLevel[world]', x=-35.70, y=78.00, z=-9.05], dimensionLocationPath the_nether
[11Jun2026 00:35:53.139] [Server thread/DEBUG] [atomicstryker.dynamiclights.server.DynamicLights/]: Cannot add Dynamic Light: Attachment Entity ServerPlayer['MayEL1207'/9468, l='ServerLevel[world]', x=-35.70, y=78.00, z=-9.05] is dead or in a banned dimension the_nether
[11Jun2026 00:35:53.240] [Server thread/DEBUG] [atomicstryker.dynamiclights.server.DynamicLights/]: Calling addLightSource on entity ServerPlayer['MayEL1207'/9468, l='ServerLevel[world]', x=-35.59, y=78.00, z=-9.27], dimensionLocationPath the_nether
[11Jun2026 00:35:53.240] [Server thread/DEBUG] [atomicstryker.dynamiclights.server.DynamicLights/]: Cannot add Dynamic Light: Attachment Entity ServerPlayer['MayEL1207'/9468, l='ServerLevel[world]', x=-35.59, y=78.00, z=-9.27] is dead or in a banned dimension the_nether
[11Jun2026 00:35:53.338] [Server thread/DEBUG] [atomicstryker.dynamiclights.server.DynamicLights/]: Calling addLightSource on entity ServerPlayer['MayEL1207'/9468, l='ServerLevel[world]', x=-35.42, y=78.00, z=-9.61], dimensionLocationPath the_nether
[11Jun2026 00:35:53.338] [Server thread/DEBUG] [atomicstryker.dynamiclights.server.DynamicLights/]: Cannot add Dynamic Light: Attachment Entity ServerPlayer['MayEL1207'/9468, l='ServerLevel[world]', x=-35.42, y=78.00, z=-9.61] is dead or in a banned dimension the_nether
[11Jun2026 00:35:53.440] [Server thread/DEBUG] [atomicstryker.dynamiclights.server.DynamicLights/]: Calling addLightSource on entity ServerPlayer['MayEL1207'/9468, l='ServerLevel[world]', x=-35.24, y=78.00, z=-9.98], dimensionLocationPath the_nether
[11Jun2026 00:35:53.440] [Server thread/DEBUG] [atomicstryker.dynamiclights.server.DynamicLights/]: Cannot add Dynamic Light: Attachment Entity ServerPlayer['MayEL1207'/9468, l='ServerLevel[world]', x=-35.24, y=78.00, z=-9.98] is dead or in a banned dimension the_nether
[11Jun2026 00:35:53.539] [Server thread/DEBUG] [atomicstryker.dynamiclights.server.DynamicLights/]: Calling addLightSource on entity ServerPlayer['MayEL1207'/9468, l='ServerLevel[world]', x=-35.05, y=78.00, z=-10.36], dimensionLocationPath the_nether
[11Jun2026 00:35:53.539] [Server thread/DEBUG] [atomicstryker.dynamiclights.server.DynamicLights/]: Cannot add Dynamic Light: Attachment Entity ServerPlayer['MayEL1207'/9468, l='ServerLevel[world]', x=-35.05, y=78.00, z=-10.36] is dead or in a banned dimension the_nether
[11Jun2026 00:35:53.642] [Server thread/DEBUG] [atomicstryker.dynamiclights.server.DynamicLights/]: Calling addLightSource on entity ServerPlayer['MayEL1207'/9468, l='ServerLevel[world]', x=-34.86, y=78.00, z=-10.75], dimensionLocationPath the_nether
[11Jun2026 00:35:53.642] [Server thread/DEBUG] [atomicstryker.dynamiclights.server.DynamicLights/]: Cannot add Dynamic Light: Attachment Entity ServerPlayer['MayEL1207'/9468, l='ServerLevel[world]', x=-34.86, y=78.00, z=-10.75] is dead or in a banned dimension the_nether
[11Jun2026 00:35:53.742] [Server thread/DEBUG] [atomicstryker.dynamiclights.server.DynamicLights/]: Calling addLightSource on entity ServerPlayer['MayEL1207'/9468, l='ServerLevel[world]', x=-34.67, y=78.00, z=-11.14], dimensionLocationPath the_nether
[11Jun2026 00:35:53.742] [Server thread/DEBUG] [atomicstryker.dynamiclights.server.DynamicLights/]: Cannot add Dynamic Light: Attachment Entity ServerPlayer['MayEL1207'/9468, l='ServerLevel[world]', x=-34.67, y=78.00, z=-11.14] is dead or in a banned dimension the_nether
[11Jun2026 00:35:53.837] [Server thread/DEBUG] [atomicstryker.dynamiclights.server.DynamicLights/]: Calling addLightSource on entity ServerPlayer['MayEL1207'/9468, l='ServerLevel[world]', x=-34.53, y=78.00, z=-11.54], dimensionLocationPath the_nether
[11Jun2026 00:35:53.837] [Server thread/DEBUG] [atomicstryker.dynamiclights.server.DynamicLights/]: Cannot add Dynamic Light: Attachment Entity ServerPlayer['MayEL1207'/9468, l='ServerLevel[world]', x=-34.53, y=78.00, z=-11.54] is dead or in a banned dimension the_nether
[11Jun2026 00:35:53.940] [Server thread/DEBUG] [atomicstryker.dynamiclights.server.DynamicLights/]: Calling addLightSource on entity ServerPlayer['MayEL1207'/9468, l='ServerLevel[world]', x=-34.53, y=78.00, z=-11.96], dimensionLocationPath the_nether
[11Jun2026 00:35:53.940] [Server thread/DEBUG] [atomicstryker.dynamiclights.server.DynamicLights/]: Cannot add Dynamic Light: Attachment Entity ServerPlayer['MayEL1207'/9468, l='ServerLevel[world]', x=-34.53, y=78.00, z=-11.96] is dead or in a banned dimension the_nether
[11Jun2026 00:35:54.040] [Server thread/DEBUG] [atomicstryker.dynamiclights.server.DynamicLights/]: Calling addLightSource on entity ServerPlayer['MayEL1207'/9468, l='ServerLevel[world]', x=-34.60, y=78.00, z=-12.38], dimensionLocationPath the_nether
[11Jun2026 00:35:54.040] [Server thread/DEBUG] [atomicstryker.dynamiclights.server.DynamicLights/]: Cannot add Dynamic Light: Attachment Entity ServerPlayer['MayEL1207'/9468, l='ServerLevel[world]', x=-34.60, y=78.00, z=-12.38] is dead or in a banned dimension the_nether
[11Jun2026 00:35:54.138] [Server thread/DEBUG] [atomicstryker.dynamiclights.server.DynamicLights/]: Calling addLightSource on entity ServerPlayer['MayEL1207'/9468, l='ServerLevel[world]', x=-34.69, y=78.00, z=-12.80], dimensionLocationPath the_nether
[11Jun2026 00:35:54.138] [Server thread/DEBUG] [atomicstryker.dynamiclights.server.DynamicLights/]: Cannot add Dynamic Light: Attachment Entity ServerPlayer['MayEL1207'/9468, l='ServerLevel[world]', x=-34.69, y=78.00, z=-12.80] is dead or in a banned dimension the_nether
[11Jun2026 00:35:54.237] [Server thread/DEBUG] [atomicstryker.dynamiclights.server.DynamicLights/]: Calling addLightSource on entity ServerPlayer['MayEL1207'/9468, l='ServerLevel[world]', x=-34.74, y=78.00, z=-13.05], dimensionLocationPath the_nether
[11Jun2026 00:35:54.238] [Server thread/DEBUG] [atomicstryker.dynamiclights.server.DynamicLights/]: Cannot add Dynamic Light: Attachment Entity ServerPlayer['MayEL1207'/9468, l='ServerLevel[world]', x=-34.74, y=78.00, z=-13.05] is dead or in a banned dimension the_nether
[11Jun2026 00:35:54.340] [Server thread/DEBUG] [atomicstryker.dynamiclights.server.DynamicLights/]: Calling addLightSource on entity ServerPlayer['MayEL1207'/9468, l='ServerLevel[world]', x=-34.83, y=78.00, z=-13.41], dimensionLocationPath the_nether
[11Jun2026 00:35:54.340] [Server thread/DEBUG] [atomicstryker.dynamiclights.server.DynamicLights/]: Cannot add Dynamic Light: Attachment Entity ServerPlayer['MayEL1207'/9468, l='ServerLevel[world]', x=-34.83, y=78.00, z=-13.41] is dead or in a banned dimension the_nether
[11Jun2026 00:35:54.439] [Server thread/DEBUG] [atomicstryker.dynamiclights.server.DynamicLights/]: Calling addLightSource on entity ServerPlayer['MayEL1207'/9468, l='ServerLevel[world]', x=-34.92, y=78.00, z=-13.82], dimensionLocationPath the_nether
[11Jun2026 00:35:54.439] [Server thread/DEBUG] [atomicstryker.dynamiclights.server.DynamicLights/]: Cannot add Dynamic Light: Attachment Entity ServerPlayer['MayEL1207'/9468, l='ServerLevel[world]', x=-34.92, y=78.00, z=-13.82] is dead or in a banned dimension the_nether
[11Jun2026 00:35:54.537] [Server thread/DEBUG] [atomicstryker.dynamiclights.server.DynamicLights/]: Calling addLightSource on entity ServerPlayer['MayEL1207'/9468, l='ServerLevel[world]', x=-35.05, y=78.00, z=-14.22], dimensionLocationPath the_nether
[11Jun2026 00:35:54.537] [Server thread/DEBUG] [atomicstryker.dynamiclights.server.DynamicLights/]: Cannot add Dynamic Light: Attachment Entity ServerPlayer['MayEL1207'/9468, l='ServerLevel[world]', x=-35.05, y=78.00, z=-14.22] is dead or in a banned dimension the_nether
[11Jun2026 00:35:54.648] [Server thread/DEBUG] [atomicstryker.dynamiclights.server.DynamicLights/]: Calling addLightSource on entity ServerPlayer['MayEL1207'/9468, l='ServerLevel[world]', x=-35.25, y=78.00, z=-14.60], dimensionLocationPath the_nether
[11Jun2026 00:35:54.648] [Server thread/DEBUG] [atomicstryker.dynamiclights.server.DynamicLights/]: Cannot add Dynamic Light: Attachment Entity ServerPlayer['MayEL1207'/9468, l='ServerLevel[world]', x=-35.25, y=78.00, z=-14.60] is dead or in a banned dimension the_nether
[11Jun2026 00:35:54.738] [Server thread/DEBUG] [atomicstryker.dynamiclights.server.DynamicLights/]: Calling addLightSource on entity ServerPlayer['MayEL1207'/9468, l='ServerLevel[world]', x=-35.47, y=78.00, z=-14.97], dimensionLocationPath the_nether
[11Jun2026 00:35:54.738] [Server thread/DEBUG] [atomicstryker.dynamiclights.server.DynamicLights/]: Cannot add Dynamic Light: Attachment Entity ServerPlayer['MayEL1207'/9468, l='ServerLevel[world]', x=-35.47, y=78.00, z=-14.97] is dead or in a banned dimension the_nether
[11Jun2026 00:35:54.838] [Server thread/DEBUG] [atomicstryker.dynamiclights.server.DynamicLights/]: Calling addLightSource on entity ServerPlayer['MayEL1207'/9468, l='ServerLevel[world]', x=-35.70, y=78.00, z=-15.34], dimensionLocationPath the_nether
[11Jun2026 00:35:54.838] [Server thread/DEBUG] [atomicstryker.dynamiclights.server.DynamicLights/]: Cannot add Dynamic Light: Attachment Entity ServerPlayer['MayEL1207'/9468, l='ServerLevel[world]', x=-35.70, y=78.00, z=-15.34] is dead or in a banned dimension the_nether
[11Jun2026 00:35:54.938] [Server thread/DEBUG] [atomicstryker.dynamiclights.server.DynamicLights/]: Calling addLightSource on entity ServerPlayer['MayEL1207'/9468, l='ServerLevel[world]', x=-35.92, y=78.00, z=-15.70], dimensionLocationPath the_nether
[11Jun2026 00:35:54.939] [Server thread/DEBUG] [atomicstryker.dynamiclights.server.DynamicLights/]: Cannot add Dynamic Light: Attachment Entity ServerPlayer['MayEL1207'/9468, l='ServerLevel[world]', x=-35.92, y=78.00, z=-15.70] is dead or in a banned dimension the_nether
[11Jun2026 00:35:55.045] [Server thread/DEBUG] [atomicstryker.dynamiclights.server.DynamicLights/]: Calling addLightSource on entity ServerPlayer['MayEL1207'/9468, l='ServerLevel[world]', x=-36.17, y=78.00, z=-16.06], dimensionLocationPath the_nether
[11Jun2026 00:35:55.045] [Server thread/DEBUG] [atomicstryker.dynamiclights.server.DynamicLights/]: Cannot add Dynamic Light: Attachment Entity ServerPlayer['MayEL1207'/9468, l='ServerLevel[world]', x=-36.17, y=78.00, z=-16.06] is dead or in a banned dimension the_nether
[11Jun2026 00:35:55.138] [Server thread/DEBUG] [atomicstryker.dynamiclights.server.DynamicLights/]: Calling addLightSource on entity ServerPlayer['MayEL1207'/9468, l='ServerLevel[world]', x=-36.46, y=78.00, z=-16.38], dimensionLocationPath the_nether
[11Jun2026 00:35:55.138] [Server thread/DEBUG] [atomicstryker.dynamiclights.server.DynamicLights/]: Cannot add Dynamic Light: Attachment Entity ServerPlayer['MayEL1207'/9468, l='ServerLevel[world]', x=-36.46, y=78.00, z=-16.38] is dead or in a banned dimension the_nether
[11Jun2026 00:35:55.239] [Server thread/DEBUG] [atomicstryker.dynamiclights.server.DynamicLights/]: Calling addLightSource on entity ServerPlayer['MayEL1207'/9468, l='ServerLevel[world]', x=-36.67, y=78.00, z=-16.61], dimensionLocationPath the_nether
[11Jun2026 00:35:55.239] [Server thread/DEBUG] [atomicstryker.dynamiclights.server.DynamicLights/]: Cannot add Dynamic Light: Attachment Entity ServerPlayer['MayEL1207'/9468, l='ServerLevel[world]', x=-36.67, y=78.00, z=-16.61] is dead or in a banned dimension the_nether
[11Jun2026 00:35:55.339] [Server thread/DEBUG] [atomicstryker.dynamiclights.server.DynamicLights/]: Calling addLightSource on entity ServerPlayer['MayEL1207'/9468, l='ServerLevel[world]', x=-36.91, y=78.00, z=-16.84], dimensionLocationPath the_nether
[11Jun2026 00:35:55.339] [Server thread/DEBUG] [atomicstryker.dynamiclights.server.DynamicLights/]: Cannot add Dynamic Light: Attachment Entity ServerPlayer['MayEL1207'/9468, l='ServerLevel[world]', x=-36.91, y=78.00, z=-16.84] is dead or in a banned dimension the_nether
[11Jun2026 00:35:55.438] [Server thread/DEBUG] [atomicstryker.dynamiclights.server.DynamicLights/]: Calling addLightSource on entity ServerPlayer['MayEL1207'/9468, l='ServerLevel[world]', x=-37.19, y=78.00, z=-17.13], dimensionLocationPath the_nether
[11Jun2026 00:35:55.438] [Server thread/DEBUG] [atomicstryker.dynamiclights.server.DynamicLights/]: Cannot add Dynamic Light: Attachment Entity ServerPlayer['MayEL1207'/9468, l='ServerLevel[world]', x=-37.19, y=78.00, z=-17.13] is dead or in a banned dimension the_nether
[11Jun2026 00:35:55.537] [Server thread/DEBUG] [atomicstryker.dynamiclights.server.DynamicLights/]: Calling addLightSource on entity ServerPlayer['MayEL1207'/9468, l='ServerLevel[world]', x=-37.49, y=77.77, z=-17.43], dimensionLocationPath the_nether
[11Jun2026 00:35:55.537] [Server thread/DEBUG] [atomicstryker.dynamiclights.server.DynamicLights/]: Cannot add Dynamic Light: Attachment Entity ServerPlayer['MayEL1207'/9468, l='ServerLevel[world]', x=-37.49, y=77.77, z=-17.43] is dead or in a banned dimension the_nether
[11Jun2026 00:35:55.642] [Server thread/DEBUG] [atomicstryker.dynamiclights.server.DynamicLights/]: Calling addLightSource on entity ServerPlayer['MayEL1207'/9468, l='ServerLevel[world]', x=-37.69, y=77.23, z=-17.63], dimensionLocationPath the_nether
[11Jun2026 00:35:55.642] [Server thread/DEBUG] [atomicstryker.dynamiclights.server.DynamicLights/]: Cannot add Dynamic Light: Attachment Entity ServerPlayer['MayEL1207'/9468, l='ServerLevel[world]', x=-37.69, y=77.23, z=-17.63] is dead or in a banned dimension the_nether
[11Jun2026 00:35:55.737] [Server thread/DEBUG] [atomicstryker.dynamiclights.server.DynamicLights/]: Calling addLightSource on entity ServerPlayer['MayEL1207'/9468, l='ServerLevel[world]', x=-37.91, y=77.00, z=-17.84], dimensionLocationPath the_nether
[11Jun2026 00:35:55.737] [Server thread/DEBUG] [atomicstryker.dynamiclights.server.DynamicLights/]: Cannot add Dynamic Light: Attachment Entity ServerPlayer['MayEL1207'/9468, l='ServerLevel[world]', x=-37.91, y=77.00, z=-17.84] is dead or in a banned dimension the_nether
[11Jun2026 00:35:55.838] [Server thread/DEBUG] [atomicstryker.dynamiclights.server.DynamicLights/]: Calling addLightSource on entity ServerPlayer['MayEL1207'/9468, l='ServerLevel[world]', x=-38.30, y=77.00, z=-17.94], dimensionLocationPath the_nether
[11Jun2026 00:35:55.838] [Server thread/DEBUG] [atomicstryker.dynamiclights.server.DynamicLights/]: Cannot add Dynamic Light: Attachment Entity ServerPlayer['MayEL1207'/9468, l='ServerLevel[world]', x=-38.30, y=77.00, z=-17.94] is dead or in a banned dimension the_nether
[11Jun2026 00:35:55.940] [Server thread/DEBUG] [atomicstryker.dynamiclights.server.DynamicLights/]: Calling addLightSource on entity ServerPlayer['MayEL1207'/9468, l='ServerLevel[world]', x=-38.64, y=77.00, z=-17.76], dimensionLocationPath the_nether
[11Jun2026 00:35:55.940] [Server thread/DEBUG] [atomicstryker.dynamiclights.server.DynamicLights/]: Cannot add Dynamic Light: Attachment Entity ServerPlayer['MayEL1207'/9468, l='ServerLevel[world]', x=-38.64, y=77.00, z=-17.76] is dead or in a banned dimension the_nether
[11Jun2026 00:35:56.046] [Server thread/DEBUG] [atomicstryker.dynamiclights.server.DynamicLights/]: Calling addLightSource on entity ServerPlayer['MayEL1207'/9468, l='ServerLevel[world]', x=-38.88, y=77.00, z=-17.56], dimensionLocationPath the_nether
[11Jun2026 00:35:56.046] [Server thread/DEBUG] [atomicstryker.dynamiclights.server.DynamicLights/]: Cannot add Dynamic Light: Attachment Entity ServerPlayer['MayEL1207'/9468, l='ServerLevel[world]', x=-38.88, y=77.00, z=-17.56] is dead or in a banned dimension the_nether
[11Jun2026 00:35:56.140] [Server thread/DEBUG] [atomicstryker.dynamiclights.server.DynamicLights/]: Calling addLightSource on entity ServerPlayer['MayEL1207'/9468, l='ServerLevel[world]', x=-38.95, y=77.00, z=-17.50], dimensionLocationPath the_nether
[11Jun2026 00:35:56.141] [Server thread/DEBUG] [atomicstryker.dynamiclights.server.DynamicLights/]: Cannot add Dynamic Light: Attachment Entity ServerPlayer['MayEL1207'/9468, l='ServerLevel[world]', x=-38.95, y=77.00, z=-17.50] is dead or in a banned dimension the_nether
[11Jun2026 00:35:56.236] [Server thread/DEBUG] [atomicstryker.dynamiclights.server.DynamicLights/]: Calling addLightSource on entity ServerPlayer['MayEL1207'/9468, l='ServerLevel[world]', x=-38.95, y=77.00, z=-17.50], dimensionLocationPath the_nether
[11Jun2026 00:35:56.236] [Server thread/DEBUG] [atomicstryker.dynamiclights.server.DynamicLights/]: Cannot add Dynamic Light: Attachment Entity ServerPlayer['MayEL1207'/9468, l='ServerLevel[world]', x=-38.95, y=77.00, z=-17.50] is dead or in a banned dimension the_nether
[11Jun2026 00:35:56.338] [Server thread/DEBUG] [atomicstryker.dynamiclights.server.DynamicLights/]: Calling addLightSource on entity ServerPlayer['MayEL1207'/9468, l='ServerLevel[world]', x=-38.95, y=77.00, z=-17.50], dimensionLocationPath the_nether
[11Jun2026 00:35:56.338] [Server thread/DEBUG] [atomicstryker.dynamiclights.server.DynamicLights/]: Cannot add Dynamic Light: Attachment Entity ServerPlayer['MayEL1207'/9468, l='ServerLevel[world]', x=-38.95, y=77.00, z=-17.50] is dead or in a banned dimension the_nether
[11Jun2026 00:35:56.438] [Server thread/DEBUG] [atomicstryker.dynamiclights.server.DynamicLights/]: Calling addLightSource on entity ServerPlayer['MayEL1207'/9468, l='ServerLevel[world]', x=-38.95, y=77.00, z=-17.50], dimensionLocationPath the_nether
[11Jun2026 00:35:56.438] [Server thread/DEBUG] [atomicstryker.dynamiclights.server.DynamicLights/]: Cannot add Dynamic Light: Attachment Entity ServerPlayer['MayEL1207'/9468, l='ServerLevel[world]', x=-38.95, y=77.00, z=-17.50] is dead or in a banned dimension the_nether
[11Jun2026 00:35:56.539] [Server thread/DEBUG] [atomicstryker.dynamiclights.server.DynamicLights/]: Calling addLightSource on entity ServerPlayer['MayEL1207'/9468, l='ServerLevel[world]', x=-38.95, y=77.00, z=-17.50], dimensionLocationPath the_nether
[11Jun2026 00:35:56.539] [Server thread/DEBUG] [atomicstryker.dynamiclights.server.DynamicLights/]: Cannot add Dynamic Light: Attachment Entity ServerPlayer['MayEL1207'/9468, l='ServerLevel[world]', x=-38.95, y=77.00, z=-17.50] is dead or in a banned dimension the_nether
[11Jun2026 00:35:56.680] [Server thread/DEBUG] [atomicstryker.dynamiclights.server.DynamicLights/]: Calling addLightSource on entity ServerPlayer['MayEL1207'/9468, l='ServerLevel[world]', x=-39.02, y=77.00, z=-17.57], dimensionLocationPath the_nether
[11Jun2026 00:35:56.680] [Server thread/DEBUG] [atomicstryker.dynamiclights.server.DynamicLights/]: Cannot add Dynamic Light: Attachment Entity ServerPlayer['MayEL1207'/9468, l='ServerLevel[world]', x=-39.02, y=77.00, z=-17.57] is dead or in a banned dimension the_nether
[11Jun2026 00:35:56.736] [Server thread/DEBUG] [atomicstryker.dynamiclights.server.DynamicLights/]: Calling addLightSource on entity ServerPlayer['MayEL1207'/9468, l='ServerLevel[world]', x=-39.28, y=77.00, z=-17.78], dimensionLocationPath the_nether
[11Jun2026 00:35:56.736] [Server thread/DEBUG] [atomicstryker.dynamiclights.server.DynamicLights/]: Cannot add Dynamic Light: Attachment Entity ServerPlayer['MayEL1207'/9468, l='ServerLevel[world]', x=-39.28, y=77.00, z=-17.78] is dead or in a banned dimension the_nether
[11Jun2026 00:35:56.838] [Server thread/DEBUG] [atomicstryker.dynamiclights.server.DynamicLights/]: Calling addLightSource on entity ServerPlayer['MayEL1207'/9468, l='ServerLevel[world]', x=-39.58, y=77.00, z=-18.05], dimensionLocationPath the_nether
[11Jun2026 00:35:56.838] [Server thread/DEBUG] [atomicstryker.dynamiclights.server.DynamicLights/]: Cannot add Dynamic Light: Attachment Entity ServerPlayer['MayEL1207'/9468, l='ServerLevel[world]', x=-39.58, y=77.00, z=-18.05] is dead or in a banned dimension the_nether
[11Jun2026 00:35:56.938] [Server thread/DEBUG] [atomicstryker.dynamiclights.server.DynamicLights/]: Calling addLightSource on entity ServerPlayer['MayEL1207'/9468, l='ServerLevel[world]', x=-39.90, y=77.00, z=-18.32], dimensionLocationPath the_nether
[11Jun2026 00:35:56.938] [Server thread/DEBUG] [atomicstryker.dynamiclights.server.DynamicLights/]: Cannot add Dynamic Light: Attachment Entity ServerPlayer['MayEL1207'/9468, l='ServerLevel[world]', x=-39.90, y=77.00, z=-18.32] is dead or in a banned dimension the_nether
[11Jun2026 00:35:57.046] [Server thread/DEBUG] [atomicstryker.dynamiclights.server.DynamicLights/]: Calling addLightSource on entity ServerPlayer['MayEL1207'/9468, l='ServerLevel[world]', x=-40.25, y=77.00, z=-18.36], dimensionLocationPath the_nether
[11Jun2026 00:35:57.047] [Server thread/DEBUG] [atomicstryker.dynamiclights.server.DynamicLights/]: Cannot add Dynamic Light: Attachment Entity ServerPlayer['MayEL1207'/9468, l='ServerLevel[world]', x=-40.25, y=77.00, z=-18.36] is dead or in a banned dimension the_nether
[11Jun2026 00:35:57.138] [Server thread/DEBUG] [atomicstryker.dynamiclights.server.DynamicLights/]: Calling addLightSource on entity ServerPlayer['MayEL1207'/9468, l='ServerLevel[world]', x=-40.56, y=76.77, z=-18.14], dimensionLocationPath the_nether
[11Jun2026 00:35:57.138] [Server thread/DEBUG] [atomicstryker.dynamiclights.server.DynamicLights/]: Cannot add Dynamic Light: Attachment Entity ServerPlayer['MayEL1207'/9468, l='ServerLevel[world]', x=-40.56, y=76.77, z=-18.14] is dead or in a banned dimension the_nether
[11Jun2026 00:35:57.237] [Server thread/DEBUG] [atomicstryker.dynamiclights.server.DynamicLights/]: Calling addLightSource on entity ServerPlayer['MayEL1207'/9468, l='ServerLevel[world]', x=-40.59, y=76.38, z=-18.10], dimensionLocationPath the_nether
[11Jun2026 00:35:57.237] [Server thread/DEBUG] [atomicstryker.dynamiclights.server.DynamicLights/]: Cannot add Dynamic Light: Attachment Entity ServerPlayer['MayEL1207'/9468, l='ServerLevel[world]', x=-40.59, y=76.38, z=-18.10] is dead or in a banned dimension the_nether
[11Jun2026 00:35:57.336] [Server thread/DEBUG] [atomicstryker.dynamiclights.server.DynamicLights/]: Calling addLightSource on entity ServerPlayer['MayEL1207'/9468, l='ServerLevel[world]', x=-40.67, y=76.00, z=-18.00], dimensionLocationPath the_nether
[11Jun2026 00:35:57.336] [Server thread/DEBUG] [atomicstryker.dynamiclights.server.DynamicLights/]: Cannot add Dynamic Light: Attachment Entity ServerPlayer['MayEL1207'/9468, l='ServerLevel[world]', x=-40.67, y=76.00, z=-18.00] is dead or in a banned dimension the_nether
[11Jun2026 00:35:57.437] [Server thread/DEBUG] [atomicstryker.dynamiclights.server.DynamicLights/]: Calling addLightSource on entity ServerPlayer['MayEL1207'/9468, l='ServerLevel[world]', x=-40.84, y=76.00, z=-17.81], dimensionLocationPath the_nether
[11Jun2026 00:35:57.438] [Server thread/DEBUG] [atomicstryker.dynamiclights.server.DynamicLights/]: Cannot add Dynamic Light: Attachment Entity ServerPlayer['MayEL1207'/9468, l='ServerLevel[world]', x=-40.84, y=76.00, z=-17.81] is dead or in a banned dimension the_nether
[11Jun2026 00:35:57.537] [Server thread/DEBUG] [atomicstryker.dynamiclights.server.DynamicLights/]: Calling addLightSource on entity ServerPlayer['MayEL1207'/9468, l='ServerLevel[world]', x=-41.10, y=76.00, z=-17.51], dimensionLocationPath the_nether
[11Jun2026 00:35:57.537] [Server thread/DEBUG] [atomicstryker.dynamiclights.server.DynamicLights/]: Cannot add Dynamic Light: Attachment Entity ServerPlayer['MayEL1207'/9468, l='ServerLevel[world]', x=-41.10, y=76.00, z=-17.51] is dead or in a banned dimension the_nether
[11Jun2026 00:35:57.637] [Server thread/DEBUG] [atomicstryker.dynamiclights.server.DynamicLights/]: Calling addLightSource on entity ServerPlayer['MayEL1207'/9468, l='ServerLevel[world]', x=-41.37, y=76.00, z=-17.20], dimensionLocationPath the_nether
[11Jun2026 00:35:57.637] [Server thread/DEBUG] [atomicstryker.dynamiclights.server.DynamicLights/]: Cannot add Dynamic Light: Attachment Entity ServerPlayer['MayEL1207'/9468, l='ServerLevel[world]', x=-41.37, y=76.00, z=-17.20] is dead or in a banned dimension the_nether
[11Jun2026 00:35:57.737] [Server thread/DEBUG] [atomicstryker.dynamiclights.server.DynamicLights/]: Calling addLightSource on entity ServerPlayer['MayEL1207'/9468, l='ServerLevel[world]', x=-41.66, y=76.00, z=-16.87], dimensionLocationPath the_nether
[11Jun2026 00:35:57.737] [Server thread/DEBUG] [atomicstryker.dynamiclights.server.DynamicLights/]: Cannot add Dynamic Light: Attachment Entity ServerPlayer['MayEL1207'/9468, l='ServerLevel[world]', x=-41.66, y=76.00, z=-16.87] is dead or in a banned dimension the_nether
[11Jun2026 00:35:57.838] [Server thread/DEBUG] [atomicstryker.dynamiclights.server.DynamicLights/]: Calling addLightSource on entity ServerPlayer['MayEL1207'/9468, l='ServerLevel[world]', x=-41.94, y=76.00, z=-16.55], dimensionLocationPath the_nether
[11Jun2026 00:35:57.838] [Server thread/DEBUG] [atomicstryker.dynamiclights.server.DynamicLights/]: Cannot add Dynamic Light: Attachment Entity ServerPlayer['MayEL1207'/9468, l='ServerLevel[world]', x=-41.94, y=76.00, z=-16.55] is dead or in a banned dimension the_nether
[11Jun2026 00:35:57.937] [Server thread/DEBUG] [atomicstryker.dynamiclights.server.DynamicLights/]: Calling addLightSource on entity ServerPlayer['MayEL1207'/9468, l='ServerLevel[world]', x=-42.22, y=76.00, z=-16.22], dimensionLocationPath the_nether
[11Jun2026 00:35:57.937] [Server thread/DEBUG] [atomicstryker.dynamiclights.server.DynamicLights/]: Cannot add Dynamic Light: Attachment Entity ServerPlayer['MayEL1207'/9468, l='ServerLevel[world]', x=-42.22, y=76.00, z=-16.22] is dead or in a banned dimension the_nether
[11Jun2026 00:35:58.039] [Server thread/DEBUG] [atomicstryker.dynamiclights.server.DynamicLights/]: Calling addLightSource on entity ServerPlayer['MayEL1207'/9468, l='ServerLevel[world]', x=-42.50, y=76.00, z=-15.89], dimensionLocationPath the_nether
[11Jun2026 00:35:58.039] [Server thread/DEBUG] [atomicstryker.dynamiclights.server.DynamicLights/]: Cannot add Dynamic Light: Attachment Entity ServerPlayer['MayEL1207'/9468, l='ServerLevel[world]', x=-42.50, y=76.00, z=-15.89] is dead or in a banned dimension the_nether
[11Jun2026 00:35:58.137] [Server thread/DEBUG] [atomicstryker.dynamiclights.server.DynamicLights/]: Calling addLightSource on entity ServerPlayer['MayEL1207'/9468, l='ServerLevel[world]', x=-42.79, y=76.00, z=-15.57], dimensionLocationPath the_nether
[11Jun2026 00:35:58.137] [Server thread/DEBUG] [atomicstryker.dynamiclights.server.DynamicLights/]: Cannot add Dynamic Light: Attachment Entity ServerPlayer['MayEL1207'/9468, l='ServerLevel[world]', x=-42.79, y=76.00, z=-15.57] is dead or in a banned dimension the_nether
[11Jun2026 00:35:58.238] [Server thread/DEBUG] [atomicstryker.dynamiclights.server.DynamicLights/]: Calling addLightSource on entity ServerPlayer['MayEL1207'/9468, l='ServerLevel[world]', x=-42.95, y=76.00, z=-15.38], dimensionLocationPath the_nether
[11Jun2026 00:35:58.239] [Server thread/DEBUG] [atomicstryker.dynamiclights.server.DynamicLights/]: Cannot add Dynamic Light: Attachment Entity ServerPlayer['MayEL1207'/9468, l='ServerLevel[world]', x=-42.95, y=76.00, z=-15.38] is dead or in a banned dimension the_nether
[11Jun2026 00:35:58.339] [Server thread/DEBUG] [atomicstryker.dynamiclights.server.DynamicLights/]: Calling addLightSource on entity ServerPlayer['MayEL1207'/9468, l='ServerLevel[world]', x=-43.19, y=76.00, z=-15.30], dimensionLocationPath the_nether
[11Jun2026 00:35:58.339] [Server thread/DEBUG] [atomicstryker.dynamiclights.server.DynamicLights/]: Cannot add Dynamic Light: Attachment Entity ServerPlayer['MayEL1207'/9468, l='ServerLevel[world]', x=-43.19, y=76.00, z=-15.30] is dead or in a banned dimension the_nether
[11Jun2026 00:35:58.438] [Server thread/DEBUG] [atomicstryker.dynamiclights.server.DynamicLights/]: Calling addLightSource on entity ServerPlayer['MayEL1207'/9468, l='ServerLevel[world]', x=-43.37, y=76.00, z=-15.30], dimensionLocationPath the_nether
[11Jun2026 00:35:58.438] [Server thread/DEBUG] [atomicstryker.dynamiclights.server.DynamicLights/]: Cannot add Dynamic Light: Attachment Entity ServerPlayer['MayEL1207'/9468, l='ServerLevel[world]', x=-43.37, y=76.00, z=-15.30] is dead or in a banned dimension the_nether
[11Jun2026 00:35:58.537] [Server thread/DEBUG] [atomicstryker.dynamiclights.server.DynamicLights/]: Calling addLightSource on entity ServerPlayer['MayEL1207'/9468, l='ServerLevel[world]', x=-43.48, y=76.00, z=-15.06], dimensionLocationPath the_nether
[11Jun2026 00:35:58.538] [Server thread/DEBUG] [atomicstryker.dynamiclights.server.DynamicLights/]: Cannot add Dynamic Light: Attachment Entity ServerPlayer['MayEL1207'/9468, l='ServerLevel[world]', x=-43.48, y=76.00, z=-15.06] is dead or in a banned dimension the_nether
[11Jun2026 00:35:58.637] [Server thread/DEBUG] [atomicstryker.dynamiclights.server.DynamicLights/]: Calling addLightSource on entity ServerPlayer['MayEL1207'/9468, l='ServerLevel[world]', x=-43.58, y=76.00, z=-14.69], dimensionLocationPath the_nether
[11Jun2026 00:35:58.637] [Server thread/DEBUG] [atomicstryker.dynamiclights.server.DynamicLights/]: Cannot add Dynamic Light: Attachment Entity ServerPlayer['MayEL1207'/9468, l='ServerLevel[world]', x=-43.58, y=76.00, z=-14.69] is dead or in a banned dimension the_nether
[11Jun2026 00:35:58.736] [Server thread/DEBUG] [atomicstryker.dynamiclights.server.DynamicLights/]: Calling addLightSource on entity ServerPlayer['MayEL1207'/9468, l='ServerLevel[world]', x=-43.65, y=76.00, z=-14.28], dimensionLocationPath the_nether
[11Jun2026 00:35:58.736] [Server thread/DEBUG] [atomicstryker.dynamiclights.server.DynamicLights/]: Cannot add Dynamic Light: Attachment Entity ServerPlayer['MayEL1207'/9468, l='ServerLevel[world]', x=-43.65, y=76.00, z=-14.28] is dead or in a banned dimension the_nether
[11Jun2026 00:35:58.837] [Server thread/DEBUG] [atomicstryker.dynamiclights.server.DynamicLights/]: Calling addLightSource on entity ServerPlayer['MayEL1207'/9468, l='ServerLevel[world]', x=-43.71, y=76.00, z=-13.92], dimensionLocationPath the_nether
[11Jun2026 00:35:58.837] [Server thread/DEBUG] [atomicstryker.dynamiclights.server.DynamicLights/]: Cannot add Dynamic Light: Attachment Entity ServerPlayer['MayEL1207'/9468, l='ServerLevel[world]', x=-43.71, y=76.00, z=-13.92] is dead or in a banned dimension the_nether
[11Jun2026 00:35:58.938] [Server thread/DEBUG] [atomicstryker.dynamiclights.server.DynamicLights/]: Calling addLightSource on entity ServerPlayer['MayEL1207'/9468, l='ServerLevel[world]', x=-43.74, y=76.00, z=-13.73], dimensionLocationPath the_nether
[11Jun2026 00:35:58.938] [Server thread/DEBUG] [atomicstryker.dynamiclights.server.DynamicLights/]: Cannot add Dynamic Light: Attachment Entity ServerPlayer['MayEL1207'/9468, l='ServerLevel[world]', x=-43.74, y=76.00, z=-13.73] is dead or in a banned dimension the_nether
[11Jun2026 00:35:59.038] [Server thread/DEBUG] [atomicstryker.dynamiclights.server.DynamicLights/]: Calling addLightSource on entity ServerPlayer['MayEL1207'/9468, l='ServerLevel[world]', x=-43.76, y=76.00, z=-13.58], dimensionLocationPath the_nether
[11Jun2026 00:35:59.038] [Server thread/DEBUG] [atomicstryker.dynamiclights.server.DynamicLights/]: Cannot add Dynamic Light: Attachment Entity ServerPlayer['MayEL1207'/9468, l='ServerLevel[world]', x=-43.76, y=76.00, z=-13.58] is dead or in a banned dimension the_nether
[11Jun2026 00:35:59.146] [Server thread/DEBUG] [atomicstryker.dynamiclights.server.DynamicLights/]: Calling addLightSource on entity ServerPlayer['MayEL1207'/9468, l='ServerLevel[world]', x=-43.77, y=76.00, z=-13.44], dimensionLocationPath the_nether
[11Jun2026 00:35:59.146] [Server thread/DEBUG] [atomicstryker.dynamiclights.server.DynamicLights/]: Cannot add Dynamic Light: Attachment Entity ServerPlayer['MayEL1207'/9468, l='ServerLevel[world]', x=-43.77, y=76.00, z=-13.44] is dead or in a banned dimension the_nether
[11Jun2026 00:35:59.238] [Server thread/DEBUG] [atomicstryker.dynamiclights.server.DynamicLights/]: Calling addLightSource on entity ServerPlayer['MayEL1207'/9468, l='ServerLevel[world]', x=-43.79, y=76.00, z=-13.30], dimensionLocationPath the_nether
[11Jun2026 00:35:59.238] [Server thread/DEBUG] [atomicstryker.dynamiclights.server.DynamicLights/]: Cannot add Dynamic Light: Attachment Entity ServerPlayer['MayEL1207'/9468, l='ServerLevel[world]', x=-43.79, y=76.00, z=-13.30] is dead or in a banned dimension the_nether
[11Jun2026 00:35:59.338] [Server thread/DEBUG] [atomicstryker.dynamiclights.server.DynamicLights/]: Calling addLightSource on entity ServerPlayer['MayEL1207'/9468, l='ServerLevel[world]', x=-43.83, y=76.00, z=-12.96], dimensionLocationPath the_nether
[11Jun2026 00:35:59.338] [Server thread/DEBUG] [atomicstryker.dynamiclights.server.DynamicLights/]: Cannot add Dynamic Light: Attachment Entity ServerPlayer['MayEL1207'/9468, l='ServerLevel[world]', x=-43.83, y=76.00, z=-12.96] is dead or in a banned dimension the_nether
[11Jun2026 00:35:59.438] [Server thread/DEBUG] [atomicstryker.dynamiclights.server.DynamicLights/]: Calling addLightSource on entity ServerPlayer['MayEL1207'/9468, l='ServerLevel[world]', x=-43.88, y=76.00, z=-12.55], dimensionLocationPath the_nether
[11Jun2026 00:35:59.438] [Server thread/DEBUG] [atomicstryker.dynamiclights.server.DynamicLights/]: Cannot add Dynamic Light: Attachment Entity ServerPlayer['MayEL1207'/9468, l='ServerLevel[world]', x=-43.88, y=76.00, z=-12.55] is dead or in a banned dimension the_nether
[11Jun2026 00:35:59.537] [Server thread/DEBUG] [atomicstryker.dynamiclights.server.DynamicLights/]: Calling addLightSource on entity ServerPlayer['MayEL1207'/9468, l='ServerLevel[world]', x=-43.93, y=76.00, z=-12.13], dimensionLocationPath the_nether
[11Jun2026 00:35:59.537] [Server thread/DEBUG] [atomicstryker.dynamiclights.server.DynamicLights/]: Cannot add Dynamic Light: Attachment Entity ServerPlayer['MayEL1207'/9468, l='ServerLevel[world]', x=-43.93, y=76.00, z=-12.13] is dead or in a banned dimension the_nether
[11Jun2026 00:35:59.637] [Server thread/DEBUG] [atomicstryker.dynamiclights.server.DynamicLights/]: Calling addLightSource on entity ServerPlayer['MayEL1207'/9468, l='ServerLevel[world]', x=-43.98, y=76.00, z=-11.71], dimensionLocationPath the_nether
[11Jun2026 00:35:59.637] [Server thread/DEBUG] [atomicstryker.dynamiclights.server.DynamicLights/]: Cannot add Dynamic Light: Attachment Entity ServerPlayer['MayEL1207'/9468, l='ServerLevel[world]', x=-43.98, y=76.00, z=-11.71] is dead or in a banned dimension the_nether
[11Jun2026 00:35:59.738] [Server thread/DEBUG] [atomicstryker.dynamiclights.server.DynamicLights/]: Calling addLightSource on entity ServerPlayer['MayEL1207'/9468, l='ServerLevel[world]', x=-44.02, y=76.00, z=-11.28], dimensionLocationPath the_nether
[11Jun2026 00:35:59.738] [Server thread/DEBUG] [atomicstryker.dynamiclights.server.DynamicLights/]: Cannot add Dynamic Light: Attachment Entity ServerPlayer['MayEL1207'/9468, l='ServerLevel[world]', x=-44.02, y=76.00, z=-11.28] is dead or in a banned dimension the_nether
[11Jun2026 00:35:59.837] [Server thread/DEBUG] [atomicstryker.dynamiclights.server.DynamicLights/]: Calling addLightSource on entity ServerPlayer['MayEL1207'/9468, l='ServerLevel[world]', x=-44.03, y=76.00, z=-10.85], dimensionLocationPath the_nether
[11Jun2026 00:35:59.837] [Server thread/DEBUG] [atomicstryker.dynamiclights.server.DynamicLights/]: Cannot add Dynamic Light: Attachment Entity ServerPlayer['MayEL1207'/9468, l='ServerLevel[world]', x=-44.03, y=76.00, z=-10.85] is dead or in a banned dimension the_nether
[11Jun2026 00:35:59.937] [Server thread/DEBUG] [atomicstryker.dynamiclights.server.DynamicLights/]: Calling addLightSource on entity ServerPlayer['MayEL1207'/9468, l='ServerLevel[world]', x=-43.98, y=76.00, z=-10.42], dimensionLocationPath the_nether
[11Jun2026 00:35:59.937] [Server thread/DEBUG] [atomicstryker.dynamiclights.server.DynamicLights/]: Cannot add Dynamic Light: Attachment Entity ServerPlayer['MayEL1207'/9468, l='ServerLevel[world]', x=-43.98, y=76.00, z=-10.42] is dead or in a banned dimension the_nether
[11Jun2026 00:36:00.037] [Server thread/DEBUG] [atomicstryker.dynamiclights.server.DynamicLights/]: Calling addLightSource on entity ServerPlayer['MayEL1207'/9468, l='ServerLevel[world]', x=-43.88, y=76.00, z=-10.01], dimensionLocationPath the_nether
[11Jun2026 00:36:00.037] [Server thread/DEBUG] [atomicstryker.dynamiclights.server.DynamicLights/]: Cannot add Dynamic Light: Attachment Entity ServerPlayer['MayEL1207'/9468, l='ServerLevel[world]', x=-43.88, y=76.00, z=-10.01] is dead or in a banned dimension the_nether
[11Jun2026 00:36:00.138] [Server thread/DEBUG] [atomicstryker.dynamiclights.server.DynamicLights/]: Calling addLightSource on entity ServerPlayer['MayEL1207'/9468, l='ServerLevel[world]', x=-43.75, y=76.00, z=-9.59], dimensionLocationPath the_nether
[11Jun2026 00:36:00.138] [Server thread/DEBUG] [atomicstryker.dynamiclights.server.DynamicLights/]: Cannot add Dynamic Light: Attachment Entity ServerPlayer['MayEL1207'/9468, l='ServerLevel[world]', x=-43.75, y=76.00, z=-9.59] is dead or in a banned dimension the_nether
[11Jun2026 00:36:00.237] [Server thread/DEBUG] [atomicstryker.dynamiclights.server.DynamicLights/]: Calling addLightSource on entity ServerPlayer['MayEL1207'/9468, l='ServerLevel[world]', x=-43.68, y=76.00, z=-9.35], dimensionLocationPath the_nether
[11Jun2026 00:36:00.237] [Server thread/DEBUG] [atomicstryker.dynamiclights.server.DynamicLights/]: Cannot add Dynamic Light: Attachment Entity ServerPlayer['MayEL1207'/9468, l='ServerLevel[world]', x=-43.68, y=76.00, z=-9.35] is dead or in a banned dimension the_nether
[11Jun2026 00:36:00.337] [Server thread/DEBUG] [atomicstryker.dynamiclights.server.DynamicLights/]: Calling addLightSource on entity ServerPlayer['MayEL1207'/9468, l='ServerLevel[world]', x=-43.60, y=76.00, z=-8.99], dimensionLocationPath the_nether
[11Jun2026 00:36:00.337] [Server thread/DEBUG] [atomicstryker.dynamiclights.server.DynamicLights/]: Cannot add Dynamic Light: Attachment Entity ServerPlayer['MayEL1207'/9468, l='ServerLevel[world]', x=-43.60, y=76.00, z=-8.99] is dead or in a banned dimension the_nether
[11Jun2026 00:36:00.453] [Server thread/DEBUG] [atomicstryker.dynamiclights.server.DynamicLights/]: Calling addLightSource on entity ServerPlayer['MayEL1207'/9468, l='ServerLevel[world]', x=-43.54, y=76.00, z=-8.58], dimensionLocationPath the_nether
[11Jun2026 00:36:00.453] [Server thread/DEBUG] [atomicstryker.dynamiclights.server.DynamicLights/]: Cannot add Dynamic Light: Attachment Entity ServerPlayer['MayEL1207'/9468, l='ServerLevel[world]', x=-43.54, y=76.00, z=-8.58] is dead or in a banned dimension the_nether
[11Jun2026 00:36:00.537] [Server thread/DEBUG] [atomicstryker.dynamiclights.server.DynamicLights/]: Calling addLightSource on entity ServerPlayer['MayEL1207'/9468, l='ServerLevel[world]', x=-43.50, y=76.00, z=-8.15], dimensionLocationPath the_nether
[11Jun2026 00:36:00.538] [Server thread/DEBUG] [atomicstryker.dynamiclights.server.DynamicLights/]: Cannot add Dynamic Light: Attachment Entity ServerPlayer['MayEL1207'/9468, l='ServerLevel[world]', x=-43.50, y=76.00, z=-8.15] is dead or in a banned dimension the_nether
[11Jun2026 00:36:00.636] [Server thread/DEBUG] [atomicstryker.dynamiclights.server.DynamicLights/]: Calling addLightSource on entity ServerPlayer['MayEL1207'/9468, l='ServerLevel[world]', x=-43.47, y=76.00, z=-7.72], dimensionLocationPath the_nether
[11Jun2026 00:36:00.636] [Server thread/DEBUG] [atomicstryker.dynamiclights.server.DynamicLights/]: Cannot add Dynamic Light: Attachment Entity ServerPlayer['MayEL1207'/9468, l='ServerLevel[world]', x=-43.47, y=76.00, z=-7.72] is dead or in a banned dimension the_nether
[11Jun2026 00:36:00.738] [Server thread/DEBUG] [atomicstryker.dynamiclights.server.DynamicLights/]: Calling addLightSource on entity ServerPlayer['MayEL1207'/9468, l='ServerLevel[world]', x=-43.45, y=76.00, z=-7.29], dimensionLocationPath the_nether
[11Jun2026 00:36:00.738] [Server thread/DEBUG] [atomicstryker.dynamiclights.server.DynamicLights/]: Cannot add Dynamic Light: Attachment Entity ServerPlayer['MayEL1207'/9468, l='ServerLevel[world]', x=-43.45, y=76.00, z=-7.29] is dead or in a banned dimension the_nether
[11Jun2026 00:36:00.837] [Server thread/DEBUG] [atomicstryker.dynamiclights.server.DynamicLights/]: Calling addLightSource on entity ServerPlayer['MayEL1207'/9468, l='ServerLevel[world]', x=-43.46, y=76.00, z=-6.96], dimensionLocationPath the_nether
[11Jun2026 00:36:00.837] [Server thread/DEBUG] [atomicstryker.dynamiclights.server.DynamicLights/]: Cannot add Dynamic Light: Attachment Entity ServerPlayer['MayEL1207'/9468, l='ServerLevel[world]', x=-43.46, y=76.00, z=-6.96] is dead or in a banned dimension the_nether
[11Jun2026 00:36:00.938] [Server thread/DEBUG] [atomicstryker.dynamiclights.server.DynamicLights/]: Calling addLightSource on entity ServerPlayer['MayEL1207'/9468, l='ServerLevel[world]', x=-43.46, y=76.00, z=-6.86], dimensionLocationPath the_nether
[11Jun2026 00:36:00.938] [Server thread/DEBUG] [atomicstryker.dynamiclights.server.DynamicLights/]: Cannot add Dynamic Light: Attachment Entity ServerPlayer['MayEL1207'/9468, l='ServerLevel[world]', x=-43.46, y=76.00, z=-6.86] is dead or in a banned dimension the_nether
[11Jun2026 00:36:01.038] [Server thread/DEBUG] [atomicstryker.dynamiclights.server.DynamicLights/]: Calling addLightSource on entity ServerPlayer['MayEL1207'/9468, l='ServerLevel[world]', x=-43.46, y=76.00, z=-6.83], dimensionLocationPath the_nether
[11Jun2026 00:36:01.038] [Server thread/DEBUG] [atomicstryker.dynamiclights.server.DynamicLights/]: Cannot add Dynamic Light: Attachment Entity ServerPlayer['MayEL1207'/9468, l='ServerLevel[world]', x=-43.46, y=76.00, z=-6.83] is dead or in a banned dimension the_nether
[11Jun2026 00:36:01.145] [Server thread/DEBUG] [atomicstryker.dynamiclights.server.DynamicLights/]: Calling addLightSource on entity ServerPlayer['MayEL1207'/9468, l='ServerLevel[world]', x=-43.46, y=76.00, z=-6.82], dimensionLocationPath the_nether
[11Jun2026 00:36:01.145] [Server thread/DEBUG] [atomicstryker.dynamiclights.server.DynamicLights/]: Cannot add Dynamic Light: Attachment Entity ServerPlayer['MayEL1207'/9468, l='ServerLevel[world]', x=-43.46, y=76.00, z=-6.82] is dead or in a banned dimension the_nether
[11Jun2026 00:36:01.239] [Server thread/DEBUG] [atomicstryker.dynamiclights.server.DynamicLights/]: Calling addLightSource on entity ServerPlayer['MayEL1207'/9468, l='ServerLevel[world]', x=-43.46, y=76.00, z=-6.82], dimensionLocationPath the_nether
[11Jun2026 00:36:01.239] [Server thread/DEBUG] [atomicstryker.dynamiclights.server.DynamicLights/]: Cannot add Dynamic Light: Attachment Entity ServerPlayer['MayEL1207'/9468, l='ServerLevel[world]', x=-43.46, y=76.00, z=-6.82] is dead or in a banned dimension the_nether
[11Jun2026 00:36:01.339] [Server thread/DEBUG] [atomicstryker.dynamiclights.server.DynamicLights/]: Calling addLightSource on entity ServerPlayer['MayEL1207'/9468, l='ServerLevel[world]', x=-43.52, y=76.00, z=-6.74], dimensionLocationPath the_nether
[11Jun2026 00:36:01.339] [Server thread/DEBUG] [atomicstryker.dynamiclights.server.DynamicLights/]: Cannot add Dynamic Light: Attachment Entity ServerPlayer['MayEL1207'/9468, l='ServerLevel[world]', x=-43.52, y=76.00, z=-6.74] is dead or in a banned dimension the_nether
[11Jun2026 00:36:01.438] [Server thread/DEBUG] [atomicstryker.dynamiclights.server.DynamicLights/]: Calling addLightSource on entity ServerPlayer['MayEL1207'/9468, l='ServerLevel[world]', x=-43.70, y=76.00, z=-6.46], dimensionLocationPath the_nether
[11Jun2026 00:36:01.438] [Server thread/DEBUG] [atomicstryker.dynamiclights.server.DynamicLights/]: Cannot add Dynamic Light: Attachment Entity ServerPlayer['MayEL1207'/9468, l='ServerLevel[world]', x=-43.70, y=76.00, z=-6.46] is dead or in a banned dimension the_nether
[11Jun2026 00:36:01.549] [Server thread/DEBUG] [atomicstryker.dynamiclights.server.DynamicLights/]: Calling addLightSource on entity ServerPlayer['MayEL1207'/9468, l='ServerLevel[world]', x=-43.89, y=76.00, z=-6.11], dimensionLocationPath the_nether
[11Jun2026 00:36:01.549] [Server thread/DEBUG] [atomicstryker.dynamiclights.server.DynamicLights/]: Cannot add Dynamic Light: Attachment Entity ServerPlayer['MayEL1207'/9468, l='ServerLevel[world]', x=-43.89, y=76.00, z=-6.11] is dead or in a banned dimension the_nether
[11Jun2026 00:36:01.638] [Server thread/DEBUG] [atomicstryker.dynamiclights.server.DynamicLights/]: Calling addLightSource on entity ServerPlayer['MayEL1207'/9468, l='ServerLevel[world]', x=-44.09, y=76.00, z=-5.74], dimensionLocationPath the_nether
[11Jun2026 00:36:01.638] [Server thread/DEBUG] [atomicstryker.dynamiclights.server.DynamicLights/]: Cannot add Dynamic Light: Attachment Entity ServerPlayer['MayEL1207'/9468, l='ServerLevel[world]', x=-44.09, y=76.00, z=-5.74] is dead or in a banned dimension the_nether
[11Jun2026 00:36:01.738] [Server thread/DEBUG] [atomicstryker.dynamiclights.server.DynamicLights/]: Calling addLightSource on entity ServerPlayer['MayEL1207'/9468, l='ServerLevel[world]', x=-44.31, y=76.00, z=-5.37], dimensionLocationPath the_nether
[11Jun2026 00:36:01.738] [Server thread/DEBUG] [atomicstryker.dynamiclights.server.DynamicLights/]: Cannot add Dynamic Light: Attachment Entity ServerPlayer['MayEL1207'/9468, l='ServerLevel[world]', x=-44.31, y=76.00, z=-5.37] is dead or in a banned dimension the_nether
[11Jun2026 00:36:01.837] [Server thread/DEBUG] [atomicstryker.dynamiclights.server.DynamicLights/]: Calling addLightSource on entity ServerPlayer['MayEL1207'/9468, l='ServerLevel[world]', x=-44.53, y=76.00, z=-5.00], dimensionLocationPath the_nether
[11Jun2026 00:36:01.837] [Server thread/DEBUG] [atomicstryker.dynamiclights.server.DynamicLights/]: Cannot add Dynamic Light: Attachment Entity ServerPlayer['MayEL1207'/9468, l='ServerLevel[world]', x=-44.53, y=76.00, z=-5.00] is dead or in a banned dimension the_nether
[11Jun2026 00:36:01.937] [Server thread/DEBUG] [atomicstryker.dynamiclights.server.DynamicLights/]: Calling addLightSource on entity ServerPlayer['MayEL1207'/9468, l='ServerLevel[world]', x=-44.79, y=76.00, z=-4.65], dimensionLocationPath the_nether
[11Jun2026 00:36:01.937] [Server thread/DEBUG] [atomicstryker.dynamiclights.server.DynamicLights/]: Cannot add Dynamic Light: Attachment Entity ServerPlayer['MayEL1207'/9468, l='ServerLevel[world]', x=-44.79, y=76.00, z=-4.65] is dead or in a banned dimension the_nether
[11Jun2026 00:36:02.039] [Server thread/DEBUG] [atomicstryker.dynamiclights.server.DynamicLights/]: Calling addLightSource on entity ServerPlayer['MayEL1207'/9468, l='ServerLevel[world]', x=-45.10, y=76.00, z=-4.36], dimensionLocationPath the_nether
[11Jun2026 00:36:02.039] [Server thread/DEBUG] [atomicstryker.dynamiclights.server.DynamicLights/]: Cannot add Dynamic Light: Attachment Entity ServerPlayer['MayEL1207'/9468, l='ServerLevel[world]', x=-45.10, y=76.00, z=-4.36] is dead or in a banned dimension the_nether
[11Jun2026 00:36:02.138] [Server thread/DEBUG] [atomicstryker.dynamiclights.server.DynamicLights/]: Calling addLightSource on entity ServerPlayer['MayEL1207'/9468, l='ServerLevel[world]', x=-45.48, y=76.00, z=-4.19], dimensionLocationPath the_nether
[11Jun2026 00:36:02.138] [Server thread/DEBUG] [atomicstryker.dynamiclights.server.DynamicLights/]: Cannot add Dynamic Light: Attachment Entity ServerPlayer['MayEL1207'/9468, l='ServerLevel[world]', x=-45.48, y=76.00, z=-4.19] is dead or in a banned dimension the_nether
[11Jun2026 00:36:02.236] [Server thread/DEBUG] [atomicstryker.dynamiclights.server.DynamicLights/]: Calling addLightSource on entity ServerPlayer['MayEL1207'/9468, l='ServerLevel[world]', x=-45.73, y=76.00, z=-4.22], dimensionLocationPath the_nether
[11Jun2026 00:36:02.237] [Server thread/DEBUG] [atomicstryker.dynamiclights.server.DynamicLights/]: Cannot add Dynamic Light: Attachment Entity ServerPlayer['MayEL1207'/9468, l='ServerLevel[world]', x=-45.73, y=76.00, z=-4.22] is dead or in a banned dimension the_nether
[11Jun2026 00:36:02.337] [Server thread/DEBUG] [atomicstryker.dynamiclights.server.DynamicLights/]: Calling addLightSource on entity ServerPlayer['MayEL1207'/9468, l='ServerLevel[world]', x=-46.00, y=76.00, z=-4.28], dimensionLocationPath the_nether
[11Jun2026 00:36:02.337] [Server thread/DEBUG] [atomicstryker.dynamiclights.server.DynamicLights/]: Cannot add Dynamic Light: Attachment Entity ServerPlayer['MayEL1207'/9468, l='ServerLevel[world]', x=-46.00, y=76.00, z=-4.28] is dead or in a banned dimension the_nether
[11Jun2026 00:36:02.438] [Server thread/DEBUG] [atomicstryker.dynamiclights.server.DynamicLights/]: Calling addLightSource on entity ServerPlayer['MayEL1207'/9468, l='ServerLevel[world]', x=-46.08, y=76.00, z=-4.30], dimensionLocationPath the_nether
[11Jun2026 00:36:02.438] [Server thread/DEBUG] [atomicstryker.dynamiclights.server.DynamicLights/]: Cannot add Dynamic Light: Attachment Entity ServerPlayer['MayEL1207'/9468, l='ServerLevel[world]', x=-46.08, y=76.00, z=-4.30] is dead or in a banned dimension the_nether
[11Jun2026 00:36:02.536] [Server thread/DEBUG] [atomicstryker.dynamiclights.server.DynamicLights/]: Calling addLightSource on entity ServerPlayer['MayEL1207'/9468, l='ServerLevel[world]', x=-46.11, y=76.00, z=-4.31], dimensionLocationPath the_nether
[11Jun2026 00:36:02.536] [Server thread/DEBUG] [atomicstryker.dynamiclights.server.DynamicLights/]: Cannot add Dynamic Light: Attachment Entity ServerPlayer['MayEL1207'/9468, l='ServerLevel[world]', x=-46.11, y=76.00, z=-4.31] is dead or in a banned dimension the_nether
[11Jun2026 00:36:02.636] [Server thread/DEBUG] [atomicstryker.dynamiclights.server.DynamicLights/]: Calling addLightSource on entity ServerPlayer['MayEL1207'/9468, l='ServerLevel[world]', x=-46.11, y=76.00, z=-4.31], dimensionLocationPath the_nether
[11Jun2026 00:36:02.636] [Server thread/DEBUG] [atomicstryker.dynamiclights.server.DynamicLights/]: Cannot add Dynamic Light: Attachment Entity ServerPlayer['MayEL1207'/9468, l='ServerLevel[world]', x=-46.11, y=76.00, z=-4.31] is dead or in a banned dimension the_nether
[11Jun2026 00:36:02.736] [Server thread/DEBUG] [atomicstryker.dynamiclights.server.DynamicLights/]: Calling addLightSource on entity ServerPlayer['MayEL1207'/9468, l='ServerLevel[world]', x=-46.11, y=76.00, z=-4.31], dimensionLocationPath the_nether
[11Jun2026 00:36:02.736] [Server thread/DEBUG] [atomicstryker.dynamiclights.server.DynamicLights/]: Cannot add Dynamic Light: Attachment Entity ServerPlayer['MayEL1207'/9468, l='ServerLevel[world]', x=-46.11, y=76.00, z=-4.31] is dead or in a banned dimension the_nether
[11Jun2026 00:36:02.840] [Server thread/DEBUG] [atomicstryker.dynamiclights.server.DynamicLights/]: Calling addLightSource on entity ServerPlayer['MayEL1207'/9468, l='ServerLevel[world]', x=-46.11, y=76.00, z=-4.31], dimensionLocationPath the_nether
[11Jun2026 00:36:02.840] [Server thread/DEBUG] [atomicstryker.dynamiclights.server.DynamicLights/]: Cannot add Dynamic Light: Attachment Entity ServerPlayer['MayEL1207'/9468, l='ServerLevel[world]', x=-46.11, y=76.00, z=-4.31] is dead or in a banned dimension the_nether
[11Jun2026 00:36:02.943] [Server thread/DEBUG] [atomicstryker.dynamiclights.server.DynamicLights/]: Calling addLightSource on entity ServerPlayer['MayEL1207'/9468, l='ServerLevel[world]', x=-46.11, y=76.00, z=-4.31], dimensionLocationPath the_nether
[11Jun2026 00:36:02.943] [Server thread/DEBUG] [atomicstryker.dynamiclights.server.DynamicLights/]: Cannot add Dynamic Light: Attachment Entity ServerPlayer['MayEL1207'/9468, l='ServerLevel[world]', x=-46.11, y=76.00, z=-4.31] is dead or in a banned dimension the_nether
[11Jun2026 00:36:29.837] [Server thread/INFO] [net.minecraft.server.MinecraftServer/]: MayEL1207 was shot by Piglin
[11Jun2026 00:37:23.147] [Server thread/DEBUG] [net.neoforged.neoforge.common.CommonHooks/WP]: Gathered mod list to write to world save world
[11Jun2026 00:37:32.644] [Server thread/INFO] [net.minecraft.server.MinecraftServer/]: [S4lamand4r: Triggered [sgrave.list] (set value to 1)]
[11Jun2026 00:39:53.880] [Server thread/INFO] [fr.rakambda.fallingtree.common.tree.breaking.ToolDamageHandler/]: Tree reached max size of 100
[11Jun2026 00:39:54.825] [Server thread/DEBUG] [fr.rakambda.fallingtree.common.tree.builder.TreeBuilder/]: Tree at BlockPosWrapper(raw=BlockPos{x=-40, y=77, z=-14}) doesn't have enough leaves around top most log
[11Jun2026 00:39:54.828] [Server thread/DEBUG] [fr.rakambda.fallingtree.common.tree.builder.TreeBuilder/]: Tree at BlockPosWrapper(raw=BlockPos{x=-40, y=77, z=-14}) doesn't have enough leaves around top most log
[11Jun2026 00:39:56.579] [Server thread/INFO] [fr.rakambda.fallingtree.common.tree.breaking.ToolDamageHandler/]: Tree reached max size of 100
[11Jun2026 00:39:59.478] [Server thread/INFO] [fr.rakambda.fallingtree.common.tree.breaking.ToolDamageHandler/]: Tree reached max size of 100
[11Jun2026 00:40:00.178] [Server thread/INFO] [fr.rakambda.fallingtree.common.tree.breaking.ToolDamageHandler/]: Tree reached max size of 100
[11Jun2026 00:40:01.478] [Server thread/INFO] [fr.rakambda.fallingtree.common.tree.breaking.ToolDamageHandler/]: Tree reached max size of 100
[11Jun2026 00:42:23.138] [Server thread/DEBUG] [net.neoforged.neoforge.common.CommonHooks/WP]: Gathered mod list to write to world save world
[11Jun2026 00:43:08.287] [Server thread/DEBUG] [atomicstryker.dynamiclights.server.DynamicLights/]: Calling addLightSource on entity ServerPlayer['jinco98'/8270, l='ServerLevel[world]', x=-128.37, y=69.10, z=-98.56], dimensionLocationPath the_nether
[11Jun2026 00:43:08.287] [Server thread/DEBUG] [atomicstryker.dynamiclights.server.DynamicLights/]: Cannot add Dynamic Light: Attachment Entity ServerPlayer['jinco98'/8270, l='ServerLevel[world]', x=-128.37, y=69.10, z=-98.56] is dead or in a banned dimension the_nether
[11Jun2026 00:43:08.397] [Server thread/DEBUG] [atomicstryker.dynamiclights.server.DynamicLights/]: Calling addLightSource on entity ServerPlayer['jinco98'/8270, l='ServerLevel[world]', x=-128.44, y=69.00, z=-98.44], dimensionLocationPath the_nether
[11Jun2026 00:43:08.397] [Server thread/DEBUG] [atomicstryker.dynamiclights.server.DynamicLights/]: Cannot add Dynamic Light: Attachment Entity ServerPlayer['jinco98'/8270, l='ServerLevel[world]', x=-128.44, y=69.00, z=-98.44] is dead or in a banned dimension the_nether
[11Jun2026 00:43:08.485] [Server thread/DEBUG] [atomicstryker.dynamiclights.server.DynamicLights/]: Calling addLightSource on entity ServerPlayer['jinco98'/8270, l='ServerLevel[world]', x=-128.43, y=68.92, z=-98.50], dimensionLocationPath the_nether
[11Jun2026 00:43:08.485] [Server thread/DEBUG] [atomicstryker.dynamiclights.server.DynamicLights/]: Cannot add Dynamic Light: Attachment Entity ServerPlayer['jinco98'/8270, l='ServerLevel[world]', x=-128.43, y=68.92, z=-98.50] is dead or in a banned dimension the_nether
[11Jun2026 00:43:08.587] [Server thread/DEBUG] [atomicstryker.dynamiclights.server.DynamicLights/]: Calling addLightSource on entity ServerPlayer['jinco98'/8270, l='ServerLevel[world]', x=-128.35, y=68.54, z=-98.69], dimensionLocationPath the_nether
[11Jun2026 00:43:08.587] [Server thread/DEBUG] [atomicstryker.dynamiclights.server.DynamicLights/]: Cannot add Dynamic Light: Attachment Entity ServerPlayer['jinco98'/8270, l='ServerLevel[world]', x=-128.35, y=68.54, z=-98.69] is dead or in a banned dimension the_nether
[11Jun2026 00:43:08.685] [Server thread/DEBUG] [atomicstryker.dynamiclights.server.DynamicLights/]: Calling addLightSource on entity ServerPlayer['jinco98'/8270, l='ServerLevel[world]', x=-128.29, y=68.00, z=-98.81], dimensionLocationPath the_nether
[11Jun2026 00:43:08.685] [Server thread/DEBUG] [atomicstryker.dynamiclights.server.DynamicLights/]: Cannot add Dynamic Light: Attachment Entity ServerPlayer['jinco98'/8270, l='ServerLevel[world]', x=-128.29, y=68.00, z=-98.81] is dead or in a banned dimension the_nether
[11Jun2026 00:43:08.786] [Server thread/DEBUG] [atomicstryker.dynamiclights.server.DynamicLights/]: Calling addLightSource on entity ServerPlayer['jinco98'/8270, l='ServerLevel[world]', x=-128.20, y=68.00, z=-98.91], dimensionLocationPath the_nether
[11Jun2026 00:43:08.787] [Server thread/DEBUG] [atomicstryker.dynamiclights.server.DynamicLights/]: Cannot add Dynamic Light: Attachment Entity ServerPlayer['jinco98'/8270, l='ServerLevel[world]', x=-128.20, y=68.00, z=-98.91] is dead or in a banned dimension the_nether
[11Jun2026 00:43:08.885] [Server thread/DEBUG] [atomicstryker.dynamiclights.server.DynamicLights/]: Calling addLightSource on entity ServerPlayer['jinco98'/8270, l='ServerLevel[world]', x=-128.10, y=68.00, z=-98.97], dimensionLocationPath the_nether
[11Jun2026 00:43:08.885] [Server thread/DEBUG] [atomicstryker.dynamiclights.server.DynamicLights/]: Cannot add Dynamic Light: Attachment Entity ServerPlayer['jinco98'/8270, l='ServerLevel[world]', x=-128.10, y=68.00, z=-98.97] is dead or in a banned dimension the_nether
[11Jun2026 00:43:08.984] [Server thread/DEBUG] [atomicstryker.dynamiclights.server.DynamicLights/]: Calling addLightSource on entity ServerPlayer['jinco98'/8270, l='ServerLevel[world]', x=-128.02, y=68.00, z=-98.96], dimensionLocationPath the_nether
[11Jun2026 00:43:08.984] [Server thread/DEBUG] [atomicstryker.dynamiclights.server.DynamicLights/]: Cannot add Dynamic Light: Attachment Entity ServerPlayer['jinco98'/8270, l='ServerLevel[world]', x=-128.02, y=68.00, z=-98.96] is dead or in a banned dimension the_nether
[11Jun2026 00:43:09.088] [Server thread/DEBUG] [atomicstryker.dynamiclights.server.DynamicLights/]: Calling addLightSource on entity ServerPlayer['jinco98'/8270, l='ServerLevel[world]', x=-127.93, y=68.00, z=-98.84], dimensionLocationPath the_nether
[11Jun2026 00:43:09.088] [Server thread/DEBUG] [atomicstryker.dynamiclights.server.DynamicLights/]: Cannot add Dynamic Light: Attachment Entity ServerPlayer['jinco98'/8270, l='ServerLevel[world]', x=-127.93, y=68.00, z=-98.84] is dead or in a banned dimension the_nether
[11Jun2026 00:43:09.190] [Server thread/DEBUG] [atomicstryker.dynamiclights.server.DynamicLights/]: Calling addLightSource on entity ServerPlayer['jinco98'/8270, l='ServerLevel[world]', x=-128.04, y=68.00, z=-98.55], dimensionLocationPath the_nether
[11Jun2026 00:43:09.190] [Server thread/DEBUG] [atomicstryker.dynamiclights.server.DynamicLights/]: Cannot add Dynamic Light: Attachment Entity ServerPlayer['jinco98'/8270, l='ServerLevel[world]', x=-128.04, y=68.00, z=-98.55] is dead or in a banned dimension the_nether
[11Jun2026 00:43:09.290] [Server thread/DEBUG] [atomicstryker.dynamiclights.server.DynamicLights/]: Calling addLightSource on entity ServerPlayer['jinco98'/8270, l='ServerLevel[world]', x=-127.91, y=68.00, z=-98.30], dimensionLocationPath the_nether
[11Jun2026 00:43:09.290] [Server thread/DEBUG] [atomicstryker.dynamiclights.server.DynamicLights/]: Cannot add Dynamic Light: Attachment Entity ServerPlayer['jinco98'/8270, l='ServerLevel[world]', x=-127.91, y=68.00, z=-98.30] is dead or in a banned dimension the_nether
[11Jun2026 00:43:09.388] [Server thread/DEBUG] [atomicstryker.dynamiclights.server.DynamicLights/]: Calling addLightSource on entity ServerPlayer['jinco98'/8270, l='ServerLevel[world]', x=-127.62, y=68.00, z=-98.30], dimensionLocationPath the_nether
[11Jun2026 00:43:09.388] [Server thread/DEBUG] [atomicstryker.dynamiclights.server.DynamicLights/]: Cannot add Dynamic Light: Attachment Entity ServerPlayer['jinco98'/8270, l='ServerLevel[world]', x=-127.62, y=68.00, z=-98.30] is dead or in a banned dimension the_nether
[11Jun2026 00:43:09.488] [Server thread/DEBUG] [atomicstryker.dynamiclights.server.DynamicLights/]: Calling addLightSource on entity ServerPlayer['jinco98'/8270, l='ServerLevel[world]', x=-127.36, y=69.09, z=-98.30], dimensionLocationPath the_nether
[11Jun2026 00:43:09.488] [Server thread/DEBUG] [atomicstryker.dynamiclights.server.DynamicLights/]: Cannot add Dynamic Light: Attachment Entity ServerPlayer['jinco98'/8270, l='ServerLevel[world]', x=-127.36, y=69.09, z=-98.30] is dead or in a banned dimension the_nether
[11Jun2026 00:43:09.585] [Server thread/DEBUG] [atomicstryker.dynamiclights.server.DynamicLights/]: Calling addLightSource on entity ServerPlayer['jinco98'/8270, l='ServerLevel[world]', x=-127.36, y=68.68, z=-98.30], dimensionLocationPath the_nether
[11Jun2026 00:43:09.585] [Server thread/DEBUG] [atomicstryker.dynamiclights.server.DynamicLights/]: Cannot add Dynamic Light: Attachment Entity ServerPlayer['jinco98'/8270, l='ServerLevel[world]', x=-127.36, y=68.68, z=-98.30] is dead or in a banned dimension the_nether
[11Jun2026 00:43:09.685] [Server thread/DEBUG] [atomicstryker.dynamiclights.server.DynamicLights/]: Calling addLightSource on entity ServerPlayer['jinco98'/8270, l='ServerLevel[world]', x=-127.36, y=68.00, z=-98.30], dimensionLocationPath the_nether
[11Jun2026 00:43:09.685] [Server thread/DEBUG] [atomicstryker.dynamiclights.server.DynamicLights/]: Cannot add Dynamic Light: Attachment Entity ServerPlayer['jinco98'/8270, l='ServerLevel[world]', x=-127.36, y=68.00, z=-98.30] is dead or in a banned dimension the_nether
[11Jun2026 00:43:09.784] [Server thread/DEBUG] [atomicstryker.dynamiclights.server.DynamicLights/]: Calling addLightSource on entity ServerPlayer['jinco98'/8270, l='ServerLevel[world]', x=-127.36, y=68.00, z=-98.30], dimensionLocationPath the_nether
[11Jun2026 00:43:09.784] [Server thread/DEBUG] [atomicstryker.dynamiclights.server.DynamicLights/]: Cannot add Dynamic Light: Attachment Entity ServerPlayer['jinco98'/8270, l='ServerLevel[world]', x=-127.36, y=68.00, z=-98.30] is dead or in a banned dimension the_nether
[11Jun2026 00:43:09.834] [Server thread/INFO] [net.minecraft.server.network.ServerGamePacketListenerImpl/]: S4lamand4r lost connection: Disconnected
[11Jun2026 00:43:09.835] [Server thread/INFO] [net.minecraft.server.MinecraftServer/]: S4lamand4r left the game
[11Jun2026 00:43:09.923] [Server thread/DEBUG] [atomicstryker.dynamiclights.server.DynamicLights/]: Dynamic Lights killing off LightSource on dead Entity: ServerPlayer['S4lamand4r'/99, l='ServerLevel[world]', x=-837.28, y=175.00, z=122.58, removed=UNLOADED_WITH_PLAYER]
[11Jun2026 00:43:09.936] [Server thread/DEBUG] [atomicstryker.dynamiclights.server.DynamicLights/]: Calling addLightSource on entity ServerPlayer['jinco98'/8270, l='ServerLevel[world]', x=-127.36, y=68.00, z=-98.30], dimensionLocationPath the_nether
[11Jun2026 00:43:09.936] [Server thread/DEBUG] [atomicstryker.dynamiclights.server.DynamicLights/]: Cannot add Dynamic Light: Attachment Entity ServerPlayer['jinco98'/8270, l='ServerLevel[world]', x=-127.36, y=68.00, z=-98.30] is dead or in a banned dimension the_nether
[11Jun2026 00:43:10.130] [Server thread/DEBUG] [atomicstryker.dynamiclights.server.DynamicLights/]: Calling addLightSource on entity ServerPlayer['jinco98'/8270, l='ServerLevel[world]', x=-127.36, y=69.09, z=-98.30], dimensionLocationPath the_nether
[11Jun2026 00:43:10.130] [Server thread/DEBUG] [atomicstryker.dynamiclights.server.DynamicLights/]: Cannot add Dynamic Light: Attachment Entity ServerPlayer['jinco98'/8270, l='ServerLevel[world]', x=-127.36, y=69.09, z=-98.30] is dead or in a banned dimension the_nether
[11Jun2026 00:43:10.149] [Server thread/DEBUG] [atomicstryker.dynamiclights.server.DynamicLights/]: Calling addLightSource on entity ServerPlayer['jinco98'/8270, l='ServerLevel[world]', x=-127.30, y=69.41, z=-98.21], dimensionLocationPath the_nether
[11Jun2026 00:43:10.149] [Server thread/DEBUG] [atomicstryker.dynamiclights.server.DynamicLights/]: Cannot add Dynamic Light: Attachment Entity ServerPlayer['jinco98'/8270, l='ServerLevel[world]', x=-127.30, y=69.41, z=-98.21] is dead or in a banned dimension the_nether
[11Jun2026 00:43:10.229] [Server thread/DEBUG] [atomicstryker.dynamiclights.server.DynamicLights/]: Calling addLightSource on entity ServerPlayer['jinco98'/8270, l='ServerLevel[world]', x=-127.30, y=69.26, z=-98.14], dimensionLocationPath the_nether
[11Jun2026 00:43:10.230] [Server thread/DEBUG] [atomicstryker.dynamiclights.server.DynamicLights/]: Cannot add Dynamic Light: Attachment Entity ServerPlayer['jinco98'/8270, l='ServerLevel[world]', x=-127.30, y=69.26, z=-98.14] is dead or in a banned dimension the_nether
[11Jun2026 00:43:10.333] [Server thread/DEBUG] [atomicstryker.dynamiclights.server.DynamicLights/]: Calling addLightSource on entity ServerPlayer['jinco98'/8270, l='ServerLevel[world]', x=-127.31, y=69.00, z=-97.98], dimensionLocationPath the_nether
[11Jun2026 00:43:10.333] [Server thread/DEBUG] [atomicstryker.dynamiclights.server.DynamicLights/]: Cannot add Dynamic Light: Attachment Entity ServerPlayer['jinco98'/8270, l='ServerLevel[world]', x=-127.31, y=69.00, z=-97.98] is dead or in a banned dimension the_nether
[11Jun2026 00:43:10.433] [Server thread/DEBUG] [atomicstryker.dynamiclights.server.DynamicLights/]: Calling addLightSource on entity ServerPlayer['jinco98'/8270, l='ServerLevel[world]', x=-127.33, y=69.00, z=-97.69], dimensionLocationPath the_nether
[11Jun2026 00:43:10.433] [Server thread/DEBUG] [atomicstryker.dynamiclights.server.DynamicLights/]: Cannot add Dynamic Light: Attachment Entity ServerPlayer['jinco98'/8270, l='ServerLevel[world]', x=-127.33, y=69.00, z=-97.69] is dead or in a banned dimension the_nether
[11Jun2026 00:43:10.533] [Server thread/DEBUG] [atomicstryker.dynamiclights.server.DynamicLights/]: Calling addLightSource on entity ServerPlayer['jinco98'/8270, l='ServerLevel[world]', x=-127.35, y=69.84, z=-97.30], dimensionLocationPath the_nether
[11Jun2026 00:43:10.534] [Server thread/DEBUG] [atomicstryker.dynamiclights.server.DynamicLights/]: Cannot add Dynamic Light: Attachment Entity ServerPlayer['jinco98'/8270, l='ServerLevel[world]', x=-127.35, y=69.84, z=-97.30] is dead or in a banned dimension the_nether
[11Jun2026 00:43:10.629] [Server thread/DEBUG] [atomicstryker.dynamiclights.server.DynamicLights/]: Calling addLightSource on entity ServerPlayer['jinco98'/8270, l='ServerLevel[world]', x=-127.36, y=69.43, z=-97.30], dimensionLocationPath the_nether
[11Jun2026 00:43:10.629] [Server thread/DEBUG] [atomicstryker.dynamiclights.server.DynamicLights/]: Cannot add Dynamic Light: Attachment Entity ServerPlayer['jinco98'/8270, l='ServerLevel[world]', x=-127.36, y=69.43, z=-97.30] is dead or in a banned dimension the_nether
[11Jun2026 00:43:10.731] [Server thread/DEBUG] [atomicstryker.dynamiclights.server.DynamicLights/]: Calling addLightSource on entity ServerPlayer['jinco98'/8270, l='ServerLevel[world]', x=-127.35, y=69.08, z=-97.30], dimensionLocationPath the_nether
[11Jun2026 00:43:10.731] [Server thread/DEBUG] [atomicstryker.dynamiclights.server.DynamicLights/]: Cannot add Dynamic Light: Attachment Entity ServerPlayer['jinco98'/8270, l='ServerLevel[world]', x=-127.35, y=69.08, z=-97.30] is dead or in a banned dimension the_nether
[11Jun2026 00:43:10.837] [Server thread/DEBUG] [atomicstryker.dynamiclights.server.DynamicLights/]: Calling addLightSource on entity ServerPlayer['jinco98'/8270, l='ServerLevel[world]', x=-127.33, y=69.00, z=-97.30], dimensionLocationPath the_nether
[11Jun2026 00:43:10.838] [Server thread/DEBUG] [atomicstryker.dynamiclights.server.DynamicLights/]: Cannot add Dynamic Light: Attachment Entity ServerPlayer['jinco98'/8270, l='ServerLevel[world]', x=-127.33, y=69.00, z=-97.30] is dead or in a banned dimension the_nether
[11Jun2026 00:43:10.934] [Server thread/DEBUG] [atomicstryker.dynamiclights.server.DynamicLights/]: Calling addLightSource on entity ServerPlayer['jinco98'/8270, l='ServerLevel[world]', x=-127.30, y=69.00, z=-97.30], dimensionLocationPath the_nether
[11Jun2026 00:43:10.934] [Server thread/DEBUG] [atomicstryker.dynamiclights.server.DynamicLights/]: Cannot add Dynamic Light: Attachment Entity ServerPlayer['jinco98'/8270, l='ServerLevel[world]', x=-127.30, y=69.00, z=-97.30] is dead or in a banned dimension the_nether
[11Jun2026 00:43:11.037] [Server thread/DEBUG] [atomicstryker.dynamiclights.server.DynamicLights/]: Calling addLightSource on entity ServerPlayer['jinco98'/8270, l='ServerLevel[world]', x=-127.30, y=69.84, z=-97.30], dimensionLocationPath the_nether
[11Jun2026 00:43:11.037] [Server thread/DEBUG] [atomicstryker.dynamiclights.server.DynamicLights/]: Cannot add Dynamic Light: Attachment Entity ServerPlayer['jinco98'/8270, l='ServerLevel[world]', x=-127.30, y=69.84, z=-97.30] is dead or in a banned dimension the_nether
[11Jun2026 00:43:11.135] [Server thread/DEBUG] [atomicstryker.dynamiclights.server.DynamicLights/]: Calling addLightSource on entity ServerPlayer['jinco98'/8270, l='ServerLevel[world]', x=-127.30, y=70.25, z=-97.28], dimensionLocationPath the_nether
[11Jun2026 00:43:11.135] [Server thread/DEBUG] [atomicstryker.dynamiclights.server.DynamicLights/]: Cannot add Dynamic Light: Attachment Entity ServerPlayer['jinco98'/8270, l='ServerLevel[world]', x=-127.30, y=70.25, z=-97.28] is dead or in a banned dimension the_nether
[11Jun2026 00:43:11.232] [Server thread/DEBUG] [atomicstryker.dynamiclights.server.DynamicLights/]: Calling addLightSource on entity ServerPlayer['jinco98'/8270, l='ServerLevel[world]', x=-127.30, y=70.33, z=-97.19], dimensionLocationPath the_nether
[11Jun2026 00:43:11.232] [Server thread/DEBUG] [atomicstryker.dynamiclights.server.DynamicLights/]: Cannot add Dynamic Light: Attachment Entity ServerPlayer['jinco98'/8270, l='ServerLevel[world]', x=-127.30, y=70.33, z=-97.19] is dead or in a banned dimension the_nether
[11Jun2026 00:43:11.336] [Server thread/DEBUG] [atomicstryker.dynamiclights.server.DynamicLights/]: Calling addLightSource on entity ServerPlayer['jinco98'/8270, l='ServerLevel[world]', x=-127.30, y=70.10, z=-97.04], dimensionLocationPath the_nether
[11Jun2026 00:43:11.336] [Server thread/DEBUG] [atomicstryker.dynamiclights.server.DynamicLights/]: Cannot add Dynamic Light: Attachment Entity ServerPlayer['jinco98'/8270, l='ServerLevel[world]', x=-127.30, y=70.10, z=-97.04] is dead or in a banned dimension the_nether
[11Jun2026 00:43:11.434] [Server thread/DEBUG] [atomicstryker.dynamiclights.server.DynamicLights/]: Calling addLightSource on entity ServerPlayer['jinco98'/8270, l='ServerLevel[world]', x=-127.30, y=70.00, z=-96.85], dimensionLocationPath the_nether
[11Jun2026 00:43:11.434] [Server thread/DEBUG] [atomicstryker.dynamiclights.server.DynamicLights/]: Cannot add Dynamic Light: Attachment Entity ServerPlayer['jinco98'/8270, l='ServerLevel[world]', x=-127.30, y=70.00, z=-96.85] is dead or in a banned dimension the_nether
[11Jun2026 00:43:11.532] [Server thread/DEBUG] [atomicstryker.dynamiclights.server.DynamicLights/]: Calling addLightSource on entity ServerPlayer['jinco98'/8270, l='ServerLevel[world]', x=-127.30, y=70.00, z=-96.46], dimensionLocationPath the_nether
[11Jun2026 00:43:11.532] [Server thread/DEBUG] [atomicstryker.dynamiclights.server.DynamicLights/]: Cannot add Dynamic Light: Attachment Entity ServerPlayer['jinco98'/8270, l='ServerLevel[world]', x=-127.30, y=70.00, z=-96.46] is dead or in a banned dimension the_nether
[11Jun2026 00:43:11.633] [Server thread/DEBUG] [atomicstryker.dynamiclights.server.DynamicLights/]: Calling addLightSource on entity ServerPlayer['jinco98'/8270, l='ServerLevel[world]', x=-127.30, y=70.00, z=-96.46], dimensionLocationPath the_nether
[11Jun2026 00:43:11.634] [Server thread/DEBUG] [atomicstryker.dynamiclights.server.DynamicLights/]: Cannot add Dynamic Light: Attachment Entity ServerPlayer['jinco98'/8270, l='ServerLevel[world]', x=-127.30, y=70.00, z=-96.46] is dead or in a banned dimension the_nether
[11Jun2026 00:43:11.733] [Server thread/DEBUG] [atomicstryker.dynamiclights.server.DynamicLights/]: Calling addLightSource on entity ServerPlayer['jinco98'/8270, l='ServerLevel[world]', x=-127.30, y=70.00, z=-96.46], dimensionLocationPath the_nether
[11Jun2026 00:43:11.733] [Server thread/DEBUG] [atomicstryker.dynamiclights.server.DynamicLights/]: Cannot add Dynamic Light: Attachment Entity ServerPlayer['jinco98'/8270, l='ServerLevel[world]', x=-127.30, y=70.00, z=-96.46] is dead or in a banned dimension the_nether
[11Jun2026 00:43:11.795] [Server thread/DEBUG] [atomicstryker.dynamiclights.server.DynamicLights/]: Calling addLightSource on entity ServerPlayer['jinco98'/8270, l='ServerLevel[world]', x=-127.30, y=70.00, z=-96.44], dimensionLocationPath the_nether
[11Jun2026 00:43:11.795] [Server thread/DEBUG] [atomicstryker.dynamiclights.server.DynamicLights/]: Cannot add Dynamic Light: Attachment Entity ServerPlayer['jinco98'/8270, l='ServerLevel[world]', x=-127.30, y=70.00, z=-96.44] is dead or in a banned dimension the_nether
[11Jun2026 00:43:11.901] [Server thread/DEBUG] [atomicstryker.dynamiclights.server.DynamicLights/]: Calling addLightSource on entity ServerPlayer['jinco98'/8270, l='ServerLevel[world]', x=-127.30, y=70.00, z=-96.38], dimensionLocationPath the_nether
[11Jun2026 00:43:11.902] [Server thread/DEBUG] [atomicstryker.dynamiclights.server.DynamicLights/]: Cannot add Dynamic Light: Attachment Entity ServerPlayer['jinco98'/8270, l='ServerLevel[world]', x=-127.30, y=70.00, z=-96.38] is dead or in a banned dimension the_nether
[11Jun2026 00:43:11.988] [Server thread/DEBUG] [atomicstryker.dynamiclights.server.DynamicLights/]: Calling addLightSource on entity ServerPlayer['jinco98'/8270, l='ServerLevel[world]', x=-127.30, y=70.00, z=-96.30], dimensionLocationPath the_nether
[11Jun2026 00:43:11.988] [Server thread/DEBUG] [atomicstryker.dynamiclights.server.DynamicLights/]: Cannot add Dynamic Light: Attachment Entity ServerPlayer['jinco98'/8270, l='ServerLevel[world]', x=-127.30, y=70.00, z=-96.30] is dead or in a banned dimension the_nether
[11Jun2026 00:43:12.084] [Server thread/DEBUG] [atomicstryker.dynamiclights.server.DynamicLights/]: Calling addLightSource on entity ServerPlayer['jinco98'/8270, l='ServerLevel[world]', x=-127.30, y=70.00, z=-96.16], dimensionLocationPath the_nether
[11Jun2026 00:43:12.084] [Server thread/DEBUG] [atomicstryker.dynamiclights.server.DynamicLights/]: Cannot add Dynamic Light: Attachment Entity ServerPlayer['jinco98'/8270, l='ServerLevel[world]', x=-127.30, y=70.00, z=-96.16] is dead or in a banned dimension the_nether
[11Jun2026 00:43:12.190] [Server thread/DEBUG] [atomicstryker.dynamiclights.server.DynamicLights/]: Calling addLightSource on entity ServerPlayer['jinco98'/8270, l='ServerLevel[world]', x=-127.30, y=70.00, z=-96.07], dimensionLocationPath the_nether
[11Jun2026 00:43:12.190] [Server thread/DEBUG] [atomicstryker.dynamiclights.server.DynamicLights/]: Cannot add Dynamic Light: Attachment Entity ServerPlayer['jinco98'/8270, l='ServerLevel[world]', x=-127.30, y=70.00, z=-96.07] is dead or in a banned dimension the_nether
[11Jun2026 00:43:12.284] [Server thread/DEBUG] [atomicstryker.dynamiclights.server.DynamicLights/]: Calling addLightSource on entity ServerPlayer['jinco98'/8270, l='ServerLevel[world]', x=-127.30, y=70.00, z=-96.04], dimensionLocationPath the_nether
[11Jun2026 00:43:12.284] [Server thread/DEBUG] [atomicstryker.dynamiclights.server.DynamicLights/]: Cannot add Dynamic Light: Attachment Entity ServerPlayer['jinco98'/8270, l='ServerLevel[world]', x=-127.30, y=70.00, z=-96.04] is dead or in a banned dimension the_nether
[11Jun2026 00:43:12.383] [Server thread/DEBUG] [atomicstryker.dynamiclights.server.DynamicLights/]: Calling addLightSource on entity ServerPlayer['jinco98'/8270, l='ServerLevel[world]', x=-127.30, y=70.00, z=-96.04], dimensionLocationPath the_nether
[11Jun2026 00:43:12.383] [Server thread/DEBUG] [atomicstryker.dynamiclights.server.DynamicLights/]: Cannot add Dynamic Light: Attachment Entity ServerPlayer['jinco98'/8270, l='ServerLevel[world]', x=-127.30, y=70.00, z=-96.04] is dead or in a banned dimension the_nether
[11Jun2026 00:43:12.482] [Server thread/DEBUG] [atomicstryker.dynamiclights.server.DynamicLights/]: Calling addLightSource on entity ServerPlayer['jinco98'/8270, l='ServerLevel[world]', x=-127.30, y=70.00, z=-96.04], dimensionLocationPath the_nether
[11Jun2026 00:43:12.482] [Server thread/DEBUG] [atomicstryker.dynamiclights.server.DynamicLights/]: Cannot add Dynamic Light: Attachment Entity ServerPlayer['jinco98'/8270, l='ServerLevel[world]', x=-127.30, y=70.00, z=-96.04] is dead or in a banned dimension the_nether
[11Jun2026 00:43:12.582] [Server thread/DEBUG] [atomicstryker.dynamiclights.server.DynamicLights/]: Calling addLightSource on entity ServerPlayer['jinco98'/8270, l='ServerLevel[world]', x=-127.30, y=70.00, z=-96.02], dimensionLocationPath the_nether
[11Jun2026 00:43:12.582] [Server thread/DEBUG] [atomicstryker.dynamiclights.server.DynamicLights/]: Cannot add Dynamic Light: Attachment Entity ServerPlayer['jinco98'/8270, l='ServerLevel[world]', x=-127.30, y=70.00, z=-96.02] is dead or in a banned dimension the_nether
[11Jun2026 00:43:12.682] [Server thread/DEBUG] [atomicstryker.dynamiclights.server.DynamicLights/]: Calling addLightSource on entity ServerPlayer['jinco98'/8270, l='ServerLevel[world]', x=-127.30, y=70.00, z=-95.96], dimensionLocationPath the_nether
[11Jun2026 00:43:12.682] [Server thread/DEBUG] [atomicstryker.dynamiclights.server.DynamicLights/]: Cannot add Dynamic Light: Attachment Entity ServerPlayer['jinco98'/8270, l='ServerLevel[world]', x=-127.30, y=70.00, z=-95.96] is dead or in a banned dimension the_nether
[11Jun2026 00:43:12.782] [Server thread/DEBUG] [atomicstryker.dynamiclights.server.DynamicLights/]: Calling addLightSource on entity ServerPlayer['jinco98'/8270, l='ServerLevel[world]', x=-127.30, y=70.00, z=-95.88], dimensionLocationPath the_nether
[11Jun2026 00:43:12.782] [Server thread/DEBUG] [atomicstryker.dynamiclights.server.DynamicLights/]: Cannot add Dynamic Light: Attachment Entity ServerPlayer['jinco98'/8270, l='ServerLevel[world]', x=-127.30, y=70.00, z=-95.88] is dead or in a banned dimension the_nether
[11Jun2026 00:43:12.883] [Server thread/DEBUG] [atomicstryker.dynamiclights.server.DynamicLights/]: Calling addLightSource on entity ServerPlayer['jinco98'/8270, l='ServerLevel[world]', x=-127.26, y=70.00, z=-95.62], dimensionLocationPath the_nether
[11Jun2026 00:43:12.884] [Server thread/DEBUG] [atomicstryker.dynamiclights.server.DynamicLights/]: Cannot add Dynamic Light: Attachment Entity ServerPlayer['jinco98'/8270, l='ServerLevel[world]', x=-127.26, y=70.00, z=-95.62] is dead or in a banned dimension the_nether
[11Jun2026 00:43:12.983] [Server thread/DEBUG] [atomicstryker.dynamiclights.server.DynamicLights/]: Calling addLightSource on entity ServerPlayer['jinco98'/8270, l='ServerLevel[world]', x=-127.14, y=70.00, z=-95.26], dimensionLocationPath the_nether
[11Jun2026 00:43:12.983] [Server thread/DEBUG] [atomicstryker.dynamiclights.server.DynamicLights/]: Cannot add Dynamic Light: Attachment Entity ServerPlayer['jinco98'/8270, l='ServerLevel[world]', x=-127.14, y=70.00, z=-95.26] is dead or in a banned dimension the_nether
[11Jun2026 00:43:13.082] [Server thread/DEBUG] [atomicstryker.dynamiclights.server.DynamicLights/]: Calling addLightSource on entity ServerPlayer['jinco98'/8270, l='ServerLevel[world]', x=-126.99, y=70.00, z=-94.87], dimensionLocationPath the_nether
[11Jun2026 00:43:13.082] [Server thread/DEBUG] [atomicstryker.dynamiclights.server.DynamicLights/]: Cannot add Dynamic Light: Attachment Entity ServerPlayer['jinco98'/8270, l='ServerLevel[world]', x=-126.99, y=70.00, z=-94.87] is dead or in a banned dimension the_nether
[11Jun2026 00:43:13.182] [Server thread/DEBUG] [atomicstryker.dynamiclights.server.DynamicLights/]: Calling addLightSource on entity ServerPlayer['jinco98'/8270, l='ServerLevel[world]', x=-126.83, y=70.00, z=-94.48], dimensionLocationPath the_nether
[11Jun2026 00:43:13.182] [Server thread/DEBUG] [atomicstryker.dynamiclights.server.DynamicLights/]: Cannot add Dynamic Light: Attachment Entity ServerPlayer['jinco98'/8270, l='ServerLevel[world]', x=-126.83, y=70.00, z=-94.48] is dead or in a banned dimension the_nether
[11Jun2026 00:43:17.131] [Server thread/DEBUG] [atomicstryker.dynamiclights.server.DynamicLights/]: Calling addLightSource on entity ServerPlayer['jinco98'/8270, l='ServerLevel[world]', x=-128.20, y=67.36, z=-102.47], dimensionLocationPath the_nether
[11Jun2026 00:43:17.131] [Server thread/DEBUG] [atomicstryker.dynamiclights.server.DynamicLights/]: Cannot add Dynamic Light: Attachment Entity ServerPlayer['jinco98'/8270, l='ServerLevel[world]', x=-128.20, y=67.36, z=-102.47] is dead or in a banned dimension the_nether
[11Jun2026 00:43:17.230] [Server thread/DEBUG] [atomicstryker.dynamiclights.server.DynamicLights/]: Calling addLightSource on entity ServerPlayer['jinco98'/8270, l='ServerLevel[world]', x=-127.71, y=67.19, z=-102.04], dimensionLocationPath the_nether
[11Jun2026 00:43:17.230] [Server thread/DEBUG] [atomicstryker.dynamiclights.server.DynamicLights/]: Cannot add Dynamic Light: Attachment Entity ServerPlayer['jinco98'/8270, l='ServerLevel[world]', x=-127.71, y=67.19, z=-102.04] is dead or in a banned dimension the_nether
[11Jun2026 00:43:17.330] [Server thread/DEBUG] [atomicstryker.dynamiclights.server.DynamicLights/]: Calling addLightSource on entity ServerPlayer['jinco98'/8270, l='ServerLevel[world]', x=-127.45, y=67.30, z=-101.93], dimensionLocationPath the_nether
[11Jun2026 00:43:17.330] [Server thread/DEBUG] [atomicstryker.dynamiclights.server.DynamicLights/]: Cannot add Dynamic Light: Attachment Entity ServerPlayer['jinco98'/8270, l='ServerLevel[world]', x=-127.45, y=67.30, z=-101.93] is dead or in a banned dimension the_nether
[11Jun2026 00:43:17.430] [Server thread/DEBUG] [atomicstryker.dynamiclights.server.DynamicLights/]: Calling addLightSource on entity ServerPlayer['jinco98'/8270, l='ServerLevel[world]', x=-127.32, y=67.45, z=-102.05], dimensionLocationPath the_nether
[11Jun2026 00:43:17.430] [Server thread/DEBUG] [atomicstryker.dynamiclights.server.DynamicLights/]: Cannot add Dynamic Light: Attachment Entity ServerPlayer['jinco98'/8270, l='ServerLevel[world]', x=-127.32, y=67.45, z=-102.05] is dead or in a banned dimension the_nether
[11Jun2026 00:43:17.530] [Server thread/DEBUG] [atomicstryker.dynamiclights.server.DynamicLights/]: Calling addLightSource on entity ServerPlayer['jinco98'/8270, l='ServerLevel[world]', x=-127.13, y=67.28, z=-102.17], dimensionLocationPath the_nether
[11Jun2026 00:43:17.530] [Server thread/DEBUG] [atomicstryker.dynamiclights.server.DynamicLights/]: Cannot add Dynamic Light: Attachment Entity ServerPlayer['jinco98'/8270, l='ServerLevel[world]', x=-127.13, y=67.28, z=-102.17] is dead or in a banned dimension the_nether
[11Jun2026 00:43:17.632] [Server thread/DEBUG] [atomicstryker.dynamiclights.server.DynamicLights/]: Calling addLightSource on entity ServerPlayer['jinco98'/8270, l='ServerLevel[world]', x=-126.91, y=67.00, z=-102.30], dimensionLocationPath the_nether
[11Jun2026 00:43:17.632] [Server thread/DEBUG] [atomicstryker.dynamiclights.server.DynamicLights/]: Cannot add Dynamic Light: Attachment Entity ServerPlayer['jinco98'/8270, l='ServerLevel[world]', x=-126.91, y=67.00, z=-102.30] is dead or in a banned dimension the_nether
[11Jun2026 00:43:17.730] [Server thread/DEBUG] [atomicstryker.dynamiclights.server.DynamicLights/]: Calling addLightSource on entity ServerPlayer['jinco98'/8270, l='ServerLevel[world]', x=-126.58, y=67.00, z=-102.44], dimensionLocationPath the_nether
[11Jun2026 00:43:17.730] [Server thread/DEBUG] [atomicstryker.dynamiclights.server.DynamicLights/]: Cannot add Dynamic Light: Attachment Entity ServerPlayer['jinco98'/8270, l='ServerLevel[world]', x=-126.58, y=67.00, z=-102.44] is dead or in a banned dimension the_nether
[11Jun2026 00:43:17.831] [Server thread/DEBUG] [atomicstryker.dynamiclights.server.DynamicLights/]: Calling addLightSource on entity ServerPlayer['jinco98'/8270, l='ServerLevel[world]', x=-126.18, y=67.00, z=-102.61], dimensionLocationPath the_nether
[11Jun2026 00:43:17.831] [Server thread/DEBUG] [atomicstryker.dynamiclights.server.DynamicLights/]: Cannot add Dynamic Light: Attachment Entity ServerPlayer['jinco98'/8270, l='ServerLevel[world]', x=-126.18, y=67.00, z=-102.61] is dead or in a banned dimension the_nether
[11Jun2026 00:43:17.932] [Server thread/DEBUG] [atomicstryker.dynamiclights.server.DynamicLights/]: Calling addLightSource on entity ServerPlayer['jinco98'/8270, l='ServerLevel[world]', x=-125.78, y=67.00, z=-102.79], dimensionLocationPath the_nether
[11Jun2026 00:43:17.933] [Server thread/DEBUG] [atomicstryker.dynamiclights.server.DynamicLights/]: Cannot add Dynamic Light: Attachment Entity ServerPlayer['jinco98'/8270, l='ServerLevel[world]', x=-125.78, y=67.00, z=-102.79] is dead or in a banned dimension the_nether
[11Jun2026 00:43:18.031] [Server thread/DEBUG] [atomicstryker.dynamiclights.server.DynamicLights/]: Calling addLightSource on entity ServerPlayer['jinco98'/8270, l='ServerLevel[world]', x=-125.36, y=67.00, z=-102.92], dimensionLocationPath the_nether
[11Jun2026 00:43:18.031] [Server thread/DEBUG] [atomicstryker.dynamiclights.server.DynamicLights/]: Cannot add Dynamic Light: Attachment Entity ServerPlayer['jinco98'/8270, l='ServerLevel[world]', x=-125.36, y=67.00, z=-102.92] is dead or in a banned dimension the_nether
[11Jun2026 00:43:18.131] [Server thread/DEBUG] [atomicstryker.dynamiclights.server.DynamicLights/]: Calling addLightSource on entity ServerPlayer['jinco98'/8270, l='ServerLevel[world]', x=-124.92, y=67.00, z=-103.00], dimensionLocationPath the_nether
[11Jun2026 00:43:18.131] [Server thread/DEBUG] [atomicstryker.dynamiclights.server.DynamicLights/]: Cannot add Dynamic Light: Attachment Entity ServerPlayer['jinco98'/8270, l='ServerLevel[world]', x=-124.92, y=67.00, z=-103.00] is dead or in a banned dimension the_nether
[11Jun2026 00:43:18.229] [Server thread/DEBUG] [atomicstryker.dynamiclights.server.DynamicLights/]: Calling addLightSource on entity ServerPlayer['jinco98'/8270, l='ServerLevel[world]', x=-124.52, y=67.00, z=-103.11], dimensionLocationPath the_nether
[11Jun2026 00:43:18.229] [Server thread/DEBUG] [atomicstryker.dynamiclights.server.DynamicLights/]: Cannot add Dynamic Light: Attachment Entity ServerPlayer['jinco98'/8270, l='ServerLevel[world]', x=-124.52, y=67.00, z=-103.11] is dead or in a banned dimension the_nether
[11Jun2026 00:43:18.334] [Server thread/DEBUG] [atomicstryker.dynamiclights.server.DynamicLights/]: Calling addLightSource on entity ServerPlayer['jinco98'/8270, l='ServerLevel[world]', x=-124.35, y=67.00, z=-103.33], dimensionLocationPath the_nether
[11Jun2026 00:43:18.334] [Server thread/DEBUG] [atomicstryker.dynamiclights.server.DynamicLights/]: Cannot add Dynamic Light: Attachment Entity ServerPlayer['jinco98'/8270, l='ServerLevel[world]', x=-124.35, y=67.00, z=-103.33] is dead or in a banned dimension the_nether
[11Jun2026 00:43:18.431] [Server thread/DEBUG] [atomicstryker.dynamiclights.server.DynamicLights/]: Calling addLightSource on entity ServerPlayer['jinco98'/8270, l='ServerLevel[world]', x=-124.49, y=67.00, z=-103.62], dimensionLocationPath the_nether
[11Jun2026 00:43:18.431] [Server thread/DEBUG] [atomicstryker.dynamiclights.server.DynamicLights/]: Cannot add Dynamic Light: Attachment Entity ServerPlayer['jinco98'/8270, l='ServerLevel[world]', x=-124.49, y=67.00, z=-103.62] is dead or in a banned dimension the_nether
[11Jun2026 00:43:18.530] [Server thread/DEBUG] [atomicstryker.dynamiclights.server.DynamicLights/]: Calling addLightSource on entity ServerPlayer['jinco98'/8270, l='ServerLevel[world]', x=-124.70, y=67.00, z=-103.96], dimensionLocationPath the_nether
[11Jun2026 00:43:18.530] [Server thread/DEBUG] [atomicstryker.dynamiclights.server.DynamicLights/]: Cannot add Dynamic Light: Attachment Entity ServerPlayer['jinco98'/8270, l='ServerLevel[world]', x=-124.70, y=67.00, z=-103.96] is dead or in a banned dimension the_nether
[11Jun2026 00:43:18.631] [Server thread/DEBUG] [atomicstryker.dynamiclights.server.DynamicLights/]: Calling addLightSource on entity ServerPlayer['jinco98'/8270, l='ServerLevel[world]', x=-124.94, y=67.00, z=-104.31], dimensionLocationPath the_nether
[11Jun2026 00:43:18.631] [Server thread/DEBUG] [atomicstryker.dynamiclights.server.DynamicLights/]: Cannot add Dynamic Light: Attachment Entity ServerPlayer['jinco98'/8270, l='ServerLevel[world]', x=-124.94, y=67.00, z=-104.31] is dead or in a banned dimension the_nether
[11Jun2026 00:43:18.737] [Server thread/DEBUG] [atomicstryker.dynamiclights.server.DynamicLights/]: Calling addLightSource on entity ServerPlayer['jinco98'/8270, l='ServerLevel[world]', x=-125.12, y=67.00, z=-104.58], dimensionLocationPath the_nether
[11Jun2026 00:43:18.737] [Server thread/DEBUG] [atomicstryker.dynamiclights.server.DynamicLights/]: Cannot add Dynamic Light: Attachment Entity ServerPlayer['jinco98'/8270, l='ServerLevel[world]', x=-125.12, y=67.00, z=-104.58] is dead or in a banned dimension the_nether
[11Jun2026 00:43:18.831] [Server thread/DEBUG] [atomicstryker.dynamiclights.server.DynamicLights/]: Calling addLightSource on entity ServerPlayer['jinco98'/8270, l='ServerLevel[world]', x=-125.04, y=67.00, z=-104.46], dimensionLocationPath the_nether
[11Jun2026 00:43:18.831] [Server thread/DEBUG] [atomicstryker.dynamiclights.server.DynamicLights/]: Cannot add Dynamic Light: Attachment Entity ServerPlayer['jinco98'/8270, l='ServerLevel[world]', x=-125.04, y=67.00, z=-104.46] is dead or in a banned dimension the_nether
[11Jun2026 00:43:18.930] [Server thread/DEBUG] [atomicstryker.dynamiclights.server.DynamicLights/]: Calling addLightSource on entity ServerPlayer['jinco98'/8270, l='ServerLevel[world]', x=-125.04, y=67.00, z=-104.46], dimensionLocationPath the_nether
[11Jun2026 00:43:18.930] [Server thread/DEBUG] [atomicstryker.dynamiclights.server.DynamicLights/]: Cannot add Dynamic Light: Attachment Entity ServerPlayer['jinco98'/8270, l='ServerLevel[world]', x=-125.04, y=67.00, z=-104.46] is dead or in a banned dimension the_nether
[11Jun2026 00:43:19.031] [Server thread/DEBUG] [atomicstryker.dynamiclights.server.DynamicLights/]: Calling addLightSource on entity ServerPlayer['jinco98'/8270, l='ServerLevel[world]', x=-125.21, y=67.00, z=-104.70], dimensionLocationPath the_nether
[11Jun2026 00:43:19.032] [Server thread/DEBUG] [atomicstryker.dynamiclights.server.DynamicLights/]: Cannot add Dynamic Light: Attachment Entity ServerPlayer['jinco98'/8270, l='ServerLevel[world]', x=-125.21, y=67.00, z=-104.70] is dead or in a banned dimension the_nether
[11Jun2026 00:43:19.136] [Server thread/DEBUG] [atomicstryker.dynamiclights.server.DynamicLights/]: Calling addLightSource on entity ServerPlayer['jinco98'/8270, l='ServerLevel[world]', x=-125.52, y=67.00, z=-104.64], dimensionLocationPath the_nether
[11Jun2026 00:43:19.136] [Server thread/DEBUG] [atomicstryker.dynamiclights.server.DynamicLights/]: Cannot add Dynamic Light: Attachment Entity ServerPlayer['jinco98'/8270, l='ServerLevel[world]', x=-125.52, y=67.00, z=-104.64] is dead or in a banned dimension the_nether
[11Jun2026 00:43:19.230] [Server thread/DEBUG] [atomicstryker.dynamiclights.server.DynamicLights/]: Calling addLightSource on entity ServerPlayer['jinco98'/8270, l='ServerLevel[world]', x=-125.82, y=67.00, z=-104.40], dimensionLocationPath the_nether
[11Jun2026 00:43:19.230] [Server thread/DEBUG] [atomicstryker.dynamiclights.server.DynamicLights/]: Cannot add Dynamic Light: Attachment Entity ServerPlayer['jinco98'/8270, l='ServerLevel[world]', x=-125.82, y=67.00, z=-104.40] is dead or in a banned dimension the_nether
[11Jun2026 00:43:19.332] [Server thread/DEBUG] [atomicstryker.dynamiclights.server.DynamicLights/]: Calling addLightSource on entity ServerPlayer['jinco98'/8270, l='ServerLevel[world]', x=-126.02, y=67.00, z=-104.17], dimensionLocationPath the_nether
[11Jun2026 00:43:19.332] [Server thread/DEBUG] [atomicstryker.dynamiclights.server.DynamicLights/]: Cannot add Dynamic Light: Attachment Entity ServerPlayer['jinco98'/8270, l='ServerLevel[world]', x=-126.02, y=67.00, z=-104.17] is dead or in a banned dimension the_nether
[11Jun2026 00:43:19.432] [Server thread/DEBUG] [atomicstryker.dynamiclights.server.DynamicLights/]: Calling addLightSource on entity ServerPlayer['jinco98'/8270, l='ServerLevel[world]', x=-126.22, y=67.00, z=-103.91], dimensionLocationPath the_nether
[11Jun2026 00:43:19.432] [Server thread/DEBUG] [atomicstryker.dynamiclights.server.DynamicLights/]: Cannot add Dynamic Light: Attachment Entity ServerPlayer['jinco98'/8270, l='ServerLevel[world]', x=-126.22, y=67.00, z=-103.91] is dead or in a banned dimension the_nether
[11Jun2026 00:43:19.535] [Server thread/DEBUG] [atomicstryker.dynamiclights.server.DynamicLights/]: Calling addLightSource on entity ServerPlayer['jinco98'/8270, l='ServerLevel[world]', x=-126.46, y=67.00, z=-103.58], dimensionLocationPath the_nether
[11Jun2026 00:43:19.535] [Server thread/DEBUG] [atomicstryker.dynamiclights.server.DynamicLights/]: Cannot add Dynamic Light: Attachment Entity ServerPlayer['jinco98'/8270, l='ServerLevel[world]', x=-126.46, y=67.00, z=-103.58] is dead or in a banned dimension the_nether
[11Jun2026 00:43:19.632] [Server thread/DEBUG] [atomicstryker.dynamiclights.server.DynamicLights/]: Calling addLightSource on entity ServerPlayer['jinco98'/8270, l='ServerLevel[world]', x=-126.70, y=67.00, z=-103.24], dimensionLocationPath the_nether
[11Jun2026 00:43:19.632] [Server thread/DEBUG] [atomicstryker.dynamiclights.server.DynamicLights/]: Cannot add Dynamic Light: Attachment Entity ServerPlayer['jinco98'/8270, l='ServerLevel[world]', x=-126.70, y=67.00, z=-103.24] is dead or in a banned dimension the_nether
[11Jun2026 00:43:19.730] [Server thread/DEBUG] [atomicstryker.dynamiclights.server.DynamicLights/]: Calling addLightSource on entity ServerPlayer['jinco98'/8270, l='ServerLevel[world]', x=-126.88, y=67.00, z=-102.96], dimensionLocationPath the_nether
[11Jun2026 00:43:19.730] [Server thread/DEBUG] [atomicstryker.dynamiclights.server.DynamicLights/]: Cannot add Dynamic Light: Attachment Entity ServerPlayer['jinco98'/8270, l='ServerLevel[world]', x=-126.88, y=67.00, z=-102.96] is dead or in a banned dimension the_nether
[11Jun2026 00:43:19.831] [Server thread/DEBUG] [atomicstryker.dynamiclights.server.DynamicLights/]: Calling addLightSource on entity ServerPlayer['jinco98'/8270, l='ServerLevel[world]', x=-126.94, y=67.00, z=-102.88], dimensionLocationPath the_nether
[11Jun2026 00:43:19.831] [Server thread/DEBUG] [atomicstryker.dynamiclights.server.DynamicLights/]: Cannot add Dynamic Light: Attachment Entity ServerPlayer['jinco98'/8270, l='ServerLevel[world]', x=-126.94, y=67.00, z=-102.88] is dead or in a banned dimension the_nether
[11Jun2026 00:43:19.930] [Server thread/DEBUG] [atomicstryker.dynamiclights.server.DynamicLights/]: Calling addLightSource on entity ServerPlayer['jinco98'/8270, l='ServerLevel[world]', x=-126.83, y=67.00, z=-103.07], dimensionLocationPath the_nether
[11Jun2026 00:43:19.930] [Server thread/DEBUG] [atomicstryker.dynamiclights.server.DynamicLights/]: Cannot add Dynamic Light: Attachment Entity ServerPlayer['jinco98'/8270, l='ServerLevel[world]', x=-126.83, y=67.00, z=-103.07] is dead or in a banned dimension the_nether
[11Jun2026 00:43:20.030] [Server thread/DEBUG] [atomicstryker.dynamiclights.server.DynamicLights/]: Calling addLightSource on entity ServerPlayer['jinco98'/8270, l='ServerLevel[world]', x=-126.52, y=67.00, z=-103.24], dimensionLocationPath the_nether
[11Jun2026 00:43:20.030] [Server thread/DEBUG] [atomicstryker.dynamiclights.server.DynamicLights/]: Cannot add Dynamic Light: Attachment Entity ServerPlayer['jinco98'/8270, l='ServerLevel[world]', x=-126.52, y=67.00, z=-103.24] is dead or in a banned dimension the_nether
[11Jun2026 00:43:20.131] [Server thread/DEBUG] [atomicstryker.dynamiclights.server.DynamicLights/]: Calling addLightSource on entity ServerPlayer['jinco98'/8270, l='ServerLevel[world]', x=-126.13, y=67.00, z=-103.39], dimensionLocationPath the_nether
[11Jun2026 00:43:20.131] [Server thread/DEBUG] [atomicstryker.dynamiclights.server.DynamicLights/]: Cannot add Dynamic Light: Attachment Entity ServerPlayer['jinco98'/8270, l='ServerLevel[world]', x=-126.13, y=67.00, z=-103.39] is dead or in a banned dimension the_nether
[11Jun2026 00:43:20.230] [Server thread/DEBUG] [atomicstryker.dynamiclights.server.DynamicLights/]: Calling addLightSource on entity ServerPlayer['jinco98'/8270, l='ServerLevel[world]', x=-125.86, y=67.00, z=-103.68], dimensionLocationPath the_nether
[11Jun2026 00:43:20.230] [Server thread/DEBUG] [atomicstryker.dynamiclights.server.DynamicLights/]: Cannot add Dynamic Light: Attachment Entity ServerPlayer['jinco98'/8270, l='ServerLevel[world]', x=-125.86, y=67.00, z=-103.68] is dead or in a banned dimension the_nether
[11Jun2026 00:43:20.329] [Server thread/DEBUG] [atomicstryker.dynamiclights.server.DynamicLights/]: Calling addLightSource on entity ServerPlayer['jinco98'/8270, l='ServerLevel[world]', x=-125.72, y=67.00, z=-103.94], dimensionLocationPath the_nether
[11Jun2026 00:43:20.329] [Server thread/DEBUG] [atomicstryker.dynamiclights.server.DynamicLights/]: Cannot add Dynamic Light: Attachment Entity ServerPlayer['jinco98'/8270, l='ServerLevel[world]', x=-125.72, y=67.00, z=-103.94] is dead or in a banned dimension the_nether
[11Jun2026 00:43:20.438] [Server thread/DEBUG] [atomicstryker.dynamiclights.server.DynamicLights/]: Calling addLightSource on entity ServerPlayer['jinco98'/8270, l='ServerLevel[world]', x=-125.68, y=67.00, z=-104.02], dimensionLocationPath the_nether
[11Jun2026 00:43:20.438] [Server thread/DEBUG] [atomicstryker.dynamiclights.server.DynamicLights/]: Cannot add Dynamic Light: Attachment Entity ServerPlayer['jinco98'/8270, l='ServerLevel[world]', x=-125.68, y=67.00, z=-104.02] is dead or in a banned dimension the_nether
[11Jun2026 00:43:20.530] [Server thread/DEBUG] [atomicstryker.dynamiclights.server.DynamicLights/]: Calling addLightSource on entity ServerPlayer['jinco98'/8270, l='ServerLevel[world]', x=-125.67, y=67.00, z=-104.04], dimensionLocationPath the_nether
[11Jun2026 00:43:20.530] [Server thread/DEBUG] [atomicstryker.dynamiclights.server.DynamicLights/]: Cannot add Dynamic Light: Attachment Entity ServerPlayer['jinco98'/8270, l='ServerLevel[world]', x=-125.67, y=67.00, z=-104.04] is dead or in a banned dimension the_nether
[11Jun2026 00:43:20.630] [Server thread/DEBUG] [atomicstryker.dynamiclights.server.DynamicLights/]: Calling addLightSource on entity ServerPlayer['jinco98'/8270, l='ServerLevel[world]', x=-125.67, y=67.00, z=-104.04], dimensionLocationPath the_nether
[11Jun2026 00:43:20.630] [Server thread/DEBUG] [atomicstryker.dynamiclights.server.DynamicLights/]: Cannot add Dynamic Light: Attachment Entity ServerPlayer['jinco98'/8270, l='ServerLevel[world]', x=-125.67, y=67.00, z=-104.04] is dead or in a banned dimension the_nether
[11Jun2026 00:43:20.730] [Server thread/DEBUG] [atomicstryker.dynamiclights.server.DynamicLights/]: Calling addLightSource on entity ServerPlayer['jinco98'/8270, l='ServerLevel[world]', x=-125.67, y=67.00, z=-104.04], dimensionLocationPath the_nether
[11Jun2026 00:43:20.731] [Server thread/DEBUG] [atomicstryker.dynamiclights.server.DynamicLights/]: Cannot add Dynamic Light: Attachment Entity ServerPlayer['jinco98'/8270, l='ServerLevel[world]', x=-125.67, y=67.00, z=-104.04] is dead or in a banned dimension the_nether
[11Jun2026 00:43:20.830] [Server thread/DEBUG] [atomicstryker.dynamiclights.server.DynamicLights/]: Calling addLightSource on entity ServerPlayer['jinco98'/8270, l='ServerLevel[world]', x=-125.67, y=67.00, z=-104.04], dimensionLocationPath the_nether
[11Jun2026 00:43:20.830] [Server thread/DEBUG] [atomicstryker.dynamiclights.server.DynamicLights/]: Cannot add Dynamic Light: Attachment Entity ServerPlayer['jinco98'/8270, l='ServerLevel[world]', x=-125.67, y=67.00, z=-104.04] is dead or in a banned dimension the_nether
[11Jun2026 00:43:20.929] [Server thread/DEBUG] [atomicstryker.dynamiclights.server.DynamicLights/]: Calling addLightSource on entity ServerPlayer['jinco98'/8270, l='ServerLevel[world]', x=-125.67, y=67.00, z=-104.04], dimensionLocationPath the_nether
[11Jun2026 00:43:20.929] [Server thread/DEBUG] [atomicstryker.dynamiclights.server.DynamicLights/]: Cannot add Dynamic Light: Attachment Entity ServerPlayer['jinco98'/8270, l='ServerLevel[world]', x=-125.67, y=67.00, z=-104.04] is dead or in a banned dimension the_nether
[11Jun2026 00:43:21.032] [Server thread/DEBUG] [atomicstryker.dynamiclights.server.DynamicLights/]: Calling addLightSource on entity ServerPlayer['jinco98'/8270, l='ServerLevel[world]', x=-125.63, y=67.00, z=-104.13], dimensionLocationPath the_nether
[11Jun2026 00:43:21.032] [Server thread/DEBUG] [atomicstryker.dynamiclights.server.DynamicLights/]: Cannot add Dynamic Light: Attachment Entity ServerPlayer['jinco98'/8270, l='ServerLevel[world]', x=-125.63, y=67.00, z=-104.13] is dead or in a banned dimension the_nether
[11Jun2026 00:43:21.131] [Server thread/DEBUG] [atomicstryker.dynamiclights.server.DynamicLights/]: Calling addLightSource on entity ServerPlayer['jinco98'/8270, l='ServerLevel[world]', x=-125.44, y=67.00, z=-104.38], dimensionLocationPath the_nether
[11Jun2026 00:43:21.131] [Server thread/DEBUG] [atomicstryker.dynamiclights.server.DynamicLights/]: Cannot add Dynamic Light: Attachment Entity ServerPlayer['jinco98'/8270, l='ServerLevel[world]', x=-125.44, y=67.00, z=-104.38] is dead or in a banned dimension the_nether
[11Jun2026 00:43:21.231] [Server thread/DEBUG] [atomicstryker.dynamiclights.server.DynamicLights/]: Calling addLightSource on entity ServerPlayer['jinco98'/8270, l='ServerLevel[world]', x=-125.09, y=67.00, z=-104.47], dimensionLocationPath the_nether
[11Jun2026 00:43:21.231] [Server thread/DEBUG] [atomicstryker.dynamiclights.server.DynamicLights/]: Cannot add Dynamic Light: Attachment Entity ServerPlayer['jinco98'/8270, l='ServerLevel[world]', x=-125.09, y=67.00, z=-104.47] is dead or in a banned dimension the_nether
[11Jun2026 00:43:21.330] [Server thread/DEBUG] [atomicstryker.dynamiclights.server.DynamicLights/]: Calling addLightSource on entity ServerPlayer['jinco98'/8270, l='ServerLevel[world]', x=-124.91, y=67.00, z=-104.43], dimensionLocationPath the_nether
[11Jun2026 00:43:21.330] [Server thread/DEBUG] [atomicstryker.dynamiclights.server.DynamicLights/]: Cannot add Dynamic Light: Attachment Entity ServerPlayer['jinco98'/8270, l='ServerLevel[world]', x=-124.91, y=67.00, z=-104.43] is dead or in a banned dimension the_nether
[11Jun2026 00:43:21.430] [Server thread/DEBUG] [atomicstryker.dynamiclights.server.DynamicLights/]: Calling addLightSource on entity ServerPlayer['jinco98'/8270, l='ServerLevel[world]', x=-125.13, y=67.00, z=-104.55], dimensionLocationPath the_nether
[11Jun2026 00:43:21.430] [Server thread/DEBUG] [atomicstryker.dynamiclights.server.DynamicLights/]: Cannot add Dynamic Light: Attachment Entity ServerPlayer['jinco98'/8270, l='ServerLevel[world]', x=-125.13, y=67.00, z=-104.55] is dead or in a banned dimension the_nether
[11Jun2026 00:43:21.530] [Server thread/DEBUG] [atomicstryker.dynamiclights.server.DynamicLights/]: Calling addLightSource on entity ServerPlayer['jinco98'/8270, l='ServerLevel[world]', x=-125.47, y=67.00, z=-104.70], dimensionLocationPath the_nether
[11Jun2026 00:43:21.530] [Server thread/DEBUG] [atomicstryker.dynamiclights.server.DynamicLights/]: Cannot add Dynamic Light: Attachment Entity ServerPlayer['jinco98'/8270, l='ServerLevel[world]', x=-125.47, y=67.00, z=-104.70] is dead or in a banned dimension the_nether
[11Jun2026 00:43:21.630] [Server thread/DEBUG] [atomicstryker.dynamiclights.server.DynamicLights/]: Calling addLightSource on entity ServerPlayer['jinco98'/8270, l='ServerLevel[world]', x=-125.81, y=67.00, z=-104.56], dimensionLocationPath the_nether
[11Jun2026 00:43:21.630] [Server thread/DEBUG] [atomicstryker.dynamiclights.server.DynamicLights/]: Cannot add Dynamic Light: Attachment Entity ServerPlayer['jinco98'/8270, l='ServerLevel[world]', x=-125.81, y=67.00, z=-104.56] is dead or in a banned dimension the_nether
[11Jun2026 00:43:21.730] [Server thread/DEBUG] [atomicstryker.dynamiclights.server.DynamicLights/]: Calling addLightSource on entity ServerPlayer['jinco98'/8270, l='ServerLevel[world]', x=-126.05, y=67.00, z=-104.25], dimensionLocationPath the_nether
[11Jun2026 00:43:21.730] [Server thread/DEBUG] [atomicstryker.dynamiclights.server.DynamicLights/]: Cannot add Dynamic Light: Attachment Entity ServerPlayer['jinco98'/8270, l='ServerLevel[world]', x=-126.05, y=67.00, z=-104.25] is dead or in a banned dimension the_nether
[11Jun2026 00:43:21.830] [Server thread/DEBUG] [atomicstryker.dynamiclights.server.DynamicLights/]: Calling addLightSource on entity ServerPlayer['jinco98'/8270, l='ServerLevel[world]', x=-126.14, y=67.00, z=-104.11], dimensionLocationPath the_nether
[11Jun2026 00:43:21.830] [Server thread/DEBUG] [atomicstryker.dynamiclights.server.DynamicLights/]: Cannot add Dynamic Light: Attachment Entity ServerPlayer['jinco98'/8270, l='ServerLevel[world]', x=-126.14, y=67.00, z=-104.11] is dead or in a banned dimension the_nether
[11Jun2026 00:43:21.929] [Server thread/DEBUG] [atomicstryker.dynamiclights.server.DynamicLights/]: Calling addLightSource on entity ServerPlayer['jinco98'/8270, l='ServerLevel[world]', x=-126.26, y=67.00, z=-104.12], dimensionLocationPath the_nether
[11Jun2026 00:43:21.929] [Server thread/DEBUG] [atomicstryker.dynamiclights.server.DynamicLights/]: Cannot add Dynamic Light: Attachment Entity ServerPlayer['jinco98'/8270, l='ServerLevel[world]', x=-126.26, y=67.00, z=-104.12] is dead or in a banned dimension the_nether
[11Jun2026 00:43:22.030] [Server thread/DEBUG] [atomicstryker.dynamiclights.server.DynamicLights/]: Calling addLightSource on entity ServerPlayer['jinco98'/8270, l='ServerLevel[world]', x=-126.56, y=67.00, z=-104.25], dimensionLocationPath the_nether
[11Jun2026 00:43:22.030] [Server thread/DEBUG] [atomicstryker.dynamiclights.server.DynamicLights/]: Cannot add Dynamic Light: Attachment Entity ServerPlayer['jinco98'/8270, l='ServerLevel[world]', x=-126.56, y=67.00, z=-104.25] is dead or in a banned dimension the_nether
[11Jun2026 00:43:29.122] [Server thread/INFO] [net.minecraft.server.MinecraftServer/]: MayEL1207 has made the advancement [Monster Hunter]
[11Jun2026 00:44:21.331] [Server thread/DEBUG] [atomicstryker.dynamiclights.server.DynamicLights/]: Calling addLightSource on entity ServerPlayer['jinco98'/8270, l='ServerLevel[world]', x=-135.40, y=67.36, z=-102.13], dimensionLocationPath the_nether
[11Jun2026 00:44:21.332] [Server thread/DEBUG] [atomicstryker.dynamiclights.server.DynamicLights/]: Cannot add Dynamic Light: Attachment Entity ServerPlayer['jinco98'/8270, l='ServerLevel[world]', x=-135.40, y=67.36, z=-102.13] is dead or in a banned dimension the_nether
[11Jun2026 00:44:21.430] [Server thread/DEBUG] [atomicstryker.dynamiclights.server.DynamicLights/]: Calling addLightSource on entity ServerPlayer['jinco98'/8270, l='ServerLevel[world]', x=-135.50, y=67.19, z=-101.96], dimensionLocationPath the_nether
[11Jun2026 00:44:21.430] [Server thread/DEBUG] [atomicstryker.dynamiclights.server.DynamicLights/]: Cannot add Dynamic Light: Attachment Entity ServerPlayer['jinco98'/8270, l='ServerLevel[world]', x=-135.50, y=67.19, z=-101.96] is dead or in a banned dimension the_nether
[11Jun2026 00:44:21.530] [Server thread/DEBUG] [atomicstryker.dynamiclights.server.DynamicLights/]: Calling addLightSource on entity ServerPlayer['jinco98'/8270, l='ServerLevel[world]', x=-135.90, y=67.30, z=-101.77], dimensionLocationPath the_nether
[11Jun2026 00:44:21.530] [Server thread/DEBUG] [atomicstryker.dynamiclights.server.DynamicLights/]: Cannot add Dynamic Light: Attachment Entity ServerPlayer['jinco98'/8270, l='ServerLevel[world]', x=-135.90, y=67.30, z=-101.77] is dead or in a banned dimension the_nether
[11Jun2026 00:44:21.631] [Server thread/DEBUG] [atomicstryker.dynamiclights.server.DynamicLights/]: Calling addLightSource on entity ServerPlayer['jinco98'/8270, l='ServerLevel[world]', x=-136.19, y=67.45, z=-101.62], dimensionLocationPath the_nether
[11Jun2026 00:44:21.631] [Server thread/DEBUG] [atomicstryker.dynamiclights.server.DynamicLights/]: Cannot add Dynamic Light: Attachment Entity ServerPlayer['jinco98'/8270, l='ServerLevel[world]', x=-136.19, y=67.45, z=-101.62] is dead or in a banned dimension the_nether
[11Jun2026 00:44:21.731] [Server thread/DEBUG] [atomicstryker.dynamiclights.server.DynamicLights/]: Calling addLightSource on entity ServerPlayer['jinco98'/8270, l='ServerLevel[world]', x=-136.44, y=67.28, z=-101.42], dimensionLocationPath the_nether
[11Jun2026 00:44:21.731] [Server thread/DEBUG] [atomicstryker.dynamiclights.server.DynamicLights/]: Cannot add Dynamic Light: Attachment Entity ServerPlayer['jinco98'/8270, l='ServerLevel[world]', x=-136.44, y=67.28, z=-101.42] is dead or in a banned dimension the_nether
[11Jun2026 00:44:21.831] [Server thread/DEBUG] [atomicstryker.dynamiclights.server.DynamicLights/]: Calling addLightSource on entity ServerPlayer['jinco98'/8270, l='ServerLevel[world]', x=-136.63, y=67.00, z=-101.18], dimensionLocationPath the_nether
[11Jun2026 00:44:21.831] [Server thread/DEBUG] [atomicstryker.dynamiclights.server.DynamicLights/]: Cannot add Dynamic Light: Attachment Entity ServerPlayer['jinco98'/8270, l='ServerLevel[world]', x=-136.63, y=67.00, z=-101.18] is dead or in a banned dimension the_nether
[11Jun2026 00:44:21.930] [Server thread/DEBUG] [atomicstryker.dynamiclights.server.DynamicLights/]: Calling addLightSource on entity ServerPlayer['jinco98'/8270, l='ServerLevel[world]', x=-136.70, y=67.00, z=-100.83], dimensionLocationPath the_nether
[11Jun2026 00:44:21.930] [Server thread/DEBUG] [atomicstryker.dynamiclights.server.DynamicLights/]: Cannot add Dynamic Light: Attachment Entity ServerPlayer['jinco98'/8270, l='ServerLevel[world]', x=-136.70, y=67.00, z=-100.83] is dead or in a banned dimension the_nether
[11Jun2026 00:44:22.030] [Server thread/DEBUG] [atomicstryker.dynamiclights.server.DynamicLights/]: Calling addLightSource on entity ServerPlayer['jinco98'/8270, l='ServerLevel[world]', x=-136.68, y=67.00, z=-100.50], dimensionLocationPath the_nether
[11Jun2026 00:44:22.030] [Server thread/DEBUG] [atomicstryker.dynamiclights.server.DynamicLights/]: Cannot add Dynamic Light: Attachment Entity ServerPlayer['jinco98'/8270, l='ServerLevel[world]', x=-136.68, y=67.00, z=-100.50] is dead or in a banned dimension the_nether
[11Jun2026 00:44:22.131] [Server thread/DEBUG] [atomicstryker.dynamiclights.server.DynamicLights/]: Calling addLightSource on entity ServerPlayer['jinco98'/8270, l='ServerLevel[world]', x=-136.70, y=67.00, z=-100.60], dimensionLocationPath the_nether
[11Jun2026 00:44:22.131] [Server thread/DEBUG] [atomicstryker.dynamiclights.server.DynamicLights/]: Cannot add Dynamic Light: Attachment Entity ServerPlayer['jinco98'/8270, l='ServerLevel[world]', x=-136.70, y=67.00, z=-100.60] is dead or in a banned dimension the_nether
[11Jun2026 00:44:22.230] [Server thread/DEBUG] [atomicstryker.dynamiclights.server.DynamicLights/]: Calling addLightSource on entity ServerPlayer['jinco98'/8270, l='ServerLevel[world]', x=-136.64, y=67.00, z=-100.71], dimensionLocationPath the_nether
[11Jun2026 00:44:22.230] [Server thread/DEBUG] [atomicstryker.dynamiclights.server.DynamicLights/]: Cannot add Dynamic Light: Attachment Entity ServerPlayer['jinco98'/8270, l='ServerLevel[world]', x=-136.64, y=67.00, z=-100.71] is dead or in a banned dimension the_nether
[11Jun2026 00:44:22.335] [Server thread/INFO] [net.minecraft.server.MinecraftServer/]: jinco98 was burned to a crisp while fighting Blaze
[11Jun2026 00:47:23.121] [Server thread/DEBUG] [net.neoforged.neoforge.common.CommonHooks/WP]: Gathered mod list to write to world save world
[11Jun2026 00:47:28.930] [Server thread/INFO] [net.minecraft.server.MinecraftServer/]: MayEL1207 was shot by Skeleton
[11Jun2026 00:47:29.184] [Server thread/DEBUG] [atomicstryker.dynamiclights.server.DynamicLights/]: Calling addLightSource on entity ServerPlayer['jinco98'/8270, l='ServerLevel[world]', x=-187.95, y=67.36, z=-115.86], dimensionLocationPath the_nether
[11Jun2026 00:47:29.184] [Server thread/DEBUG] [atomicstryker.dynamiclights.server.DynamicLights/]: Cannot add Dynamic Light: Attachment Entity ServerPlayer['jinco98'/8270, l='ServerLevel[world]', x=-187.95, y=67.36, z=-115.86] is dead or in a banned dimension the_nether
[11Jun2026 00:47:29.282] [Server thread/DEBUG] [atomicstryker.dynamiclights.server.DynamicLights/]: Calling addLightSource on entity ServerPlayer['jinco98'/8270, l='ServerLevel[world]', x=-188.56, y=67.19, z=-115.73], dimensionLocationPath the_nether
[11Jun2026 00:47:29.282] [Server thread/DEBUG] [atomicstryker.dynamiclights.server.DynamicLights/]: Cannot add Dynamic Light: Attachment Entity ServerPlayer['jinco98'/8270, l='ServerLevel[world]', x=-188.56, y=67.19, z=-115.73] is dead or in a banned dimension the_nether
[11Jun2026 00:47:29.382] [Server thread/DEBUG] [atomicstryker.dynamiclights.server.DynamicLights/]: Calling addLightSource on entity ServerPlayer['jinco98'/8270, l='ServerLevel[world]', x=-188.50, y=67.30, z=-115.68], dimensionLocationPath the_nether
[11Jun2026 00:47:29.382] [Server thread/DEBUG] [atomicstryker.dynamiclights.server.DynamicLights/]: Cannot add Dynamic Light: Attachment Entity ServerPlayer['jinco98'/8270, l='ServerLevel[world]', x=-188.50, y=67.30, z=-115.68] is dead or in a banned dimension the_nether
[11Jun2026 00:47:29.481] [Server thread/DEBUG] [atomicstryker.dynamiclights.server.DynamicLights/]: Calling addLightSource on entity ServerPlayer['jinco98'/8270, l='ServerLevel[world]', x=-188.23, y=67.45, z=-115.68], dimensionLocationPath the_nether
[11Jun2026 00:47:29.481] [Server thread/DEBUG] [atomicstryker.dynamiclights.server.DynamicLights/]: Cannot add Dynamic Light: Attachment Entity ServerPlayer['jinco98'/8270, l='ServerLevel[world]', x=-188.23, y=67.45, z=-115.68] is dead or in a banned dimension the_nether
[11Jun2026 00:47:29.581] [Server thread/DEBUG] [atomicstryker.dynamiclights.server.DynamicLights/]: Calling addLightSource on entity ServerPlayer['jinco98'/8270, l='ServerLevel[world]', x=-187.92, y=67.28, z=-115.66], dimensionLocationPath the_nether
[11Jun2026 00:47:29.581] [Server thread/DEBUG] [atomicstryker.dynamiclights.server.DynamicLights/]: Cannot add Dynamic Light: Attachment Entity ServerPlayer['jinco98'/8270, l='ServerLevel[world]', x=-187.92, y=67.28, z=-115.66] is dead or in a banned dimension the_nether
[11Jun2026 00:47:29.680] [Server thread/DEBUG] [atomicstryker.dynamiclights.server.DynamicLights/]: Calling addLightSource on entity ServerPlayer['jinco98'/8270, l='ServerLevel[world]', x=-187.60, y=67.00, z=-115.64], dimensionLocationPath the_nether
[11Jun2026 00:47:29.681] [Server thread/DEBUG] [atomicstryker.dynamiclights.server.DynamicLights/]: Cannot add Dynamic Light: Attachment Entity ServerPlayer['jinco98'/8270, l='ServerLevel[world]', x=-187.60, y=67.00, z=-115.64] is dead or in a banned dimension the_nether
[11Jun2026 00:47:29.782] [Server thread/DEBUG] [atomicstryker.dynamiclights.server.DynamicLights/]: Calling addLightSource on entity ServerPlayer['jinco98'/8270, l='ServerLevel[world]', x=-187.26, y=67.00, z=-115.61], dimensionLocationPath the_nether
[11Jun2026 00:47:29.782] [Server thread/DEBUG] [atomicstryker.dynamiclights.server.DynamicLights/]: Cannot add Dynamic Light: Attachment Entity ServerPlayer['jinco98'/8270, l='ServerLevel[world]', x=-187.26, y=67.00, z=-115.61] is dead or in a banned dimension the_nether
[11Jun2026 00:47:29.881] [Server thread/DEBUG] [atomicstryker.dynamiclights.server.DynamicLights/]: Calling addLightSource on entity ServerPlayer['jinco98'/8270, l='ServerLevel[world]', x=-186.88, y=67.00, z=-115.55], dimensionLocationPath the_nether
[11Jun2026 00:47:29.882] [Server thread/DEBUG] [atomicstryker.dynamiclights.server.DynamicLights/]: Cannot add Dynamic Light: Attachment Entity ServerPlayer['jinco98'/8270, l='ServerLevel[world]', x=-186.88, y=67.00, z=-115.55] is dead or in a banned dimension the_nether
[11Jun2026 00:47:29.986] [Server thread/DEBUG] [atomicstryker.dynamiclights.server.DynamicLights/]: Calling addLightSource on entity ServerPlayer['jinco98'/8270, l='ServerLevel[world]', x=-186.46, y=67.00, z=-115.48], dimensionLocationPath the_nether
[11Jun2026 00:47:29.986] [Server thread/DEBUG] [atomicstryker.dynamiclights.server.DynamicLights/]: Cannot add Dynamic Light: Attachment Entity ServerPlayer['jinco98'/8270, l='ServerLevel[world]', x=-186.46, y=67.00, z=-115.48] is dead or in a banned dimension the_nether
[11Jun2026 00:47:30.081] [Server thread/DEBUG] [atomicstryker.dynamiclights.server.DynamicLights/]: Calling addLightSource on entity ServerPlayer['jinco98'/8270, l='ServerLevel[world]', x=-186.07, y=67.00, z=-115.59], dimensionLocationPath the_nether
[11Jun2026 00:47:30.081] [Server thread/DEBUG] [atomicstryker.dynamiclights.server.DynamicLights/]: Cannot add Dynamic Light: Attachment Entity ServerPlayer['jinco98'/8270, l='ServerLevel[world]', x=-186.07, y=67.00, z=-115.59] is dead or in a banned dimension the_nether
[11Jun2026 00:47:30.182] [Server thread/DEBUG] [atomicstryker.dynamiclights.server.DynamicLights/]: Calling addLightSource on entity ServerPlayer['jinco98'/8270, l='ServerLevel[world]', x=-185.71, y=67.00, z=-115.80], dimensionLocationPath the_nether
[11Jun2026 00:47:30.182] [Server thread/DEBUG] [atomicstryker.dynamiclights.server.DynamicLights/]: Cannot add Dynamic Light: Attachment Entity ServerPlayer['jinco98'/8270, l='ServerLevel[world]', x=-185.71, y=67.00, z=-115.80] is dead or in a banned dimension the_nether
[11Jun2026 00:47:30.281] [Server thread/DEBUG] [atomicstryker.dynamiclights.server.DynamicLights/]: Calling addLightSource on entity ServerPlayer['jinco98'/8270, l='ServerLevel[world]', x=-185.34, y=67.00, z=-116.04], dimensionLocationPath the_nether
[11Jun2026 00:47:30.281] [Server thread/DEBUG] [atomicstryker.dynamiclights.server.DynamicLights/]: Cannot add Dynamic Light: Attachment Entity ServerPlayer['jinco98'/8270, l='ServerLevel[world]', x=-185.34, y=67.00, z=-116.04] is dead or in a banned dimension the_nether
[11Jun2026 00:47:30.388] [Server thread/DEBUG] [atomicstryker.dynamiclights.server.DynamicLights/]: Calling addLightSource on entity ServerPlayer['jinco98'/8270, l='ServerLevel[world]', x=-185.08, y=67.00, z=-116.23], dimensionLocationPath the_nether
[11Jun2026 00:47:30.388] [Server thread/DEBUG] [atomicstryker.dynamiclights.server.DynamicLights/]: Cannot add Dynamic Light: Attachment Entity ServerPlayer['jinco98'/8270, l='ServerLevel[world]', x=-185.08, y=67.00, z=-116.23] is dead or in a banned dimension the_nether
[11Jun2026 00:47:30.481] [Server thread/DEBUG] [atomicstryker.dynamiclights.server.DynamicLights/]: Calling addLightSource on entity ServerPlayer['jinco98'/8270, l='ServerLevel[world]', x=-184.81, y=67.00, z=-116.42], dimensionLocationPath the_nether
[11Jun2026 00:47:30.481] [Server thread/DEBUG] [atomicstryker.dynamiclights.server.DynamicLights/]: Cannot add Dynamic Light: Attachment Entity ServerPlayer['jinco98'/8270, l='ServerLevel[world]', x=-184.81, y=67.00, z=-116.42] is dead or in a banned dimension the_nether
[11Jun2026 00:47:30.581] [Server thread/DEBUG] [atomicstryker.dynamiclights.server.DynamicLights/]: Calling addLightSource on entity ServerPlayer['jinco98'/8270, l='ServerLevel[world]', x=-184.48, y=67.00, z=-116.67], dimensionLocationPath the_nether
[11Jun2026 00:47:30.581] [Server thread/DEBUG] [atomicstryker.dynamiclights.server.DynamicLights/]: Cannot add Dynamic Light: Attachment Entity ServerPlayer['jinco98'/8270, l='ServerLevel[world]', x=-184.48, y=67.00, z=-116.67] is dead or in a banned dimension the_nether
[11Jun2026 00:47:30.680] [Server thread/DEBUG] [atomicstryker.dynamiclights.server.DynamicLights/]: Calling addLightSource on entity ServerPlayer['jinco98'/8270, l='ServerLevel[world]', x=-184.09, y=67.00, z=-116.74], dimensionLocationPath the_nether
[11Jun2026 00:47:30.680] [Server thread/DEBUG] [atomicstryker.dynamiclights.server.DynamicLights/]: Cannot add Dynamic Light: Attachment Entity ServerPlayer['jinco98'/8270, l='ServerLevel[world]', x=-184.09, y=67.00, z=-116.74] is dead or in a banned dimension the_nether
[11Jun2026 00:47:30.781] [Server thread/DEBUG] [atomicstryker.dynamiclights.server.DynamicLights/]: Calling addLightSource on entity ServerPlayer['jinco98'/8270, l='ServerLevel[world]', x=-183.70, y=67.00, z=-116.66], dimensionLocationPath the_nether
[11Jun2026 00:47:30.781] [Server thread/DEBUG] [atomicstryker.dynamiclights.server.DynamicLights/]: Cannot add Dynamic Light: Attachment Entity ServerPlayer['jinco98'/8270, l='ServerLevel[world]', x=-183.70, y=67.00, z=-116.66] is dead or in a banned dimension the_nether
[11Jun2026 00:47:30.881] [Server thread/DEBUG] [atomicstryker.dynamiclights.server.DynamicLights/]: Calling addLightSource on entity ServerPlayer['jinco98'/8270, l='ServerLevel[world]', x=-183.38, y=67.00, z=-116.42], dimensionLocationPath the_nether
[11Jun2026 00:47:30.881] [Server thread/DEBUG] [atomicstryker.dynamiclights.server.DynamicLights/]: Cannot add Dynamic Light: Attachment Entity ServerPlayer['jinco98'/8270, l='ServerLevel[world]', x=-183.38, y=67.00, z=-116.42] is dead or in a banned dimension the_nether
[11Jun2026 00:47:30.992] [Server thread/DEBUG] [atomicstryker.dynamiclights.server.DynamicLights/]: Calling addLightSource on entity ServerPlayer['jinco98'/8270, l='ServerLevel[world]', x=-183.25, y=67.00, z=-116.26], dimensionLocationPath the_nether
[11Jun2026 00:47:30.993] [Server thread/DEBUG] [atomicstryker.dynamiclights.server.DynamicLights/]: Cannot add Dynamic Light: Attachment Entity ServerPlayer['jinco98'/8270, l='ServerLevel[world]', x=-183.25, y=67.00, z=-116.26] is dead or in a banned dimension the_nether
[11Jun2026 00:47:31.102] [Server thread/DEBUG] [atomicstryker.dynamiclights.server.DynamicLights/]: Calling addLightSource on entity ServerPlayer['jinco98'/8270, l='ServerLevel[world]', x=-182.82, y=67.00, z=-115.85], dimensionLocationPath the_nether
[11Jun2026 00:47:31.102] [Server thread/DEBUG] [atomicstryker.dynamiclights.server.DynamicLights/]: Cannot add Dynamic Light: Attachment Entity ServerPlayer['jinco98'/8270, l='ServerLevel[world]', x=-182.82, y=67.00, z=-115.85] is dead or in a banned dimension the_nether
[11Jun2026 00:47:31.191] [Server thread/DEBUG] [atomicstryker.dynamiclights.server.DynamicLights/]: Calling addLightSource on entity ServerPlayer['jinco98'/8270, l='ServerLevel[world]', x=-182.49, y=67.00, z=-115.95], dimensionLocationPath the_nether
[11Jun2026 00:47:31.191] [Server thread/DEBUG] [atomicstryker.dynamiclights.server.DynamicLights/]: Cannot add Dynamic Light: Attachment Entity ServerPlayer['jinco98'/8270, l='ServerLevel[world]', x=-182.49, y=67.00, z=-115.95] is dead or in a banned dimension the_nether
[11Jun2026 00:47:31.285] [Server thread/DEBUG] [atomicstryker.dynamiclights.server.DynamicLights/]: Calling addLightSource on entity ServerPlayer['jinco98'/8270, l='ServerLevel[world]', x=-182.20, y=67.00, z=-116.21], dimensionLocationPath the_nether
[11Jun2026 00:47:31.285] [Server thread/DEBUG] [atomicstryker.dynamiclights.server.DynamicLights/]: Cannot add Dynamic Light: Attachment Entity ServerPlayer['jinco98'/8270, l='ServerLevel[world]', x=-182.20, y=67.00, z=-116.21] is dead or in a banned dimension the_nether
[11Jun2026 00:47:31.394] [Server thread/DEBUG] [atomicstryker.dynamiclights.server.DynamicLights/]: Calling addLightSource on entity ServerPlayer['jinco98'/8270, l='ServerLevel[world]', x=-181.99, y=67.00, z=-116.40], dimensionLocationPath the_nether
[11Jun2026 00:47:31.394] [Server thread/DEBUG] [atomicstryker.dynamiclights.server.DynamicLights/]: Cannot add Dynamic Light: Attachment Entity ServerPlayer['jinco98'/8270, l='ServerLevel[world]', x=-181.99, y=67.00, z=-116.40] is dead or in a banned dimension the_nether
[11Jun2026 00:47:31.497] [Server thread/DEBUG] [atomicstryker.dynamiclights.server.DynamicLights/]: Calling addLightSource on entity ServerPlayer['jinco98'/8270, l='ServerLevel[world]', x=-181.68, y=67.00, z=-116.32], dimensionLocationPath the_nether
[11Jun2026 00:47:31.497] [Server thread/DEBUG] [atomicstryker.dynamiclights.server.DynamicLights/]: Cannot add Dynamic Light: Attachment Entity ServerPlayer['jinco98'/8270, l='ServerLevel[world]', x=-181.68, y=67.00, z=-116.32] is dead or in a banned dimension the_nether
[11Jun2026 00:47:31.595] [Server thread/DEBUG] [atomicstryker.dynamiclights.server.DynamicLights/]: Calling addLightSource on entity ServerPlayer['jinco98'/8270, l='ServerLevel[world]', x=-181.51, y=67.00, z=-116.24], dimensionLocationPath the_nether
[11Jun2026 00:47:31.595] [Server thread/DEBUG] [atomicstryker.dynamiclights.server.DynamicLights/]: Cannot add Dynamic Light: Attachment Entity ServerPlayer['jinco98'/8270, l='ServerLevel[world]', x=-181.51, y=67.00, z=-116.24] is dead or in a banned dimension the_nether
[11Jun2026 00:47:31.698] [Server thread/DEBUG] [atomicstryker.dynamiclights.server.DynamicLights/]: Calling addLightSource on entity ServerPlayer['jinco98'/8270, l='ServerLevel[world]', x=-181.04, y=67.00, z=-115.86], dimensionLocationPath the_nether
[11Jun2026 00:47:31.698] [Server thread/DEBUG] [atomicstryker.dynamiclights.server.DynamicLights/]: Cannot add Dynamic Light: Attachment Entity ServerPlayer['jinco98'/8270, l='ServerLevel[world]', x=-181.04, y=67.00, z=-115.86] is dead or in a banned dimension the_nether
[11Jun2026 00:47:31.812] [Server thread/DEBUG] [atomicstryker.dynamiclights.server.DynamicLights/]: Calling addLightSource on entity ServerPlayer['jinco98'/8270, l='ServerLevel[world]', x=-180.93, y=67.00, z=-115.68], dimensionLocationPath the_nether
[11Jun2026 00:47:31.812] [Server thread/DEBUG] [atomicstryker.dynamiclights.server.DynamicLights/]: Cannot add Dynamic Light: Attachment Entity ServerPlayer['jinco98'/8270, l='ServerLevel[world]', x=-180.93, y=67.00, z=-115.68] is dead or in a banned dimension the_nether
[11Jun2026 00:47:31.905] [Server thread/DEBUG] [atomicstryker.dynamiclights.server.DynamicLights/]: Calling addLightSource on entity ServerPlayer['jinco98'/8270, l='ServerLevel[world]', x=-180.65, y=67.00, z=-115.11], dimensionLocationPath the_nether
[11Jun2026 00:47:31.905] [Server thread/DEBUG] [atomicstryker.dynamiclights.server.DynamicLights/]: Cannot add Dynamic Light: Attachment Entity ServerPlayer['jinco98'/8270, l='ServerLevel[world]', x=-180.65, y=67.00, z=-115.11] is dead or in a banned dimension the_nether
[11Jun2026 00:47:32.004] [Server thread/DEBUG] [atomicstryker.dynamiclights.server.DynamicLights/]: Calling addLightSource on entity ServerPlayer['jinco98'/8270, l='ServerLevel[world]', x=-180.68, y=67.00, z=-114.71], dimensionLocationPath the_nether
[11Jun2026 00:47:32.004] [Server thread/DEBUG] [atomicstryker.dynamiclights.server.DynamicLights/]: Cannot add Dynamic Light: Attachment Entity ServerPlayer['jinco98'/8270, l='ServerLevel[world]', x=-180.68, y=67.00, z=-114.71] is dead or in a banned dimension the_nether
[11Jun2026 00:47:32.109] [Server thread/DEBUG] [atomicstryker.dynamiclights.server.DynamicLights/]: Calling addLightSource on entity ServerPlayer['jinco98'/8270, l='ServerLevel[world]', x=-180.82, y=67.00, z=-114.31], dimensionLocationPath the_nether
[11Jun2026 00:47:32.109] [Server thread/DEBUG] [atomicstryker.dynamiclights.server.DynamicLights/]: Cannot add Dynamic Light: Attachment Entity ServerPlayer['jinco98'/8270, l='ServerLevel[world]', x=-180.82, y=67.00, z=-114.31] is dead or in a banned dimension the_nether
[11Jun2026 00:47:32.199] [Server thread/DEBUG] [atomicstryker.dynamiclights.server.DynamicLights/]: Calling addLightSource on entity ServerPlayer['jinco98'/8270, l='ServerLevel[world]', x=-181.01, y=67.00, z=-113.93], dimensionLocationPath the_nether
[11Jun2026 00:47:32.200] [Server thread/DEBUG] [atomicstryker.dynamiclights.server.DynamicLights/]: Cannot add Dynamic Light: Attachment Entity ServerPlayer['jinco98'/8270, l='ServerLevel[world]', x=-181.01, y=67.00, z=-113.93] is dead or in a banned dimension the_nether
[11Jun2026 00:47:32.298] [Server thread/DEBUG] [atomicstryker.dynamiclights.server.DynamicLights/]: Calling addLightSource on entity ServerPlayer['jinco98'/8270, l='ServerLevel[world]', x=-181.20, y=67.00, z=-113.56], dimensionLocationPath the_nether
[11Jun2026 00:47:32.298] [Server thread/DEBUG] [atomicstryker.dynamiclights.server.DynamicLights/]: Cannot add Dynamic Light: Attachment Entity ServerPlayer['jinco98'/8270, l='ServerLevel[world]', x=-181.20, y=67.00, z=-113.56] is dead or in a banned dimension the_nether
[11Jun2026 00:47:32.396] [Server thread/DEBUG] [atomicstryker.dynamiclights.server.DynamicLights/]: Calling addLightSource on entity ServerPlayer['jinco98'/8270, l='ServerLevel[world]', x=-181.33, y=67.00, z=-113.29], dimensionLocationPath the_nether
[11Jun2026 00:47:32.396] [Server thread/DEBUG] [atomicstryker.dynamiclights.server.DynamicLights/]: Cannot add Dynamic Light: Attachment Entity ServerPlayer['jinco98'/8270, l='ServerLevel[world]', x=-181.33, y=67.00, z=-113.29] is dead or in a banned dimension the_nether
[11Jun2026 00:47:32.513] [Server thread/DEBUG] [atomicstryker.dynamiclights.server.DynamicLights/]: Calling addLightSource on entity ServerPlayer['jinco98'/8270, l='ServerLevel[world]', x=-181.59, y=67.00, z=-113.08], dimensionLocationPath the_nether
[11Jun2026 00:47:32.513] [Server thread/DEBUG] [atomicstryker.dynamiclights.server.DynamicLights/]: Cannot add Dynamic Light: Attachment Entity ServerPlayer['jinco98'/8270, l='ServerLevel[world]', x=-181.59, y=67.00, z=-113.08] is dead or in a banned dimension the_nether
[11Jun2026 00:47:32.605] [Server thread/DEBUG] [atomicstryker.dynamiclights.server.DynamicLights/]: Calling addLightSource on entity ServerPlayer['jinco98'/8270, l='ServerLevel[world]', x=-181.67, y=67.00, z=-112.77], dimensionLocationPath the_nether
[11Jun2026 00:47:32.605] [Server thread/DEBUG] [atomicstryker.dynamiclights.server.DynamicLights/]: Cannot add Dynamic Light: Attachment Entity ServerPlayer['jinco98'/8270, l='ServerLevel[world]', x=-181.67, y=67.00, z=-112.77] is dead or in a banned dimension the_nether
[11Jun2026 00:47:32.701] [Server thread/DEBUG] [atomicstryker.dynamiclights.server.DynamicLights/]: Calling addLightSource on entity ServerPlayer['jinco98'/8270, l='ServerLevel[world]', x=-181.54, y=67.00, z=-112.40], dimensionLocationPath the_nether
[11Jun2026 00:47:32.701] [Server thread/DEBUG] [atomicstryker.dynamiclights.server.DynamicLights/]: Cannot add Dynamic Light: Attachment Entity ServerPlayer['jinco98'/8270, l='ServerLevel[world]', x=-181.54, y=67.00, z=-112.40] is dead or in a banned dimension the_nether
[11Jun2026 00:47:32.799] [Server thread/DEBUG] [atomicstryker.dynamiclights.server.DynamicLights/]: Calling addLightSource on entity ServerPlayer['jinco98'/8270, l='ServerLevel[world]', x=-181.33, y=67.00, z=-112.06], dimensionLocationPath the_nether
[11Jun2026 00:47:32.799] [Server thread/DEBUG] [atomicstryker.dynamiclights.server.DynamicLights/]: Cannot add Dynamic Light: Attachment Entity ServerPlayer['jinco98'/8270, l='ServerLevel[world]', x=-181.33, y=67.00, z=-112.06] is dead or in a banned dimension the_nether
[11Jun2026 00:47:32.934] [Server thread/DEBUG] [atomicstryker.dynamiclights.server.DynamicLights/]: Calling addLightSource on entity ServerPlayer['jinco98'/8270, l='ServerLevel[world]', x=-181.16, y=67.00, z=-111.95], dimensionLocationPath the_nether
[11Jun2026 00:47:32.934] [Server thread/DEBUG] [atomicstryker.dynamiclights.server.DynamicLights/]: Cannot add Dynamic Light: Attachment Entity ServerPlayer['jinco98'/8270, l='ServerLevel[world]', x=-181.16, y=67.00, z=-111.95] is dead or in a banned dimension the_nether
[11Jun2026 00:47:32.992] [Server thread/DEBUG] [atomicstryker.dynamiclights.server.DynamicLights/]: Calling addLightSource on entity ServerPlayer['jinco98'/8270, l='ServerLevel[world]', x=-180.79, y=67.00, z=-111.85], dimensionLocationPath the_nether
[11Jun2026 00:47:32.992] [Server thread/DEBUG] [atomicstryker.dynamiclights.server.DynamicLights/]: Cannot add Dynamic Light: Attachment Entity ServerPlayer['jinco98'/8270, l='ServerLevel[world]', x=-180.79, y=67.00, z=-111.85] is dead or in a banned dimension the_nether
[11Jun2026 00:47:33.092] [Server thread/DEBUG] [atomicstryker.dynamiclights.server.DynamicLights/]: Calling addLightSource on entity ServerPlayer['jinco98'/8270, l='ServerLevel[world]', x=-180.66, y=67.00, z=-111.93], dimensionLocationPath the_nether
[11Jun2026 00:47:33.092] [Server thread/DEBUG] [atomicstryker.dynamiclights.server.DynamicLights/]: Cannot add Dynamic Light: Attachment Entity ServerPlayer['jinco98'/8270, l='ServerLevel[world]', x=-180.66, y=67.00, z=-111.93] is dead or in a banned dimension the_nether
[11Jun2026 00:47:33.232] [Server thread/DEBUG] [atomicstryker.dynamiclights.server.DynamicLights/]: Calling addLightSource on entity ServerPlayer['jinco98'/8270, l='ServerLevel[world]', x=-180.83, y=67.00, z=-112.19], dimensionLocationPath the_nether
[11Jun2026 00:47:33.232] [Server thread/DEBUG] [atomicstryker.dynamiclights.server.DynamicLights/]: Cannot add Dynamic Light: Attachment Entity ServerPlayer['jinco98'/8270, l='ServerLevel[world]', x=-180.83, y=67.00, z=-112.19] is dead or in a banned dimension the_nether
[11Jun2026 00:47:33.287] [Server thread/DEBUG] [atomicstryker.dynamiclights.server.DynamicLights/]: Calling addLightSource on entity ServerPlayer['jinco98'/8270, l='ServerLevel[world]', x=-181.15, y=67.00, z=-112.27], dimensionLocationPath the_nether
[11Jun2026 00:47:33.287] [Server thread/DEBUG] [atomicstryker.dynamiclights.server.DynamicLights/]: Cannot add Dynamic Light: Attachment Entity ServerPlayer['jinco98'/8270, l='ServerLevel[world]', x=-181.15, y=67.00, z=-112.27] is dead or in a banned dimension the_nether
[11Jun2026 00:47:33.388] [Server thread/DEBUG] [atomicstryker.dynamiclights.server.DynamicLights/]: Calling addLightSource on entity ServerPlayer['jinco98'/8270, l='ServerLevel[world]', x=-181.48, y=67.00, z=-112.11], dimensionLocationPath the_nether
[11Jun2026 00:47:33.389] [Server thread/DEBUG] [atomicstryker.dynamiclights.server.DynamicLights/]: Cannot add Dynamic Light: Attachment Entity ServerPlayer['jinco98'/8270, l='ServerLevel[world]', x=-181.48, y=67.00, z=-112.11] is dead or in a banned dimension the_nether
[11Jun2026 00:47:33.492] [Server thread/DEBUG] [atomicstryker.dynamiclights.server.DynamicLights/]: Calling addLightSource on entity ServerPlayer['jinco98'/8270, l='ServerLevel[world]', x=-181.70, y=67.00, z=-112.00], dimensionLocationPath the_nether
[11Jun2026 00:47:33.492] [Server thread/DEBUG] [atomicstryker.dynamiclights.server.DynamicLights/]: Cannot add Dynamic Light: Attachment Entity ServerPlayer['jinco98'/8270, l='ServerLevel[world]', x=-181.70, y=67.00, z=-112.00] is dead or in a banned dimension the_nether
[11Jun2026 00:47:33.587] [Server thread/DEBUG] [atomicstryker.dynamiclights.server.DynamicLights/]: Calling addLightSource on entity ServerPlayer['jinco98'/8270, l='ServerLevel[world]', x=-181.70, y=67.00, z=-111.86], dimensionLocationPath the_nether
[11Jun2026 00:47:33.587] [Server thread/DEBUG] [atomicstryker.dynamiclights.server.DynamicLights/]: Cannot add Dynamic Light: Attachment Entity ServerPlayer['jinco98'/8270, l='ServerLevel[world]', x=-181.70, y=67.00, z=-111.86] is dead or in a banned dimension the_nether
[11Jun2026 00:47:33.687] [Server thread/DEBUG] [atomicstryker.dynamiclights.server.DynamicLights/]: Calling addLightSource on entity ServerPlayer['jinco98'/8270, l='ServerLevel[world]', x=-181.70, y=67.00, z=-111.65], dimensionLocationPath the_nether
[11Jun2026 00:47:33.687] [Server thread/DEBUG] [atomicstryker.dynamiclights.server.DynamicLights/]: Cannot add Dynamic Light: Attachment Entity ServerPlayer['jinco98'/8270, l='ServerLevel[world]', x=-181.70, y=67.00, z=-111.65] is dead or in a banned dimension the_nether
[11Jun2026 00:47:33.784] [Server thread/DEBUG] [atomicstryker.dynamiclights.server.DynamicLights/]: Calling addLightSource on entity ServerPlayer['jinco98'/8270, l='ServerLevel[world]', x=-181.70, y=67.00, z=-111.37], dimensionLocationPath the_nether
[11Jun2026 00:47:33.785] [Server thread/DEBUG] [atomicstryker.dynamiclights.server.DynamicLights/]: Cannot add Dynamic Light: Attachment Entity ServerPlayer['jinco98'/8270, l='ServerLevel[world]', x=-181.70, y=67.00, z=-111.37] is dead or in a banned dimension the_nether
[11Jun2026 00:47:33.887] [Server thread/DEBUG] [atomicstryker.dynamiclights.server.DynamicLights/]: Calling addLightSource on entity ServerPlayer['jinco98'/8270, l='ServerLevel[world]', x=-181.70, y=67.00, z=-111.08], dimensionLocationPath the_nether
[11Jun2026 00:47:33.887] [Server thread/DEBUG] [atomicstryker.dynamiclights.server.DynamicLights/]: Cannot add Dynamic Light: Attachment Entity ServerPlayer['jinco98'/8270, l='ServerLevel[world]', x=-181.70, y=67.00, z=-111.08] is dead or in a banned dimension the_nether
[11Jun2026 00:47:33.985] [Server thread/DEBUG] [atomicstryker.dynamiclights.server.DynamicLights/]: Calling addLightSource on entity ServerPlayer['jinco98'/8270, l='ServerLevel[world]', x=-181.70, y=67.00, z=-110.77], dimensionLocationPath the_nether
[11Jun2026 00:47:33.985] [Server thread/DEBUG] [atomicstryker.dynamiclights.server.DynamicLights/]: Cannot add Dynamic Light: Attachment Entity ServerPlayer['jinco98'/8270, l='ServerLevel[world]', x=-181.70, y=67.00, z=-110.77] is dead or in a banned dimension the_nether
[11Jun2026 00:47:34.085] [Server thread/DEBUG] [atomicstryker.dynamiclights.server.DynamicLights/]: Calling addLightSource on entity ServerPlayer['jinco98'/8270, l='ServerLevel[world]', x=-181.69, y=67.00, z=-110.38], dimensionLocationPath the_nether
[11Jun2026 00:47:34.086] [Server thread/DEBUG] [atomicstryker.dynamiclights.server.DynamicLights/]: Cannot add Dynamic Light: Attachment Entity ServerPlayer['jinco98'/8270, l='ServerLevel[world]', x=-181.69, y=67.00, z=-110.38] is dead or in a banned dimension the_nether
[11Jun2026 00:50:46.931] [Server thread/INFO] [net.minecraft.server.MinecraftServer/]: MayEL1207 was slain by Wither Skeleton
[11Jun2026 00:52:23.387] [Server thread/DEBUG] [net.neoforged.neoforge.common.CommonHooks/WP]: Gathered mod list to write to world save world
[11Jun2026 00:52:52.838] [Server thread/DEBUG] [atomicstryker.dynamiclights.server.DynamicLights/]: Calling addLightSource on entity ServerPlayer['jinco98'/8270, l='ServerLevel[world]', x=-178.53, y=68.00, z=-212.48], dimensionLocationPath the_nether
[11Jun2026 00:52:52.838] [Server thread/DEBUG] [atomicstryker.dynamiclights.server.DynamicLights/]: Cannot add Dynamic Light: Attachment Entity ServerPlayer['jinco98'/8270, l='ServerLevel[world]', x=-178.53, y=68.00, z=-212.48] is dead or in a banned dimension the_nether
[11Jun2026 00:52:52.938] [Server thread/DEBUG] [atomicstryker.dynamiclights.server.DynamicLights/]: Calling addLightSource on entity ServerPlayer['jinco98'/8270, l='ServerLevel[world]', x=-178.64, y=68.00, z=-211.68], dimensionLocationPath the_nether
[11Jun2026 00:52:52.938] [Server thread/DEBUG] [atomicstryker.dynamiclights.server.DynamicLights/]: Cannot add Dynamic Light: Attachment Entity ServerPlayer['jinco98'/8270, l='ServerLevel[world]', x=-178.64, y=68.00, z=-211.68] is dead or in a banned dimension the_nether
[11Jun2026 00:52:53.038] [Server thread/DEBUG] [atomicstryker.dynamiclights.server.DynamicLights/]: Calling addLightSource on entity ServerPlayer['jinco98'/8270, l='ServerLevel[world]', x=-178.88, y=68.00, z=-211.55], dimensionLocationPath the_nether
[11Jun2026 00:52:53.038] [Server thread/DEBUG] [atomicstryker.dynamiclights.server.DynamicLights/]: Cannot add Dynamic Light: Attachment Entity ServerPlayer['jinco98'/8270, l='ServerLevel[world]', x=-178.88, y=68.00, z=-211.55] is dead or in a banned dimension the_nether
[11Jun2026 00:52:53.135] [Server thread/DEBUG] [atomicstryker.dynamiclights.server.DynamicLights/]: Calling addLightSource on entity ServerPlayer['jinco98'/8270, l='ServerLevel[world]', x=-179.21, y=69.09, z=-211.12], dimensionLocationPath the_nether
[11Jun2026 00:52:53.135] [Server thread/DEBUG] [atomicstryker.dynamiclights.server.DynamicLights/]: Cannot add Dynamic Light: Attachment Entity ServerPlayer['jinco98'/8270, l='ServerLevel[world]', x=-179.21, y=69.09, z=-211.12] is dead or in a banned dimension the_nether
[11Jun2026 00:52:53.236] [Server thread/DEBUG] [atomicstryker.dynamiclights.server.DynamicLights/]: Calling addLightSource on entity ServerPlayer['jinco98'/8270, l='ServerLevel[world]', x=-179.47, y=69.33, z=-210.95], dimensionLocationPath the_nether
[11Jun2026 00:52:53.236] [Server thread/DEBUG] [atomicstryker.dynamiclights.server.DynamicLights/]: Cannot add Dynamic Light: Attachment Entity ServerPlayer['jinco98'/8270, l='ServerLevel[world]', x=-179.47, y=69.33, z=-210.95] is dead or in a banned dimension the_nether
[11Jun2026 00:52:53.336] [Server thread/DEBUG] [atomicstryker.dynamiclights.server.DynamicLights/]: Calling addLightSource on entity ServerPlayer['jinco98'/8270, l='ServerLevel[world]', x=-179.75, y=69.26, z=-210.74], dimensionLocationPath the_nether
[11Jun2026 00:52:53.336] [Server thread/DEBUG] [atomicstryker.dynamiclights.server.DynamicLights/]: Cannot add Dynamic Light: Attachment Entity ServerPlayer['jinco98'/8270, l='ServerLevel[world]', x=-179.75, y=69.26, z=-210.74] is dead or in a banned dimension the_nether
[11Jun2026 00:52:53.436] [Server thread/DEBUG] [atomicstryker.dynamiclights.server.DynamicLights/]: Calling addLightSource on entity ServerPlayer['jinco98'/8270, l='ServerLevel[world]', x=-180.00, y=68.87, z=-210.47], dimensionLocationPath the_nether
[11Jun2026 00:52:53.436] [Server thread/DEBUG] [atomicstryker.dynamiclights.server.DynamicLights/]: Cannot add Dynamic Light: Attachment Entity ServerPlayer['jinco98'/8270, l='ServerLevel[world]', x=-180.00, y=68.87, z=-210.47] is dead or in a banned dimension the_nether
[11Jun2026 00:52:53.538] [Server thread/DEBUG] [atomicstryker.dynamiclights.server.DynamicLights/]: Calling addLightSource on entity ServerPlayer['jinco98'/8270, l='ServerLevel[world]', x=-180.22, y=68.19, z=-210.15], dimensionLocationPath the_nether
[11Jun2026 00:52:53.538] [Server thread/DEBUG] [atomicstryker.dynamiclights.server.DynamicLights/]: Cannot add Dynamic Light: Attachment Entity ServerPlayer['jinco98'/8270, l='ServerLevel[world]', x=-180.22, y=68.19, z=-210.15] is dead or in a banned dimension the_nether
[11Jun2026 00:52:53.635] [Server thread/DEBUG] [atomicstryker.dynamiclights.server.DynamicLights/]: Calling addLightSource on entity ServerPlayer['jinco98'/8270, l='ServerLevel[world]', x=-180.42, y=67.23, z=-209.79], dimensionLocationPath the_nether
[11Jun2026 00:52:53.635] [Server thread/DEBUG] [atomicstryker.dynamiclights.server.DynamicLights/]: Cannot add Dynamic Light: Attachment Entity ServerPlayer['jinco98'/8270, l='ServerLevel[world]', x=-180.42, y=67.23, z=-209.79] is dead or in a banned dimension the_nether
[11Jun2026 00:52:53.734] [Server thread/DEBUG] [atomicstryker.dynamiclights.server.DynamicLights/]: Calling addLightSource on entity ServerPlayer['jinco98'/8270, l='ServerLevel[world]', x=-180.59, y=67.00, z=-209.39], dimensionLocationPath the_nether
[11Jun2026 00:52:53.734] [Server thread/DEBUG] [atomicstryker.dynamiclights.server.DynamicLights/]: Cannot add Dynamic Light: Attachment Entity ServerPlayer['jinco98'/8270, l='ServerLevel[world]', x=-180.59, y=67.00, z=-209.39] is dead or in a banned dimension the_nether
[11Jun2026 00:52:53.835] [Server thread/DEBUG] [atomicstryker.dynamiclights.server.DynamicLights/]: Calling addLightSource on entity ServerPlayer['jinco98'/8270, l='ServerLevel[world]', x=-180.72, y=67.84, z=-208.41], dimensionLocationPath the_nether
[11Jun2026 00:52:53.835] [Server thread/DEBUG] [atomicstryker.dynamiclights.server.DynamicLights/]: Cannot add Dynamic Light: Attachment Entity ServerPlayer['jinco98'/8270, l='ServerLevel[world]', x=-180.72, y=67.84, z=-208.41] is dead or in a banned dimension the_nether
[11Jun2026 00:52:53.937] [Server thread/DEBUG] [atomicstryker.dynamiclights.server.DynamicLights/]: Calling addLightSource on entity ServerPlayer['jinco98'/8270, l='ServerLevel[world]', x=-180.76, y=68.25, z=-207.85], dimensionLocationPath the_nether
[11Jun2026 00:52:53.937] [Server thread/DEBUG] [atomicstryker.dynamiclights.server.DynamicLights/]: Cannot add Dynamic Light: Attachment Entity ServerPlayer['jinco98'/8270, l='ServerLevel[world]', x=-180.76, y=68.25, z=-207.85] is dead or in a banned dimension the_nether
[11Jun2026 00:52:54.150] [Server thread/DEBUG] [atomicstryker.dynamiclights.server.DynamicLights/]: Calling addLightSource on entity ServerPlayer['jinco98'/8270, l='ServerLevel[world]', x=-180.79, y=68.58, z=-207.37], dimensionLocationPath the_nether
[11Jun2026 00:52:54.150] [Server thread/DEBUG] [atomicstryker.dynamiclights.server.DynamicLights/]: Cannot add Dynamic Light: Attachment Entity ServerPlayer['jinco98'/8270, l='ServerLevel[world]', x=-180.79, y=68.58, z=-207.37] is dead or in a banned dimension the_nether
[11Jun2026 00:52:54.205] [Server thread/DEBUG] [atomicstryker.dynamiclights.server.DynamicLights/]: Calling addLightSource on entity ServerPlayer['jinco98'/8270, l='ServerLevel[world]', x=-180.76, y=68.92, z=-206.72], dimensionLocationPath the_nether
[11Jun2026 00:52:54.205] [Server thread/DEBUG] [atomicstryker.dynamiclights.server.DynamicLights/]: Cannot add Dynamic Light: Attachment Entity ServerPlayer['jinco98'/8270, l='ServerLevel[world]', x=-180.76, y=68.92, z=-206.72] is dead or in a banned dimension the_nether
[11Jun2026 00:52:54.288] [Server thread/DEBUG] [atomicstryker.dynamiclights.server.DynamicLights/]: Calling addLightSource on entity ServerPlayer['jinco98'/8270, l='ServerLevel[world]', x=-180.71, y=68.77, z=-206.52], dimensionLocationPath the_nether
[11Jun2026 00:52:54.288] [Server thread/DEBUG] [atomicstryker.dynamiclights.server.DynamicLights/]: Cannot add Dynamic Light: Attachment Entity ServerPlayer['jinco98'/8270, l='ServerLevel[world]', x=-180.71, y=68.77, z=-206.52] is dead or in a banned dimension the_nether
[11Jun2026 00:52:54.405] [Server thread/DEBUG] [atomicstryker.dynamiclights.server.DynamicLights/]: Calling addLightSource on entity ServerPlayer['jinco98'/8270, l='ServerLevel[world]', x=-180.58, y=68.40, z=-206.10], dimensionLocationPath the_nether
[11Jun2026 00:52:54.405] [Server thread/DEBUG] [atomicstryker.dynamiclights.server.DynamicLights/]: Cannot add Dynamic Light: Attachment Entity ServerPlayer['jinco98'/8270, l='ServerLevel[world]', x=-180.58, y=68.40, z=-206.10] is dead or in a banned dimension the_nether
[11Jun2026 00:52:54.517] [Server thread/DEBUG] [atomicstryker.dynamiclights.server.DynamicLights/]: Calling addLightSource on entity ServerPlayer['jinco98'/8270, l='ServerLevel[world]', x=-180.45, y=67.73, z=-205.66], dimensionLocationPath the_nether
[11Jun2026 00:52:54.517] [Server thread/DEBUG] [atomicstryker.dynamiclights.server.DynamicLights/]: Cannot add Dynamic Light: Attachment Entity ServerPlayer['jinco98'/8270, l='ServerLevel[world]', x=-180.45, y=67.73, z=-205.66] is dead or in a banned dimension the_nether
[11Jun2026 00:52:54.593] [Server thread/DEBUG] [atomicstryker.dynamiclights.server.DynamicLights/]: Calling addLightSource on entity ServerPlayer['jinco98'/8270, l='ServerLevel[world]', x=-180.34, y=67.34, z=-205.20], dimensionLocationPath the_nether
[11Jun2026 00:52:54.593] [Server thread/DEBUG] [atomicstryker.dynamiclights.server.DynamicLights/]: Cannot add Dynamic Light: Attachment Entity ServerPlayer['jinco98'/8270, l='ServerLevel[world]', x=-180.34, y=67.34, z=-205.20] is dead or in a banned dimension the_nether
[11Jun2026 00:52:54.701] [Server thread/DEBUG] [atomicstryker.dynamiclights.server.DynamicLights/]: Calling addLightSource on entity ServerPlayer['jinco98'/8270, l='ServerLevel[world]', x=-180.23, y=67.84, z=-204.25], dimensionLocationPath the_nether
[11Jun2026 00:52:54.701] [Server thread/DEBUG] [atomicstryker.dynamiclights.server.DynamicLights/]: Cannot add Dynamic Light: Attachment Entity ServerPlayer['jinco98'/8270, l='ServerLevel[world]', x=-180.23, y=67.84, z=-204.25] is dead or in a banned dimension the_nether
[11Jun2026 00:52:54.791] [Server thread/DEBUG] [atomicstryker.dynamiclights.server.DynamicLights/]: Calling addLightSource on entity ServerPlayer['jinco98'/8270, l='ServerLevel[world]', x=-180.18, y=68.25, z=-203.64], dimensionLocationPath the_nether
[11Jun2026 00:52:54.792] [Server thread/DEBUG] [atomicstryker.dynamiclights.server.DynamicLights/]: Cannot add Dynamic Light: Attachment Entity ServerPlayer['jinco98'/8270, l='ServerLevel[world]', x=-180.18, y=68.25, z=-203.64] is dead or in a banned dimension the_nether
[11Jun2026 00:52:54.920] [Server thread/DEBUG] [atomicstryker.dynamiclights.server.DynamicLights/]: Calling addLightSource on entity ServerPlayer['jinco98'/8270, l='ServerLevel[world]', x=-180.13, y=68.33, z=-203.04], dimensionLocationPath the_nether
[11Jun2026 00:52:54.920] [Server thread/DEBUG] [atomicstryker.dynamiclights.server.DynamicLights/]: Cannot add Dynamic Light: Attachment Entity ServerPlayer['jinco98'/8270, l='ServerLevel[world]', x=-180.13, y=68.33, z=-203.04] is dead or in a banned dimension the_nether
[11Jun2026 00:52:54.986] [Server thread/DEBUG] [atomicstryker.dynamiclights.server.DynamicLights/]: Calling addLightSource on entity ServerPlayer['jinco98'/8270, l='ServerLevel[world]', x=-180.09, y=68.10, z=-202.44], dimensionLocationPath the_nether
[11Jun2026 00:52:54.986] [Server thread/DEBUG] [atomicstryker.dynamiclights.server.DynamicLights/]: Cannot add Dynamic Light: Attachment Entity ServerPlayer['jinco98'/8270, l='ServerLevel[world]', x=-180.09, y=68.10, z=-202.44] is dead or in a banned dimension the_nether
[11Jun2026 00:52:55.097] [Server thread/DEBUG] [atomicstryker.dynamiclights.server.DynamicLights/]: Calling addLightSource on entity ServerPlayer['jinco98'/8270, l='ServerLevel[world]', x=-180.04, y=67.57, z=-201.69], dimensionLocationPath the_nether
[11Jun2026 00:52:55.097] [Server thread/DEBUG] [atomicstryker.dynamiclights.server.DynamicLights/]: Cannot add Dynamic Light: Attachment Entity ServerPlayer['jinco98'/8270, l='ServerLevel[world]', x=-180.04, y=67.57, z=-201.69] is dead or in a banned dimension the_nether
[11Jun2026 00:52:55.208] [Server thread/DEBUG] [atomicstryker.dynamiclights.server.DynamicLights/]: Calling addLightSource on entity ServerPlayer['jinco98'/8270, l='ServerLevel[world]', x=-180.04, y=67.19, z=-201.36], dimensionLocationPath the_nether
[11Jun2026 00:52:55.208] [Server thread/DEBUG] [atomicstryker.dynamiclights.server.DynamicLights/]: Cannot add Dynamic Light: Attachment Entity ServerPlayer['jinco98'/8270, l='ServerLevel[world]', x=-180.04, y=67.19, z=-201.36] is dead or in a banned dimension the_nether
[11Jun2026 00:52:55.302] [Server thread/DEBUG] [atomicstryker.dynamiclights.server.DynamicLights/]: Calling addLightSource on entity ServerPlayer['jinco98'/8270, l='ServerLevel[world]', x=-180.04, y=67.00, z=-201.18], dimensionLocationPath the_nether
[11Jun2026 00:52:55.302] [Server thread/DEBUG] [atomicstryker.dynamiclights.server.DynamicLights/]: Cannot add Dynamic Light: Attachment Entity ServerPlayer['jinco98'/8270, l='ServerLevel[world]', x=-180.04, y=67.00, z=-201.18] is dead or in a banned dimension the_nether
[11Jun2026 00:52:55.380] [Server thread/DEBUG] [atomicstryker.dynamiclights.server.DynamicLights/]: Calling addLightSource on entity ServerPlayer['jinco98'/8270, l='ServerLevel[world]', x=-180.05, y=67.00, z=-200.79], dimensionLocationPath the_nether
[11Jun2026 00:52:55.381] [Server thread/DEBUG] [atomicstryker.dynamiclights.server.DynamicLights/]: Cannot add Dynamic Light: Attachment Entity ServerPlayer['jinco98'/8270, l='ServerLevel[world]', x=-180.05, y=67.00, z=-200.79] is dead or in a banned dimension the_nether
[11Jun2026 00:52:55.544] [Server thread/DEBUG] [atomicstryker.dynamiclights.server.DynamicLights/]: Calling addLightSource on entity ServerPlayer['jinco98'/8270, l='ServerLevel[world]', x=-180.15, y=68.09, z=-199.82], dimensionLocationPath the_nether
[11Jun2026 00:52:55.544] [Server thread/DEBUG] [atomicstryker.dynamiclights.server.DynamicLights/]: Cannot add Dynamic Light: Attachment Entity ServerPlayer['jinco98'/8270, l='ServerLevel[world]', x=-180.15, y=68.09, z=-199.82] is dead or in a banned dimension the_nether
[11Jun2026 00:52:55.658] [Server thread/DEBUG] [atomicstryker.dynamiclights.server.DynamicLights/]: Calling addLightSource on entity ServerPlayer['jinco98'/8270, l='ServerLevel[world]', x=-180.21, y=68.33, z=-199.25], dimensionLocationPath the_nether
[11Jun2026 00:52:55.658] [Server thread/DEBUG] [atomicstryker.dynamiclights.server.DynamicLights/]: Cannot add Dynamic Light: Attachment Entity ServerPlayer['jinco98'/8270, l='ServerLevel[world]', x=-180.21, y=68.33, z=-199.25] is dead or in a banned dimension the_nether
[11Jun2026 00:52:55.687] [Server thread/DEBUG] [atomicstryker.dynamiclights.server.DynamicLights/]: Calling addLightSource on entity ServerPlayer['jinco98'/8270, l='ServerLevel[world]', x=-180.30, y=68.18, z=-198.39], dimensionLocationPath the_nether
[11Jun2026 00:52:55.687] [Server thread/DEBUG] [atomicstryker.dynamiclights.server.DynamicLights/]: Cannot add Dynamic Light: Attachment Entity ServerPlayer['jinco98'/8270, l='ServerLevel[world]', x=-180.30, y=68.18, z=-198.39] is dead or in a banned dimension the_nether
[11Jun2026 00:52:55.778] [Server thread/DEBUG] [atomicstryker.dynamiclights.server.DynamicLights/]: Calling addLightSource on entity ServerPlayer['jinco98'/8270, l='ServerLevel[world]', x=-180.33, y=67.87, z=-198.12], dimensionLocationPath the_nether
[11Jun2026 00:52:55.778] [Server thread/DEBUG] [atomicstryker.dynamiclights.server.DynamicLights/]: Cannot add Dynamic Light: Attachment Entity ServerPlayer['jinco98'/8270, l='ServerLevel[world]', x=-180.33, y=67.87, z=-198.12] is dead or in a banned dimension the_nether
[11Jun2026 00:52:55.934] [Server thread/DEBUG] [atomicstryker.dynamiclights.server.DynamicLights/]: Calling addLightSource on entity ServerPlayer['jinco98'/8270, l='ServerLevel[world]', x=-180.41, y=67.19, z=-197.55], dimensionLocationPath the_nether
[11Jun2026 00:52:55.934] [Server thread/DEBUG] [atomicstryker.dynamiclights.server.DynamicLights/]: Cannot add Dynamic Light: Attachment Entity ServerPlayer['jinco98'/8270, l='ServerLevel[world]', x=-180.41, y=67.19, z=-197.55] is dead or in a banned dimension the_nether
[11Jun2026 00:52:56.036] [Server thread/DEBUG] [atomicstryker.dynamiclights.server.DynamicLights/]: Calling addLightSource on entity ServerPlayer['jinco98'/8270, l='ServerLevel[world]', x=-180.47, y=67.00, z=-197.08], dimensionLocationPath the_nether
[11Jun2026 00:52:56.036] [Server thread/DEBUG] [atomicstryker.dynamiclights.server.DynamicLights/]: Cannot add Dynamic Light: Attachment Entity ServerPlayer['jinco98'/8270, l='ServerLevel[world]', x=-180.47, y=67.00, z=-197.08] is dead or in a banned dimension the_nether
[11Jun2026 00:52:56.129] [Server thread/DEBUG] [atomicstryker.dynamiclights.server.DynamicLights/]: Calling addLightSource on entity ServerPlayer['jinco98'/8270, l='ServerLevel[world]', x=-180.47, y=67.00, z=-196.69], dimensionLocationPath the_nether
[11Jun2026 00:52:56.129] [Server thread/DEBUG] [atomicstryker.dynamiclights.server.DynamicLights/]: Cannot add Dynamic Light: Attachment Entity ServerPlayer['jinco98'/8270, l='ServerLevel[world]', x=-180.47, y=67.00, z=-196.69] is dead or in a banned dimension the_nether
[11Jun2026 00:52:56.193] [Server thread/DEBUG] [atomicstryker.dynamiclights.server.DynamicLights/]: Calling addLightSource on entity ServerPlayer['jinco98'/8270, l='ServerLevel[world]', x=-180.43, y=67.00, z=-196.46], dimensionLocationPath the_nether
[11Jun2026 00:52:56.193] [Server thread/DEBUG] [atomicstryker.dynamiclights.server.DynamicLights/]: Cannot add Dynamic Light: Attachment Entity ServerPlayer['jinco98'/8270, l='ServerLevel[world]', x=-180.43, y=67.00, z=-196.46] is dead or in a banned dimension the_nether
[11Jun2026 00:52:56.236] [Server thread/DEBUG] [atomicstryker.dynamiclights.server.DynamicLights/]: Calling addLightSource on entity ServerPlayer['jinco98'/8270, l='ServerLevel[world]', x=-180.37, y=67.00, z=-196.28], dimensionLocationPath the_nether
[11Jun2026 00:52:56.236] [Server thread/DEBUG] [atomicstryker.dynamiclights.server.DynamicLights/]: Cannot add Dynamic Light: Attachment Entity ServerPlayer['jinco98'/8270, l='ServerLevel[world]', x=-180.37, y=67.00, z=-196.28] is dead or in a banned dimension the_nether
[11Jun2026 00:52:56.337] [Server thread/DEBUG] [atomicstryker.dynamiclights.server.DynamicLights/]: Calling addLightSource on entity ServerPlayer['jinco98'/8270, l='ServerLevel[world]', x=-180.29, y=67.00, z=-196.14], dimensionLocationPath the_nether
[11Jun2026 00:52:56.337] [Server thread/DEBUG] [atomicstryker.dynamiclights.server.DynamicLights/]: Cannot add Dynamic Light: Attachment Entity ServerPlayer['jinco98'/8270, l='ServerLevel[world]', x=-180.29, y=67.00, z=-196.14] is dead or in a banned dimension the_nether
[11Jun2026 00:52:56.434] [Server thread/DEBUG] [atomicstryker.dynamiclights.server.DynamicLights/]: Calling addLightSource on entity ServerPlayer['jinco98'/8270, l='ServerLevel[world]', x=-180.21, y=67.00, z=-196.00], dimensionLocationPath the_nether
[11Jun2026 00:52:56.434] [Server thread/DEBUG] [atomicstryker.dynamiclights.server.DynamicLights/]: Cannot add Dynamic Light: Attachment Entity ServerPlayer['jinco98'/8270, l='ServerLevel[world]', x=-180.21, y=67.00, z=-196.00] is dead or in a banned dimension the_nether
[11Jun2026 00:52:56.538] [Server thread/DEBUG] [atomicstryker.dynamiclights.server.DynamicLights/]: Calling addLightSource on entity ServerPlayer['jinco98'/8270, l='ServerLevel[world]', x=-180.12, y=67.00, z=-195.87], dimensionLocationPath the_nether
[11Jun2026 00:52:56.538] [Server thread/DEBUG] [atomicstryker.dynamiclights.server.DynamicLights/]: Cannot add Dynamic Light: Attachment Entity ServerPlayer['jinco98'/8270, l='ServerLevel[world]', x=-180.12, y=67.00, z=-195.87] is dead or in a banned dimension the_nether
[11Jun2026 00:52:56.637] [Server thread/DEBUG] [atomicstryker.dynamiclights.server.DynamicLights/]: Calling addLightSource on entity ServerPlayer['jinco98'/8270, l='ServerLevel[world]', x=-180.04, y=67.00, z=-195.73], dimensionLocationPath the_nether
[11Jun2026 00:52:56.637] [Server thread/DEBUG] [atomicstryker.dynamiclights.server.DynamicLights/]: Cannot add Dynamic Light: Attachment Entity ServerPlayer['jinco98'/8270, l='ServerLevel[world]', x=-180.04, y=67.00, z=-195.73] is dead or in a banned dimension the_nether
[11Jun2026 00:52:56.735] [Server thread/DEBUG] [atomicstryker.dynamiclights.server.DynamicLights/]: Calling addLightSource on entity ServerPlayer['jinco98'/8270, l='ServerLevel[world]', x=-179.95, y=67.00, z=-195.60], dimensionLocationPath the_nether
[11Jun2026 00:52:56.735] [Server thread/DEBUG] [atomicstryker.dynamiclights.server.DynamicLights/]: Cannot add Dynamic Light: Attachment Entity ServerPlayer['jinco98'/8270, l='ServerLevel[world]', x=-179.95, y=67.00, z=-195.60] is dead or in a banned dimension the_nether
[11Jun2026 00:52:56.839] [Server thread/DEBUG] [atomicstryker.dynamiclights.server.DynamicLights/]: Calling addLightSource on entity ServerPlayer['jinco98'/8270, l='ServerLevel[world]', x=-179.90, y=67.00, z=-195.47], dimensionLocationPath the_nether
[11Jun2026 00:52:56.839] [Server thread/DEBUG] [atomicstryker.dynamiclights.server.DynamicLights/]: Cannot add Dynamic Light: Attachment Entity ServerPlayer['jinco98'/8270, l='ServerLevel[world]', x=-179.90, y=67.00, z=-195.47] is dead or in a banned dimension the_nether
[11Jun2026 00:52:56.961] [Server thread/DEBUG] [atomicstryker.dynamiclights.server.DynamicLights/]: Calling addLightSource on entity ServerPlayer['jinco98'/8270, l='ServerLevel[world]', x=-179.91, y=67.00, z=-195.35], dimensionLocationPath the_nether
[11Jun2026 00:52:56.964] [Server thread/DEBUG] [atomicstryker.dynamiclights.server.DynamicLights/]: Cannot add Dynamic Light: Attachment Entity ServerPlayer['jinco98'/8270, l='ServerLevel[world]', x=-179.91, y=67.00, z=-195.35] is dead or in a banned dimension the_nether
[11Jun2026 00:52:57.048] [Server thread/DEBUG] [atomicstryker.dynamiclights.server.DynamicLights/]: Calling addLightSource on entity ServerPlayer['jinco98'/8270, l='ServerLevel[world]', x=-179.93, y=67.00, z=-195.24], dimensionLocationPath the_nether
[11Jun2026 00:52:57.048] [Server thread/DEBUG] [atomicstryker.dynamiclights.server.DynamicLights/]: Cannot add Dynamic Light: Attachment Entity ServerPlayer['jinco98'/8270, l='ServerLevel[world]', x=-179.93, y=67.00, z=-195.24] is dead or in a banned dimension the_nether
[11Jun2026 00:52:57.160] [Server thread/DEBUG] [atomicstryker.dynamiclights.server.DynamicLights/]: Calling addLightSource on entity ServerPlayer['jinco98'/8270, l='ServerLevel[world]', x=-179.92, y=67.00, z=-195.17], dimensionLocationPath the_nether
[11Jun2026 00:52:57.163] [Server thread/DEBUG] [atomicstryker.dynamiclights.server.DynamicLights/]: Cannot add Dynamic Light: Attachment Entity ServerPlayer['jinco98'/8270, l='ServerLevel[world]', x=-179.92, y=67.00, z=-195.17] is dead or in a banned dimension the_nether
[11Jun2026 00:52:57.250] [Server thread/DEBUG] [atomicstryker.dynamiclights.server.DynamicLights/]: Calling addLightSource on entity ServerPlayer['jinco98'/8270, l='ServerLevel[world]', x=-179.85, y=67.00, z=-195.06], dimensionLocationPath the_nether
[11Jun2026 00:52:57.250] [Server thread/DEBUG] [atomicstryker.dynamiclights.server.DynamicLights/]: Cannot add Dynamic Light: Attachment Entity ServerPlayer['jinco98'/8270, l='ServerLevel[world]', x=-179.85, y=67.00, z=-195.06] is dead or in a banned dimension the_nether
[11Jun2026 00:52:57.343] [Server thread/DEBUG] [atomicstryker.dynamiclights.server.DynamicLights/]: Calling addLightSource on entity ServerPlayer['jinco98'/8270, l='ServerLevel[world]', x=-179.83, y=67.00, z=-194.95], dimensionLocationPath the_nether
[11Jun2026 00:52:57.343] [Server thread/DEBUG] [atomicstryker.dynamiclights.server.DynamicLights/]: Cannot add Dynamic Light: Attachment Entity ServerPlayer['jinco98'/8270, l='ServerLevel[world]', x=-179.83, y=67.00, z=-194.95] is dead or in a banned dimension the_nether
[11Jun2026 00:52:57.438] [Server thread/DEBUG] [atomicstryker.dynamiclights.server.DynamicLights/]: Calling addLightSource on entity ServerPlayer['jinco98'/8270, l='ServerLevel[world]', x=-179.85, y=67.00, z=-194.84], dimensionLocationPath the_nether
[11Jun2026 00:52:57.438] [Server thread/DEBUG] [atomicstryker.dynamiclights.server.DynamicLights/]: Cannot add Dynamic Light: Attachment Entity ServerPlayer['jinco98'/8270, l='ServerLevel[world]', x=-179.85, y=67.00, z=-194.84] is dead or in a banned dimension the_nether
[11Jun2026 00:52:57.544] [Server thread/DEBUG] [atomicstryker.dynamiclights.server.DynamicLights/]: Calling addLightSource on entity ServerPlayer['jinco98'/8270, l='ServerLevel[world]', x=-179.88, y=67.00, z=-194.73], dimensionLocationPath the_nether
[11Jun2026 00:52:57.544] [Server thread/DEBUG] [atomicstryker.dynamiclights.server.DynamicLights/]: Cannot add Dynamic Light: Attachment Entity ServerPlayer['jinco98'/8270, l='ServerLevel[world]', x=-179.88, y=67.00, z=-194.73] is dead or in a banned dimension the_nether
[11Jun2026 00:52:57.637] [Server thread/DEBUG] [atomicstryker.dynamiclights.server.DynamicLights/]: Calling addLightSource on entity ServerPlayer['jinco98'/8270, l='ServerLevel[world]', x=-179.88, y=67.00, z=-194.62], dimensionLocationPath the_nether
[11Jun2026 00:52:57.637] [Server thread/DEBUG] [atomicstryker.dynamiclights.server.DynamicLights/]: Cannot add Dynamic Light: Attachment Entity ServerPlayer['jinco98'/8270, l='ServerLevel[world]', x=-179.88, y=67.00, z=-194.62] is dead or in a banned dimension the_nether
[11Jun2026 00:52:57.738] [Server thread/DEBUG] [atomicstryker.dynamiclights.server.DynamicLights/]: Calling addLightSource on entity ServerPlayer['jinco98'/8270, l='ServerLevel[world]', x=-179.83, y=67.00, z=-194.48], dimensionLocationPath the_nether
[11Jun2026 00:52:57.738] [Server thread/DEBUG] [atomicstryker.dynamiclights.server.DynamicLights/]: Cannot add Dynamic Light: Attachment Entity ServerPlayer['jinco98'/8270, l='ServerLevel[world]', x=-179.83, y=67.00, z=-194.48] is dead or in a banned dimension the_nether
[11Jun2026 00:54:54.035] [Server thread/INFO] [net.minecraft.server.MinecraftServer/]: MayEL1207 was slain by Wither Skeleton
[11Jun2026 00:55:09.139] [Server thread/DEBUG] [atomicstryker.dynamiclights.server.DynamicLights/]: Calling addLightSource on entity ServerPlayer['jinco98'/8270, l='ServerLevel[world]', x=-179.30, y=66.36, z=-110.30], dimensionLocationPath the_nether
[11Jun2026 00:55:09.139] [Server thread/DEBUG] [atomicstryker.dynamiclights.server.DynamicLights/]: Cannot add Dynamic Light: Attachment Entity ServerPlayer['jinco98'/8270, l='ServerLevel[world]', x=-179.30, y=66.36, z=-110.30] is dead or in a banned dimension the_nether
[11Jun2026 00:55:09.237] [Server thread/DEBUG] [atomicstryker.dynamiclights.server.DynamicLights/]: Calling addLightSource on entity ServerPlayer['jinco98'/8270, l='ServerLevel[world]', x=-179.30, y=66.19, z=-110.30], dimensionLocationPath the_nether
[11Jun2026 00:55:09.237] [Server thread/DEBUG] [atomicstryker.dynamiclights.server.DynamicLights/]: Cannot add Dynamic Light: Attachment Entity ServerPlayer['jinco98'/8270, l='ServerLevel[world]', x=-179.30, y=66.19, z=-110.30] is dead or in a banned dimension the_nether
[11Jun2026 00:55:09.339] [Server thread/DEBUG] [atomicstryker.dynamiclights.server.DynamicLights/]: Calling addLightSource on entity ServerPlayer['jinco98'/8270, l='ServerLevel[world]', x=-179.30, y=66.03, z=-110.30], dimensionLocationPath the_nether
[11Jun2026 00:55:09.339] [Server thread/DEBUG] [atomicstryker.dynamiclights.server.DynamicLights/]: Cannot add Dynamic Light: Attachment Entity ServerPlayer['jinco98'/8270, l='ServerLevel[world]', x=-179.30, y=66.03, z=-110.30] is dead or in a banned dimension the_nether
[11Jun2026 00:55:09.441] [Server thread/DEBUG] [atomicstryker.dynamiclights.server.DynamicLights/]: Calling addLightSource on entity ServerPlayer['jinco98'/8270, l='ServerLevel[world]', x=-179.30, y=66.34, z=-110.30], dimensionLocationPath the_nether
[11Jun2026 00:55:09.441] [Server thread/DEBUG] [atomicstryker.dynamiclights.server.DynamicLights/]: Cannot add Dynamic Light: Attachment Entity ServerPlayer['jinco98'/8270, l='ServerLevel[world]', x=-179.30, y=66.34, z=-110.30] is dead or in a banned dimension the_nether
[11Jun2026 00:55:09.544] [Server thread/DEBUG] [atomicstryker.dynamiclights.server.DynamicLights/]: Calling addLightSource on entity ServerPlayer['jinco98'/8270, l='ServerLevel[world]', x=-179.30, y=66.33, z=-110.30], dimensionLocationPath the_nether
[11Jun2026 00:55:09.544] [Server thread/DEBUG] [atomicstryker.dynamiclights.server.DynamicLights/]: Cannot add Dynamic Light: Attachment Entity ServerPlayer['jinco98'/8270, l='ServerLevel[world]', x=-179.30, y=66.33, z=-110.30] is dead or in a banned dimension the_nether
[11Jun2026 00:55:09.641] [Server thread/DEBUG] [atomicstryker.dynamiclights.server.DynamicLights/]: Calling addLightSource on entity ServerPlayer['jinco98'/8270, l='ServerLevel[world]', x=-179.30, y=66.00, z=-110.30], dimensionLocationPath the_nether
[11Jun2026 00:55:09.641] [Server thread/DEBUG] [atomicstryker.dynamiclights.server.DynamicLights/]: Cannot add Dynamic Light: Attachment Entity ServerPlayer['jinco98'/8270, l='ServerLevel[world]', x=-179.30, y=66.00, z=-110.30] is dead or in a banned dimension the_nether
[11Jun2026 00:55:09.737] [Server thread/DEBUG] [atomicstryker.dynamiclights.server.DynamicLights/]: Calling addLightSource on entity ServerPlayer['jinco98'/8270, l='ServerLevel[world]', x=-179.30, y=66.00, z=-110.30], dimensionLocationPath the_nether
[11Jun2026 00:55:09.737] [Server thread/DEBUG] [atomicstryker.dynamiclights.server.DynamicLights/]: Cannot add Dynamic Light: Attachment Entity ServerPlayer['jinco98'/8270, l='ServerLevel[world]', x=-179.30, y=66.00, z=-110.30] is dead or in a banned dimension the_nether
[11Jun2026 00:55:09.839] [Server thread/DEBUG] [atomicstryker.dynamiclights.server.DynamicLights/]: Calling addLightSource on entity ServerPlayer['jinco98'/8270, l='ServerLevel[world]', x=-179.40, y=66.00, z=-110.30], dimensionLocationPath the_nether
[11Jun2026 00:55:09.839] [Server thread/DEBUG] [atomicstryker.dynamiclights.server.DynamicLights/]: Cannot add Dynamic Light: Attachment Entity ServerPlayer['jinco98'/8270, l='ServerLevel[world]', x=-179.40, y=66.00, z=-110.30] is dead or in a banned dimension the_nether
[11Jun2026 00:55:09.939] [Server thread/DEBUG] [atomicstryker.dynamiclights.server.DynamicLights/]: Calling addLightSource on entity ServerPlayer['jinco98'/8270, l='ServerLevel[world]', x=-179.73, y=66.00, z=-110.30], dimensionLocationPath the_nether
[11Jun2026 00:55:09.939] [Server thread/DEBUG] [atomicstryker.dynamiclights.server.DynamicLights/]: Cannot add Dynamic Light: Attachment Entity ServerPlayer['jinco98'/8270, l='ServerLevel[world]', x=-179.73, y=66.00, z=-110.30] is dead or in a banned dimension the_nether
[11Jun2026 00:55:10.042] [Server thread/DEBUG] [atomicstryker.dynamiclights.server.DynamicLights/]: Calling addLightSource on entity ServerPlayer['jinco98'/8270, l='ServerLevel[world]', x=-180.13, y=66.84, z=-110.30], dimensionLocationPath the_nether
[11Jun2026 00:55:10.042] [Server thread/DEBUG] [atomicstryker.dynamiclights.server.DynamicLights/]: Cannot add Dynamic Light: Attachment Entity ServerPlayer['jinco98'/8270, l='ServerLevel[world]', x=-180.13, y=66.84, z=-110.30] is dead or in a banned dimension the_nether
[11Jun2026 00:55:10.143] [Server thread/DEBUG] [atomicstryker.dynamiclights.server.DynamicLights/]: Calling addLightSource on entity ServerPlayer['jinco98'/8270, l='ServerLevel[world]', x=-180.38, y=67.25, z=-110.28], dimensionLocationPath the_nether
[11Jun2026 00:55:10.143] [Server thread/DEBUG] [atomicstryker.dynamiclights.server.DynamicLights/]: Cannot add Dynamic Light: Attachment Entity ServerPlayer['jinco98'/8270, l='ServerLevel[world]', x=-180.38, y=67.25, z=-110.28] is dead or in a banned dimension the_nether
[11Jun2026 00:55:10.239] [Server thread/DEBUG] [atomicstryker.dynamiclights.server.DynamicLights/]: Calling addLightSource on entity ServerPlayer['jinco98'/8270, l='ServerLevel[world]', x=-180.59, y=67.33, z=-110.19], dimensionLocationPath the_nether
[11Jun2026 00:55:10.239] [Server thread/DEBUG] [atomicstryker.dynamiclights.server.DynamicLights/]: Cannot add Dynamic Light: Attachment Entity ServerPlayer['jinco98'/8270, l='ServerLevel[world]', x=-180.59, y=67.33, z=-110.19] is dead or in a banned dimension the_nether
[11Jun2026 00:55:10.336] [Server thread/DEBUG] [atomicstryker.dynamiclights.server.DynamicLights/]: Calling addLightSource on entity ServerPlayer['jinco98'/8270, l='ServerLevel[world]', x=-180.70, y=67.10, z=-110.05], dimensionLocationPath the_nether
[11Jun2026 00:55:10.336] [Server thread/DEBUG] [atomicstryker.dynamiclights.server.DynamicLights/]: Cannot add Dynamic Light: Attachment Entity ServerPlayer['jinco98'/8270, l='ServerLevel[world]', x=-180.70, y=67.10, z=-110.05] is dead or in a banned dimension the_nether
[11Jun2026 00:55:10.445] [Server thread/DEBUG] [atomicstryker.dynamiclights.server.DynamicLights/]: Calling addLightSource on entity ServerPlayer['jinco98'/8270, l='ServerLevel[world]', x=-180.68, y=67.61, z=-109.95], dimensionLocationPath the_nether
[11Jun2026 00:55:10.445] [Server thread/DEBUG] [atomicstryker.dynamiclights.server.DynamicLights/]: Cannot add Dynamic Light: Attachment Entity ServerPlayer['jinco98'/8270, l='ServerLevel[world]', x=-180.68, y=67.61, z=-109.95] is dead or in a banned dimension the_nether
[11Jun2026 00:55:10.540] [Server thread/DEBUG] [atomicstryker.dynamiclights.server.DynamicLights/]: Calling addLightSource on entity ServerPlayer['jinco98'/8270, l='ServerLevel[world]', x=-180.63, y=67.52, z=-109.87], dimensionLocationPath the_nether
[11Jun2026 00:55:10.540] [Server thread/DEBUG] [atomicstryker.dynamiclights.server.DynamicLights/]: Cannot add Dynamic Light: Attachment Entity ServerPlayer['jinco98'/8270, l='ServerLevel[world]', x=-180.63, y=67.52, z=-109.87] is dead or in a banned dimension the_nether
[11Jun2026 00:55:10.650] [Server thread/DEBUG] [atomicstryker.dynamiclights.server.DynamicLights/]: Calling addLightSource on entity ServerPlayer['jinco98'/8270, l='ServerLevel[world]', x=-180.54, y=67.12, z=-109.75], dimensionLocationPath the_nether
[11Jun2026 00:55:10.650] [Server thread/DEBUG] [atomicstryker.dynamiclights.server.DynamicLights/]: Cannot add Dynamic Light: Attachment Entity ServerPlayer['jinco98'/8270, l='ServerLevel[world]', x=-180.54, y=67.12, z=-109.75] is dead or in a banned dimension the_nether
[11Jun2026 00:55:10.735] [Server thread/DEBUG] [atomicstryker.dynamiclights.server.DynamicLights/]: Calling addLightSource on entity ServerPlayer['jinco98'/8270, l='ServerLevel[world]', x=-180.31, y=67.00, z=-109.60], dimensionLocationPath the_nether
[11Jun2026 00:55:10.735] [Server thread/DEBUG] [atomicstryker.dynamiclights.server.DynamicLights/]: Cannot add Dynamic Light: Attachment Entity ServerPlayer['jinco98'/8270, l='ServerLevel[world]', x=-180.31, y=67.00, z=-109.60] is dead or in a banned dimension the_nether
[11Jun2026 00:55:10.845] [Server thread/DEBUG] [atomicstryker.dynamiclights.server.DynamicLights/]: Calling addLightSource on entity ServerPlayer['jinco98'/8270, l='ServerLevel[world]', x=-179.97, y=67.00, z=-109.44], dimensionLocationPath the_nether
[11Jun2026 00:55:10.845] [Server thread/DEBUG] [atomicstryker.dynamiclights.server.DynamicLights/]: Cannot add Dynamic Light: Attachment Entity ServerPlayer['jinco98'/8270, l='ServerLevel[world]', x=-179.97, y=67.00, z=-109.44] is dead or in a banned dimension the_nether
[11Jun2026 00:55:10.937] [Server thread/DEBUG] [atomicstryker.dynamiclights.server.DynamicLights/]: Calling addLightSource on entity ServerPlayer['jinco98'/8270, l='ServerLevel[world]', x=-180.02, y=67.00, z=-109.20], dimensionLocationPath the_nether
[11Jun2026 00:55:10.937] [Server thread/DEBUG] [atomicstryker.dynamiclights.server.DynamicLights/]: Cannot add Dynamic Light: Attachment Entity ServerPlayer['jinco98'/8270, l='ServerLevel[world]', x=-180.02, y=67.00, z=-109.20] is dead or in a banned dimension the_nether
[11Jun2026 00:55:11.036] [Server thread/DEBUG] [atomicstryker.dynamiclights.server.DynamicLights/]: Calling addLightSource on entity ServerPlayer['jinco98'/8270, l='ServerLevel[world]', x=-180.26, y=67.00, z=-108.92], dimensionLocationPath the_nether
[11Jun2026 00:55:11.036] [Server thread/DEBUG] [atomicstryker.dynamiclights.server.DynamicLights/]: Cannot add Dynamic Light: Attachment Entity ServerPlayer['jinco98'/8270, l='ServerLevel[world]', x=-180.26, y=67.00, z=-108.92] is dead or in a banned dimension the_nether
[11Jun2026 00:55:11.135] [Server thread/DEBUG] [atomicstryker.dynamiclights.server.DynamicLights/]: Calling addLightSource on entity ServerPlayer['jinco98'/8270, l='ServerLevel[world]', x=-180.46, y=67.00, z=-108.56], dimensionLocationPath the_nether
[11Jun2026 00:55:11.135] [Server thread/DEBUG] [atomicstryker.dynamiclights.server.DynamicLights/]: Cannot add Dynamic Light: Attachment Entity ServerPlayer['jinco98'/8270, l='ServerLevel[world]', x=-180.46, y=67.00, z=-108.56] is dead or in a banned dimension the_nether
[11Jun2026 00:55:11.240] [Server thread/DEBUG] [atomicstryker.dynamiclights.server.DynamicLights/]: Calling addLightSource on entity ServerPlayer['jinco98'/8270, l='ServerLevel[world]', x=-180.60, y=67.00, z=-108.15], dimensionLocationPath the_nether
[11Jun2026 00:55:11.241] [Server thread/DEBUG] [atomicstryker.dynamiclights.server.DynamicLights/]: Cannot add Dynamic Light: Attachment Entity ServerPlayer['jinco98'/8270, l='ServerLevel[world]', x=-180.60, y=67.00, z=-108.15] is dead or in a banned dimension the_nether
[11Jun2026 00:55:11.342] [Server thread/DEBUG] [atomicstryker.dynamiclights.server.DynamicLights/]: Calling addLightSource on entity ServerPlayer['jinco98'/8270, l='ServerLevel[world]', x=-180.68, y=67.00, z=-107.73], dimensionLocationPath the_nether
[11Jun2026 00:55:11.342] [Server thread/DEBUG] [atomicstryker.dynamiclights.server.DynamicLights/]: Cannot add Dynamic Light: Attachment Entity ServerPlayer['jinco98'/8270, l='ServerLevel[world]', x=-180.68, y=67.00, z=-107.73] is dead or in a banned dimension the_nether
[11Jun2026 00:55:11.439] [Server thread/DEBUG] [atomicstryker.dynamiclights.server.DynamicLights/]: Calling addLightSource on entity ServerPlayer['jinco98'/8270, l='ServerLevel[world]', x=-180.87, y=67.00, z=-107.57], dimensionLocationPath the_nether
[11Jun2026 00:55:11.439] [Server thread/DEBUG] [atomicstryker.dynamiclights.server.DynamicLights/]: Cannot add Dynamic Light: Attachment Entity ServerPlayer['jinco98'/8270, l='ServerLevel[world]', x=-180.87, y=67.00, z=-107.57] is dead or in a banned dimension the_nether
[11Jun2026 00:55:11.538] [Server thread/DEBUG] [atomicstryker.dynamiclights.server.DynamicLights/]: Calling addLightSource on entity ServerPlayer['jinco98'/8270, l='ServerLevel[world]', x=-181.20, y=67.00, z=-107.40], dimensionLocationPath the_nether
[11Jun2026 00:55:11.538] [Server thread/DEBUG] [atomicstryker.dynamiclights.server.DynamicLights/]: Cannot add Dynamic Light: Attachment Entity ServerPlayer['jinco98'/8270, l='ServerLevel[world]', x=-181.20, y=67.00, z=-107.40] is dead or in a banned dimension the_nether
[11Jun2026 00:55:11.638] [Server thread/DEBUG] [atomicstryker.dynamiclights.server.DynamicLights/]: Calling addLightSource on entity ServerPlayer['jinco98'/8270, l='ServerLevel[world]', x=-181.59, y=67.00, z=-107.42], dimensionLocationPath the_nether
[11Jun2026 00:55:11.638] [Server thread/DEBUG] [atomicstryker.dynamiclights.server.DynamicLights/]: Cannot add Dynamic Light: Attachment Entity ServerPlayer['jinco98'/8270, l='ServerLevel[world]', x=-181.59, y=67.00, z=-107.42] is dead or in a banned dimension the_nether
[11Jun2026 00:55:11.735] [Server thread/DEBUG] [atomicstryker.dynamiclights.server.DynamicLights/]: Calling addLightSource on entity ServerPlayer['jinco98'/8270, l='ServerLevel[world]', x=-181.70, y=67.00, z=-107.53], dimensionLocationPath the_nether
[11Jun2026 00:55:11.735] [Server thread/DEBUG] [atomicstryker.dynamiclights.server.DynamicLights/]: Cannot add Dynamic Light: Attachment Entity ServerPlayer['jinco98'/8270, l='ServerLevel[world]', x=-181.70, y=67.00, z=-107.53] is dead or in a banned dimension the_nether
[11Jun2026 00:55:11.844] [Server thread/DEBUG] [atomicstryker.dynamiclights.server.DynamicLights/]: Calling addLightSource on entity ServerPlayer['jinco98'/8270, l='ServerLevel[world]', x=-181.70, y=67.00, z=-107.72], dimensionLocationPath the_nether
[11Jun2026 00:55:11.844] [Server thread/DEBUG] [atomicstryker.dynamiclights.server.DynamicLights/]: Cannot add Dynamic Light: Attachment Entity ServerPlayer['jinco98'/8270, l='ServerLevel[world]', x=-181.70, y=67.00, z=-107.72] is dead or in a banned dimension the_nether
[11Jun2026 00:55:11.940] [Server thread/DEBUG] [atomicstryker.dynamiclights.server.DynamicLights/]: Calling addLightSource on entity ServerPlayer['jinco98'/8270, l='ServerLevel[world]', x=-181.70, y=67.00, z=-107.97], dimensionLocationPath the_nether
[11Jun2026 00:55:11.940] [Server thread/DEBUG] [atomicstryker.dynamiclights.server.DynamicLights/]: Cannot add Dynamic Light: Attachment Entity ServerPlayer['jinco98'/8270, l='ServerLevel[world]', x=-181.70, y=67.00, z=-107.97] is dead or in a banned dimension the_nether
[11Jun2026 00:55:12.036] [Server thread/DEBUG] [atomicstryker.dynamiclights.server.DynamicLights/]: Calling addLightSource on entity ServerPlayer['jinco98'/8270, l='ServerLevel[world]', x=-181.70, y=67.00, z=-108.17], dimensionLocationPath the_nether
[11Jun2026 00:55:12.036] [Server thread/DEBUG] [atomicstryker.dynamiclights.server.DynamicLights/]: Cannot add Dynamic Light: Attachment Entity ServerPlayer['jinco98'/8270, l='ServerLevel[world]', x=-181.70, y=67.00, z=-108.17] is dead or in a banned dimension the_nether
[11Jun2026 00:55:12.147] [Server thread/DEBUG] [atomicstryker.dynamiclights.server.DynamicLights/]: Calling addLightSource on entity ServerPlayer['jinco98'/8270, l='ServerLevel[world]', x=-181.70, y=67.00, z=-108.29], dimensionLocationPath the_nether
[11Jun2026 00:55:12.147] [Server thread/DEBUG] [atomicstryker.dynamiclights.server.DynamicLights/]: Cannot add Dynamic Light: Attachment Entity ServerPlayer['jinco98'/8270, l='ServerLevel[world]', x=-181.70, y=67.00, z=-108.29] is dead or in a banned dimension the_nether
[11Jun2026 00:55:12.244] [Server thread/DEBUG] [atomicstryker.dynamiclights.server.DynamicLights/]: Calling addLightSource on entity ServerPlayer['jinco98'/8270, l='ServerLevel[world]', x=-181.70, y=67.00, z=-108.31], dimensionLocationPath the_nether
[11Jun2026 00:55:12.244] [Server thread/DEBUG] [atomicstryker.dynamiclights.server.DynamicLights/]: Cannot add Dynamic Light: Attachment Entity ServerPlayer['jinco98'/8270, l='ServerLevel[world]', x=-181.70, y=67.00, z=-108.31] is dead or in a banned dimension the_nether
[11Jun2026 00:55:12.340] [Server thread/DEBUG] [atomicstryker.dynamiclights.server.DynamicLights/]: Calling addLightSource on entity ServerPlayer['jinco98'/8270, l='ServerLevel[world]', x=-181.70, y=67.00, z=-108.48], dimensionLocationPath the_nether
[11Jun2026 00:55:12.340] [Server thread/DEBUG] [atomicstryker.dynamiclights.server.DynamicLights/]: Cannot add Dynamic Light: Attachment Entity ServerPlayer['jinco98'/8270, l='ServerLevel[world]', x=-181.70, y=67.00, z=-108.48] is dead or in a banned dimension the_nether
[11Jun2026 00:55:12.437] [Server thread/DEBUG] [atomicstryker.dynamiclights.server.DynamicLights/]: Calling addLightSource on entity ServerPlayer['jinco98'/8270, l='ServerLevel[world]', x=-181.70, y=67.00, z=-108.66], dimensionLocationPath the_nether
[11Jun2026 00:55:12.437] [Server thread/DEBUG] [atomicstryker.dynamiclights.server.DynamicLights/]: Cannot add Dynamic Light: Attachment Entity ServerPlayer['jinco98'/8270, l='ServerLevel[world]', x=-181.70, y=67.00, z=-108.66] is dead or in a banned dimension the_nether
[11Jun2026 00:55:12.536] [Server thread/DEBUG] [atomicstryker.dynamiclights.server.DynamicLights/]: Calling addLightSource on entity ServerPlayer['jinco98'/8270, l='ServerLevel[world]', x=-181.70, y=67.00, z=-108.70], dimensionLocationPath the_nether
[11Jun2026 00:55:12.536] [Server thread/DEBUG] [atomicstryker.dynamiclights.server.DynamicLights/]: Cannot add Dynamic Light: Attachment Entity ServerPlayer['jinco98'/8270, l='ServerLevel[world]', x=-181.70, y=67.00, z=-108.70] is dead or in a banned dimension the_nether
[11Jun2026 00:55:12.635] [Server thread/DEBUG] [atomicstryker.dynamiclights.server.DynamicLights/]: Calling addLightSource on entity ServerPlayer['jinco98'/8270, l='ServerLevel[world]', x=-181.70, y=67.00, z=-108.70], dimensionLocationPath the_nether
[11Jun2026 00:55:12.635] [Server thread/DEBUG] [atomicstryker.dynamiclights.server.DynamicLights/]: Cannot add Dynamic Light: Attachment Entity ServerPlayer['jinco98'/8270, l='ServerLevel[world]', x=-181.70, y=67.00, z=-108.70] is dead or in a banned dimension the_nether
[11Jun2026 00:55:12.737] [Server thread/DEBUG] [atomicstryker.dynamiclights.server.DynamicLights/]: Calling addLightSource on entity ServerPlayer['jinco98'/8270, l='ServerLevel[world]', x=-181.70, y=67.00, z=-108.57], dimensionLocationPath the_nether
[11Jun2026 00:55:12.737] [Server thread/DEBUG] [atomicstryker.dynamiclights.server.DynamicLights/]: Cannot add Dynamic Light: Attachment Entity ServerPlayer['jinco98'/8270, l='ServerLevel[world]', x=-181.70, y=67.00, z=-108.57] is dead or in a banned dimension the_nether
[11Jun2026 00:55:12.839] [Server thread/DEBUG] [atomicstryker.dynamiclights.server.DynamicLights/]: Calling addLightSource on entity ServerPlayer['jinco98'/8270, l='ServerLevel[world]', x=-181.70, y=67.00, z=-108.42], dimensionLocationPath the_nether
[11Jun2026 00:55:12.839] [Server thread/DEBUG] [atomicstryker.dynamiclights.server.DynamicLights/]: Cannot add Dynamic Light: Attachment Entity ServerPlayer['jinco98'/8270, l='ServerLevel[world]', x=-181.70, y=67.00, z=-108.42] is dead or in a banned dimension the_nether
[11Jun2026 00:55:12.944] [Server thread/DEBUG] [atomicstryker.dynamiclights.server.DynamicLights/]: Calling addLightSource on entity ServerPlayer['jinco98'/8270, l='ServerLevel[world]', x=-181.70, y=67.00, z=-108.31], dimensionLocationPath the_nether
[11Jun2026 00:55:12.944] [Server thread/DEBUG] [atomicstryker.dynamiclights.server.DynamicLights/]: Cannot add Dynamic Light: Attachment Entity ServerPlayer['jinco98'/8270, l='ServerLevel[world]', x=-181.70, y=67.00, z=-108.31] is dead or in a banned dimension the_nether
[11Jun2026 00:55:13.036] [Server thread/DEBUG] [atomicstryker.dynamiclights.server.DynamicLights/]: Calling addLightSource on entity ServerPlayer['jinco98'/8270, l='ServerLevel[world]', x=-181.70, y=67.00, z=-108.21], dimensionLocationPath the_nether
[11Jun2026 00:55:13.036] [Server thread/DEBUG] [atomicstryker.dynamiclights.server.DynamicLights/]: Cannot add Dynamic Light: Attachment Entity ServerPlayer['jinco98'/8270, l='ServerLevel[world]', x=-181.70, y=67.00, z=-108.21] is dead or in a banned dimension the_nether
[11Jun2026 00:55:13.144] [Server thread/DEBUG] [atomicstryker.dynamiclights.server.DynamicLights/]: Calling addLightSource on entity ServerPlayer['jinco98'/8270, l='ServerLevel[world]', x=-181.70, y=67.00, z=-108.11], dimensionLocationPath the_nether
[11Jun2026 00:55:13.144] [Server thread/DEBUG] [atomicstryker.dynamiclights.server.DynamicLights/]: Cannot add Dynamic Light: Attachment Entity ServerPlayer['jinco98'/8270, l='ServerLevel[world]', x=-181.70, y=67.00, z=-108.11] is dead or in a banned dimension the_nether
[11Jun2026 00:55:13.236] [Server thread/DEBUG] [atomicstryker.dynamiclights.server.DynamicLights/]: Calling addLightSource on entity ServerPlayer['jinco98'/8270, l='ServerLevel[world]', x=-181.70, y=67.00, z=-108.00], dimensionLocationPath the_nether
[11Jun2026 00:55:13.236] [Server thread/DEBUG] [atomicstryker.dynamiclights.server.DynamicLights/]: Cannot add Dynamic Light: Attachment Entity ServerPlayer['jinco98'/8270, l='ServerLevel[world]', x=-181.70, y=67.00, z=-108.00] is dead or in a banned dimension the_nether
[11Jun2026 00:55:13.339] [Server thread/DEBUG] [atomicstryker.dynamiclights.server.DynamicLights/]: Calling addLightSource on entity ServerPlayer['jinco98'/8270, l='ServerLevel[world]', x=-181.70, y=67.00, z=-107.89], dimensionLocationPath the_nether
[11Jun2026 00:55:13.339] [Server thread/DEBUG] [atomicstryker.dynamiclights.server.DynamicLights/]: Cannot add Dynamic Light: Attachment Entity ServerPlayer['jinco98'/8270, l='ServerLevel[world]', x=-181.70, y=67.00, z=-107.89] is dead or in a banned dimension the_nether
[11Jun2026 00:55:13.443] [Server thread/DEBUG] [atomicstryker.dynamiclights.server.DynamicLights/]: Calling addLightSource on entity ServerPlayer['jinco98'/8270, l='ServerLevel[world]', x=-181.70, y=67.00, z=-107.86], dimensionLocationPath the_nether
[11Jun2026 00:55:13.443] [Server thread/DEBUG] [atomicstryker.dynamiclights.server.DynamicLights/]: Cannot add Dynamic Light: Attachment Entity ServerPlayer['jinco98'/8270, l='ServerLevel[world]', x=-181.70, y=67.00, z=-107.86] is dead or in a banned dimension the_nether
[11Jun2026 00:55:13.536] [Server thread/DEBUG] [atomicstryker.dynamiclights.server.DynamicLights/]: Calling addLightSource on entity ServerPlayer['jinco98'/8270, l='ServerLevel[world]', x=-181.70, y=67.00, z=-107.81], dimensionLocationPath the_nether
[11Jun2026 00:55:13.536] [Server thread/DEBUG] [atomicstryker.dynamiclights.server.DynamicLights/]: Cannot add Dynamic Light: Attachment Entity ServerPlayer['jinco98'/8270, l='ServerLevel[world]', x=-181.70, y=67.00, z=-107.81] is dead or in a banned dimension the_nether
[11Jun2026 00:55:13.635] [Server thread/DEBUG] [atomicstryker.dynamiclights.server.DynamicLights/]: Calling addLightSource on entity ServerPlayer['jinco98'/8270, l='ServerLevel[world]', x=-181.70, y=67.00, z=-107.75], dimensionLocationPath the_nether
[11Jun2026 00:55:13.636] [Server thread/DEBUG] [atomicstryker.dynamiclights.server.DynamicLights/]: Cannot add Dynamic Light: Attachment Entity ServerPlayer['jinco98'/8270, l='ServerLevel[world]', x=-181.70, y=67.00, z=-107.75] is dead or in a banned dimension the_nether
[11Jun2026 00:55:13.740] [Server thread/DEBUG] [atomicstryker.dynamiclights.server.DynamicLights/]: Calling addLightSource on entity ServerPlayer['jinco98'/8270, l='ServerLevel[world]', x=-181.70, y=67.00, z=-107.66], dimensionLocationPath the_nether
[11Jun2026 00:55:13.741] [Server thread/DEBUG] [atomicstryker.dynamiclights.server.DynamicLights/]: Cannot add Dynamic Light: Attachment Entity ServerPlayer['jinco98'/8270, l='ServerLevel[world]', x=-181.70, y=67.00, z=-107.66] is dead or in a banned dimension the_nether
[11Jun2026 00:55:13.838] [Server thread/DEBUG] [atomicstryker.dynamiclights.server.DynamicLights/]: Calling addLightSource on entity ServerPlayer['jinco98'/8270, l='ServerLevel[world]', x=-181.69, y=67.00, z=-107.55], dimensionLocationPath the_nether
[11Jun2026 00:55:13.838] [Server thread/DEBUG] [atomicstryker.dynamiclights.server.DynamicLights/]: Cannot add Dynamic Light: Attachment Entity ServerPlayer['jinco98'/8270, l='ServerLevel[world]', x=-181.69, y=67.00, z=-107.55] is dead or in a banned dimension the_nether
[11Jun2026 00:55:13.936] [Server thread/DEBUG] [atomicstryker.dynamiclights.server.DynamicLights/]: Calling addLightSource on entity ServerPlayer['jinco98'/8270, l='ServerLevel[world]', x=-181.66, y=67.00, z=-107.43], dimensionLocationPath the_nether
[11Jun2026 00:55:13.936] [Server thread/DEBUG] [atomicstryker.dynamiclights.server.DynamicLights/]: Cannot add Dynamic Light: Attachment Entity ServerPlayer['jinco98'/8270, l='ServerLevel[world]', x=-181.66, y=67.00, z=-107.43] is dead or in a banned dimension the_nether
[11Jun2026 00:55:14.035] [Server thread/DEBUG] [atomicstryker.dynamiclights.server.DynamicLights/]: Calling addLightSource on entity ServerPlayer['jinco98'/8270, l='ServerLevel[world]', x=-181.61, y=67.00, z=-107.32], dimensionLocationPath the_nether
[11Jun2026 00:55:14.035] [Server thread/DEBUG] [atomicstryker.dynamiclights.server.DynamicLights/]: Cannot add Dynamic Light: Attachment Entity ServerPlayer['jinco98'/8270, l='ServerLevel[world]', x=-181.61, y=67.00, z=-107.32] is dead or in a banned dimension the_nether
[11Jun2026 00:55:41.935] [Server thread/INFO] [net.minecraft.server.MinecraftServer/]: jinco98 was slain by Zombified Piglin
[11Jun2026 00:55:48.147] [Server thread/INFO] [net.minecraft.server.MinecraftServer/]: MayEL1207 was slain by Piglin
[11Jun2026 00:55:54.712] [Server thread/WARN] [net.minecraft.server.MinecraftServer/]: Can't keep up! Is the server overloaded? Running 3640ms or 72 ticks behind
[11Jun2026 00:57:00.081] [Server thread/INFO] [net.minecraft.server.MinecraftServer/]: MayEL1207 was slain by Piglin
[11Jun2026 00:57:26.721] [Server thread/DEBUG] [net.neoforged.neoforge.common.CommonHooks/WP]: Gathered mod list to write to world save world
[11Jun2026 00:58:53.282] [Server thread/DEBUG] [atomicstryker.dynamiclights.server.DynamicLights/]: Calling addLightSource on entity ServerPlayer['MayEL1207'/9468, l='ServerLevel[world]', x=-87.30, y=30.84, z=-93.61], dimensionLocationPath the_nether
[11Jun2026 00:58:53.283] [Server thread/DEBUG] [atomicstryker.dynamiclights.server.DynamicLights/]: Cannot add Dynamic Light: Attachment Entity ServerPlayer['MayEL1207'/9468, l='ServerLevel[world]', x=-87.30, y=30.84, z=-93.61] is dead or in a banned dimension the_nether
[11Jun2026 00:58:53.382] [Server thread/DEBUG] [atomicstryker.dynamiclights.server.DynamicLights/]: Calling addLightSource on entity ServerPlayer['MayEL1207'/9468, l='ServerLevel[world]', x=-87.30, y=27.75, z=-93.61], dimensionLocationPath the_nether
[11Jun2026 00:58:53.382] [Server thread/DEBUG] [atomicstryker.dynamiclights.server.DynamicLights/]: Cannot add Dynamic Light: Attachment Entity ServerPlayer['MayEL1207'/9468, l='ServerLevel[world]', x=-87.30, y=27.75, z=-93.61] is dead or in a banned dimension the_nether
[11Jun2026 00:58:53.488] [Server thread/DEBUG] [atomicstryker.dynamiclights.server.DynamicLights/]: Calling addLightSource on entity ServerPlayer['MayEL1207'/9468, l='ServerLevel[world]', x=-87.30, y=26.94, z=-93.61], dimensionLocationPath the_nether
[11Jun2026 00:58:53.488] [Server thread/DEBUG] [atomicstryker.dynamiclights.server.DynamicLights/]: Cannot add Dynamic Light: Attachment Entity ServerPlayer['MayEL1207'/9468, l='ServerLevel[world]', x=-87.30, y=26.94, z=-93.61] is dead or in a banned dimension the_nether
[11Jun2026 00:58:53.584] [Server thread/DEBUG] [atomicstryker.dynamiclights.server.DynamicLights/]: Calling addLightSource on entity ServerPlayer['MayEL1207'/9468, l='ServerLevel[world]', x=-87.30, y=26.68, z=-93.61], dimensionLocationPath the_nether
[11Jun2026 00:58:53.584] [Server thread/DEBUG] [atomicstryker.dynamiclights.server.DynamicLights/]: Cannot add Dynamic Light: Attachment Entity ServerPlayer['MayEL1207'/9468, l='ServerLevel[world]', x=-87.30, y=26.68, z=-93.61] is dead or in a banned dimension the_nether
[11Jun2026 00:58:53.683] [Server thread/DEBUG] [atomicstryker.dynamiclights.server.DynamicLights/]: Calling addLightSource on entity ServerPlayer['MayEL1207'/9468, l='ServerLevel[world]', x=-87.30, y=26.55, z=-93.61], dimensionLocationPath the_nether
[11Jun2026 00:58:53.683] [Server thread/DEBUG] [atomicstryker.dynamiclights.server.DynamicLights/]: Cannot add Dynamic Light: Attachment Entity ServerPlayer['MayEL1207'/9468, l='ServerLevel[world]', x=-87.30, y=26.55, z=-93.61] is dead or in a banned dimension the_nether
[11Jun2026 00:58:53.785] [Server thread/DEBUG] [atomicstryker.dynamiclights.server.DynamicLights/]: Calling addLightSource on entity ServerPlayer['MayEL1207'/9468, l='ServerLevel[world]', x=-87.30, y=26.46, z=-93.61], dimensionLocationPath the_nether
[11Jun2026 00:58:53.785] [Server thread/DEBUG] [atomicstryker.dynamiclights.server.DynamicLights/]: Cannot add Dynamic Light: Attachment Entity ServerPlayer['MayEL1207'/9468, l='ServerLevel[world]', x=-87.30, y=26.46, z=-93.61] is dead or in a banned dimension the_nether
[11Jun2026 00:58:53.884] [Server thread/DEBUG] [atomicstryker.dynamiclights.server.DynamicLights/]: Calling addLightSource on entity ServerPlayer['MayEL1207'/9468, l='ServerLevel[world]', x=-87.30, y=26.34, z=-93.61], dimensionLocationPath the_nether
[11Jun2026 00:58:53.884] [Server thread/DEBUG] [atomicstryker.dynamiclights.server.DynamicLights/]: Cannot add Dynamic Light: Attachment Entity ServerPlayer['MayEL1207'/9468, l='ServerLevel[world]', x=-87.30, y=26.34, z=-93.61] is dead or in a banned dimension the_nether
[11Jun2026 00:58:53.982] [Server thread/DEBUG] [atomicstryker.dynamiclights.server.DynamicLights/]: Calling addLightSource on entity ServerPlayer['MayEL1207'/9468, l='ServerLevel[world]', x=-87.30, y=26.24, z=-93.61], dimensionLocationPath the_nether
[11Jun2026 00:58:53.982] [Server thread/DEBUG] [atomicstryker.dynamiclights.server.DynamicLights/]: Cannot add Dynamic Light: Attachment Entity ServerPlayer['MayEL1207'/9468, l='ServerLevel[world]', x=-87.30, y=26.24, z=-93.61] is dead or in a banned dimension the_nether
[11Jun2026 00:58:54.090] [Server thread/INFO] [net.minecraft.server.MinecraftServer/]: MayEL1207 tried to swim in lava to escape Wither Skeleton
[11Jun2026 00:59:15.036] [Server thread/INFO] [net.minecraft.server.MinecraftServer/]: jinco98 was shot by Skeleton
[11Jun2026 01:00:27.988] [Server thread/DEBUG] [atomicstryker.dynamiclights.server.DynamicLights/]: Calling addLightSource on entity ServerPlayer['MayEL1207'/9468, l='ServerLevel[world]', x=-40.00, y=30.11, z=-46.60], dimensionLocationPath the_nether
[11Jun2026 01:00:27.989] [Server thread/DEBUG] [atomicstryker.dynamiclights.server.DynamicLights/]: Cannot add Dynamic Light: Attachment Entity ServerPlayer['MayEL1207'/9468, l='ServerLevel[world]', x=-40.00, y=30.11, z=-46.60] is dead or in a banned dimension the_nether
[11Jun2026 01:00:28.086] [Server thread/DEBUG] [atomicstryker.dynamiclights.server.DynamicLights/]: Calling addLightSource on entity ServerPlayer['MayEL1207'/9468, l='ServerLevel[world]', x=-40.00, y=27.16, z=-46.72], dimensionLocationPath the_nether
[11Jun2026 01:00:28.086] [Server thread/DEBUG] [atomicstryker.dynamiclights.server.DynamicLights/]: Cannot add Dynamic Light: Attachment Entity ServerPlayer['MayEL1207'/9468, l='ServerLevel[world]', x=-40.00, y=27.16, z=-46.72] is dead or in a banned dimension the_nether
[11Jun2026 01:00:28.184] [Server thread/DEBUG] [atomicstryker.dynamiclights.server.DynamicLights/]: Calling addLightSource on entity ServerPlayer['MayEL1207'/9468, l='ServerLevel[world]', x=-40.00, y=26.37, z=-46.77], dimensionLocationPath the_nether
[11Jun2026 01:00:28.184] [Server thread/DEBUG] [atomicstryker.dynamiclights.server.DynamicLights/]: Cannot add Dynamic Light: Attachment Entity ServerPlayer['MayEL1207'/9468, l='ServerLevel[world]', x=-40.00, y=26.37, z=-46.77] is dead or in a banned dimension the_nether
[11Jun2026 01:00:28.290] [Server thread/DEBUG] [atomicstryker.dynamiclights.server.DynamicLights/]: Calling addLightSource on entity ServerPlayer['MayEL1207'/9468, l='ServerLevel[world]', x=-40.00, y=23.61, z=-46.77], dimensionLocationPath the_nether
[11Jun2026 01:00:28.290] [Server thread/DEBUG] [atomicstryker.dynamiclights.server.DynamicLights/]: Cannot add Dynamic Light: Attachment Entity ServerPlayer['MayEL1207'/9468, l='ServerLevel[world]', x=-40.00, y=23.61, z=-46.77] is dead or in a banned dimension the_nether
[11Jun2026 01:00:28.385] [Server thread/DEBUG] [atomicstryker.dynamiclights.server.DynamicLights/]: Calling addLightSource on entity ServerPlayer['MayEL1207'/9468, l='ServerLevel[world]', x=-40.00, y=22.85, z=-46.77], dimensionLocationPath the_nether
[11Jun2026 01:00:28.385] [Server thread/DEBUG] [atomicstryker.dynamiclights.server.DynamicLights/]: Cannot add Dynamic Light: Attachment Entity ServerPlayer['MayEL1207'/9468, l='ServerLevel[world]', x=-40.00, y=22.85, z=-46.77] is dead or in a banned dimension the_nether
[11Jun2026 01:00:28.485] [Server thread/DEBUG] [atomicstryker.dynamiclights.server.DynamicLights/]: Calling addLightSource on entity ServerPlayer['MayEL1207'/9468, l='ServerLevel[world]', x=-40.00, y=22.61, z=-46.77], dimensionLocationPath the_nether
[11Jun2026 01:00:28.486] [Server thread/DEBUG] [atomicstryker.dynamiclights.server.DynamicLights/]: Cannot add Dynamic Light: Attachment Entity ServerPlayer['MayEL1207'/9468, l='ServerLevel[world]', x=-40.00, y=22.61, z=-46.77] is dead or in a banned dimension the_nether
[11Jun2026 01:00:28.587] [Server thread/DEBUG] [atomicstryker.dynamiclights.server.DynamicLights/]: Calling addLightSource on entity ServerPlayer['MayEL1207'/9468, l='ServerLevel[world]', x=-40.00, y=22.49, z=-46.77], dimensionLocationPath the_nether
[11Jun2026 01:00:28.587] [Server thread/DEBUG] [atomicstryker.dynamiclights.server.DynamicLights/]: Cannot add Dynamic Light: Attachment Entity ServerPlayer['MayEL1207'/9468, l='ServerLevel[world]', x=-40.00, y=22.49, z=-46.77] is dead or in a banned dimension the_nether
[11Jun2026 01:00:28.692] [Server thread/DEBUG] [atomicstryker.dynamiclights.server.DynamicLights/]: Calling addLightSource on entity ServerPlayer['MayEL1207'/9468, l='ServerLevel[world]', x=-40.00, y=22.39, z=-46.77], dimensionLocationPath the_nether
[11Jun2026 01:00:28.692] [Server thread/DEBUG] [atomicstryker.dynamiclights.server.DynamicLights/]: Cannot add Dynamic Light: Attachment Entity ServerPlayer['MayEL1207'/9468, l='ServerLevel[world]', x=-40.00, y=22.39, z=-46.77] is dead or in a banned dimension the_nether
[11Jun2026 01:00:28.785] [Server thread/DEBUG] [atomicstryker.dynamiclights.server.DynamicLights/]: Calling addLightSource on entity ServerPlayer['MayEL1207'/9468, l='ServerLevel[world]', x=-40.00, y=22.31, z=-46.77], dimensionLocationPath the_nether
[11Jun2026 01:00:28.786] [Server thread/DEBUG] [atomicstryker.dynamiclights.server.DynamicLights/]: Cannot add Dynamic Light: Attachment Entity ServerPlayer['MayEL1207'/9468, l='ServerLevel[world]', x=-40.00, y=22.31, z=-46.77] is dead or in a banned dimension the_nether
[11Jun2026 01:00:28.883] [Server thread/DEBUG] [atomicstryker.dynamiclights.server.DynamicLights/]: Calling addLightSource on entity ServerPlayer['MayEL1207'/9468, l='ServerLevel[world]', x=-40.00, y=22.23, z=-46.77], dimensionLocationPath the_nether
[11Jun2026 01:00:28.884] [Server thread/DEBUG] [atomicstryker.dynamiclights.server.DynamicLights/]: Cannot add Dynamic Light: Attachment Entity ServerPlayer['MayEL1207'/9468, l='ServerLevel[world]', x=-40.00, y=22.23, z=-46.77] is dead or in a banned dimension the_nether
[11Jun2026 01:00:28.986] [Server thread/INFO] [net.minecraft.server.MinecraftServer/]: MayEL1207 tried to swim in lava
[11Jun2026 01:02:26.726] [Server thread/DEBUG] [net.neoforged.neoforge.common.CommonHooks/WP]: Gathered mod list to write to world save world
[11Jun2026 01:05:06.186] [Server thread/DEBUG] [atomicstryker.dynamiclights.server.DynamicLights/]: Calling addLightSource on entity ServerPlayer['jinco98'/8270, l='ServerLevel[world]', x=-169.13, y=75.36, z=-236.90], dimensionLocationPath the_nether
[11Jun2026 01:05:06.187] [Server thread/DEBUG] [atomicstryker.dynamiclights.server.DynamicLights/]: Cannot add Dynamic Light: Attachment Entity ServerPlayer['jinco98'/8270, l='ServerLevel[world]', x=-169.13, y=75.36, z=-236.90] is dead or in a banned dimension the_nether
[11Jun2026 01:05:06.293] [Server thread/DEBUG] [atomicstryker.dynamiclights.server.DynamicLights/]: Calling addLightSource on entity ServerPlayer['jinco98'/8270, l='ServerLevel[world]', x=-168.88, y=75.19, z=-237.11], dimensionLocationPath the_nether
[11Jun2026 01:05:06.293] [Server thread/DEBUG] [atomicstryker.dynamiclights.server.DynamicLights/]: Cannot add Dynamic Light: Attachment Entity ServerPlayer['jinco98'/8270, l='ServerLevel[world]', x=-168.88, y=75.19, z=-237.11] is dead or in a banned dimension the_nether
[11Jun2026 01:05:06.383] [Server thread/DEBUG] [atomicstryker.dynamiclights.server.DynamicLights/]: Calling addLightSource on entity ServerPlayer['jinco98'/8270, l='ServerLevel[world]', x=-168.78, y=75.03, z=-237.26], dimensionLocationPath the_nether
[11Jun2026 01:05:06.383] [Server thread/DEBUG] [atomicstryker.dynamiclights.server.DynamicLights/]: Cannot add Dynamic Light: Attachment Entity ServerPlayer['jinco98'/8270, l='ServerLevel[world]', x=-168.78, y=75.03, z=-237.26] is dead or in a banned dimension the_nether
[11Jun2026 01:05:06.485] [Server thread/DEBUG] [atomicstryker.dynamiclights.server.DynamicLights/]: Calling addLightSource on entity ServerPlayer['jinco98'/8270, l='ServerLevel[world]', x=-169.06, y=75.34, z=-237.17], dimensionLocationPath the_nether
[11Jun2026 01:05:06.485] [Server thread/DEBUG] [atomicstryker.dynamiclights.server.DynamicLights/]: Cannot add Dynamic Light: Attachment Entity ServerPlayer['jinco98'/8270, l='ServerLevel[world]', x=-169.06, y=75.34, z=-237.17] is dead or in a banned dimension the_nether
[11Jun2026 01:05:06.583] [Server thread/DEBUG] [atomicstryker.dynamiclights.server.DynamicLights/]: Calling addLightSource on entity ServerPlayer['jinco98'/8270, l='ServerLevel[world]', x=-169.23, y=75.33, z=-237.14], dimensionLocationPath the_nether
[11Jun2026 01:05:06.583] [Server thread/DEBUG] [atomicstryker.dynamiclights.server.DynamicLights/]: Cannot add Dynamic Light: Attachment Entity ServerPlayer['jinco98'/8270, l='ServerLevel[world]', x=-169.23, y=75.33, z=-237.14] is dead or in a banned dimension the_nether
[11Jun2026 01:05:06.685] [Server thread/DEBUG] [atomicstryker.dynamiclights.server.DynamicLights/]: Calling addLightSource on entity ServerPlayer['jinco98'/8270, l='ServerLevel[world]', x=-169.39, y=75.00, z=-237.13], dimensionLocationPath the_nether
[11Jun2026 01:05:06.686] [Server thread/DEBUG] [atomicstryker.dynamiclights.server.DynamicLights/]: Cannot add Dynamic Light: Attachment Entity ServerPlayer['jinco98'/8270, l='ServerLevel[world]', x=-169.39, y=75.00, z=-237.13] is dead or in a banned dimension the_nether
[11Jun2026 01:05:06.783] [Server thread/DEBUG] [atomicstryker.dynamiclights.server.DynamicLights/]: Calling addLightSource on entity ServerPlayer['jinco98'/8270, l='ServerLevel[world]', x=-169.56, y=75.00, z=-237.20], dimensionLocationPath the_nether
[11Jun2026 01:05:06.783] [Server thread/DEBUG] [atomicstryker.dynamiclights.server.DynamicLights/]: Cannot add Dynamic Light: Attachment Entity ServerPlayer['jinco98'/8270, l='ServerLevel[world]', x=-169.56, y=75.00, z=-237.20] is dead or in a banned dimension the_nether
[11Jun2026 01:05:06.883] [Server thread/DEBUG] [atomicstryker.dynamiclights.server.DynamicLights/]: Calling addLightSource on entity ServerPlayer['jinco98'/8270, l='ServerLevel[world]', x=-169.67, y=75.00, z=-237.31], dimensionLocationPath the_nether
[11Jun2026 01:05:06.883] [Server thread/DEBUG] [atomicstryker.dynamiclights.server.DynamicLights/]: Cannot add Dynamic Light: Attachment Entity ServerPlayer['jinco98'/8270, l='ServerLevel[world]', x=-169.67, y=75.00, z=-237.31] is dead or in a banned dimension the_nether
[11Jun2026 01:05:06.982] [Server thread/DEBUG] [atomicstryker.dynamiclights.server.DynamicLights/]: Calling addLightSource on entity ServerPlayer['jinco98'/8270, l='ServerLevel[world]', x=-169.70, y=75.00, z=-237.40], dimensionLocationPath the_nether
[11Jun2026 01:05:06.982] [Server thread/DEBUG] [atomicstryker.dynamiclights.server.DynamicLights/]: Cannot add Dynamic Light: Attachment Entity ServerPlayer['jinco98'/8270, l='ServerLevel[world]', x=-169.70, y=75.00, z=-237.40] is dead or in a banned dimension the_nether
[11Jun2026 01:05:07.091] [Server thread/DEBUG] [atomicstryker.dynamiclights.server.DynamicLights/]: Calling addLightSource on entity ServerPlayer['jinco98'/8270, l='ServerLevel[world]', x=-169.70, y=75.00, z=-237.49], dimensionLocationPath the_nether
[11Jun2026 01:05:07.091] [Server thread/DEBUG] [atomicstryker.dynamiclights.server.DynamicLights/]: Cannot add Dynamic Light: Attachment Entity ServerPlayer['jinco98'/8270, l='ServerLevel[world]', x=-169.70, y=75.00, z=-237.49] is dead or in a banned dimension the_nether
[11Jun2026 01:05:07.184] [Server thread/DEBUG] [atomicstryker.dynamiclights.server.DynamicLights/]: Calling addLightSource on entity ServerPlayer['jinco98'/8270, l='ServerLevel[world]', x=-169.70, y=75.00, z=-237.58], dimensionLocationPath the_nether
[11Jun2026 01:05:07.184] [Server thread/DEBUG] [atomicstryker.dynamiclights.server.DynamicLights/]: Cannot add Dynamic Light: Attachment Entity ServerPlayer['jinco98'/8270, l='ServerLevel[world]', x=-169.70, y=75.00, z=-237.58] is dead or in a banned dimension the_nether
[11Jun2026 01:05:07.282] [Server thread/DEBUG] [atomicstryker.dynamiclights.server.DynamicLights/]: Calling addLightSource on entity ServerPlayer['jinco98'/8270, l='ServerLevel[world]', x=-169.70, y=75.00, z=-237.67], dimensionLocationPath the_nether
[11Jun2026 01:05:07.282] [Server thread/DEBUG] [atomicstryker.dynamiclights.server.DynamicLights/]: Cannot add Dynamic Light: Attachment Entity ServerPlayer['jinco98'/8270, l='ServerLevel[world]', x=-169.70, y=75.00, z=-237.67] is dead or in a banned dimension the_nether
[11Jun2026 01:05:07.382] [Server thread/DEBUG] [atomicstryker.dynamiclights.server.DynamicLights/]: Calling addLightSource on entity ServerPlayer['jinco98'/8270, l='ServerLevel[world]', x=-169.70, y=75.00, z=-237.75], dimensionLocationPath the_nether
[11Jun2026 01:05:07.382] [Server thread/DEBUG] [atomicstryker.dynamiclights.server.DynamicLights/]: Cannot add Dynamic Light: Attachment Entity ServerPlayer['jinco98'/8270, l='ServerLevel[world]', x=-169.70, y=75.00, z=-237.75] is dead or in a banned dimension the_nether
[11Jun2026 01:05:07.482] [Server thread/DEBUG] [atomicstryker.dynamiclights.server.DynamicLights/]: Calling addLightSource on entity ServerPlayer['jinco98'/8270, l='ServerLevel[world]', x=-169.70, y=75.00, z=-237.80], dimensionLocationPath the_nether
[11Jun2026 01:05:07.482] [Server thread/DEBUG] [atomicstryker.dynamiclights.server.DynamicLights/]: Cannot add Dynamic Light: Attachment Entity ServerPlayer['jinco98'/8270, l='ServerLevel[world]', x=-169.70, y=75.00, z=-237.80] is dead or in a banned dimension the_nether
[11Jun2026 01:05:07.584] [Server thread/DEBUG] [atomicstryker.dynamiclights.server.DynamicLights/]: Calling addLightSource on entity ServerPlayer['jinco98'/8270, l='ServerLevel[world]', x=-169.64, y=75.00, z=-237.88], dimensionLocationPath the_nether
[11Jun2026 01:05:07.584] [Server thread/DEBUG] [atomicstryker.dynamiclights.server.DynamicLights/]: Cannot add Dynamic Light: Attachment Entity ServerPlayer['jinco98'/8270, l='ServerLevel[world]', x=-169.64, y=75.00, z=-237.88] is dead or in a banned dimension the_nether
[11Jun2026 01:05:07.683] [Server thread/DEBUG] [atomicstryker.dynamiclights.server.DynamicLights/]: Calling addLightSource on entity ServerPlayer['jinco98'/8270, l='ServerLevel[world]', x=-169.59, y=75.00, z=-237.96], dimensionLocationPath the_nether
[11Jun2026 01:05:07.683] [Server thread/DEBUG] [atomicstryker.dynamiclights.server.DynamicLights/]: Cannot add Dynamic Light: Attachment Entity ServerPlayer['jinco98'/8270, l='ServerLevel[world]', x=-169.59, y=75.00, z=-237.96] is dead or in a banned dimension the_nether
[11Jun2026 01:05:07.783] [Server thread/DEBUG] [atomicstryker.dynamiclights.server.DynamicLights/]: Calling addLightSource on entity ServerPlayer['jinco98'/8270, l='ServerLevel[world]', x=-169.57, y=75.00, z=-238.04], dimensionLocationPath the_nether
[11Jun2026 01:05:07.783] [Server thread/DEBUG] [atomicstryker.dynamiclights.server.DynamicLights/]: Cannot add Dynamic Light: Attachment Entity ServerPlayer['jinco98'/8270, l='ServerLevel[world]', x=-169.57, y=75.00, z=-238.04] is dead or in a banned dimension the_nether
[11Jun2026 01:05:07.883] [Server thread/DEBUG] [atomicstryker.dynamiclights.server.DynamicLights/]: Calling addLightSource on entity ServerPlayer['jinco98'/8270, l='ServerLevel[world]', x=-169.56, y=75.00, z=-238.13], dimensionLocationPath the_nether
[11Jun2026 01:05:07.883] [Server thread/DEBUG] [atomicstryker.dynamiclights.server.DynamicLights/]: Cannot add Dynamic Light: Attachment Entity ServerPlayer['jinco98'/8270, l='ServerLevel[world]', x=-169.56, y=75.00, z=-238.13] is dead or in a banned dimension the_nether
[11Jun2026 01:05:07.984] [Server thread/DEBUG] [atomicstryker.dynamiclights.server.DynamicLights/]: Calling addLightSource on entity ServerPlayer['jinco98'/8270, l='ServerLevel[world]', x=-169.56, y=75.00, z=-238.22], dimensionLocationPath the_nether
[11Jun2026 01:05:07.985] [Server thread/DEBUG] [atomicstryker.dynamiclights.server.DynamicLights/]: Cannot add Dynamic Light: Attachment Entity ServerPlayer['jinco98'/8270, l='ServerLevel[world]', x=-169.56, y=75.00, z=-238.22] is dead or in a banned dimension the_nether
[11Jun2026 01:05:08.084] [Server thread/DEBUG] [atomicstryker.dynamiclights.server.DynamicLights/]: Calling addLightSource on entity ServerPlayer['jinco98'/8270, l='ServerLevel[world]', x=-169.55, y=75.00, z=-238.30], dimensionLocationPath the_nether
[11Jun2026 01:05:08.084] [Server thread/DEBUG] [atomicstryker.dynamiclights.server.DynamicLights/]: Cannot add Dynamic Light: Attachment Entity ServerPlayer['jinco98'/8270, l='ServerLevel[world]', x=-169.55, y=75.00, z=-238.30] is dead or in a banned dimension the_nether
[11Jun2026 01:05:08.184] [Server thread/DEBUG] [atomicstryker.dynamiclights.server.DynamicLights/]: Calling addLightSource on entity ServerPlayer['jinco98'/8270, l='ServerLevel[world]', x=-169.55, y=75.00, z=-238.39], dimensionLocationPath the_nether
[11Jun2026 01:05:08.184] [Server thread/DEBUG] [atomicstryker.dynamiclights.server.DynamicLights/]: Cannot add Dynamic Light: Attachment Entity ServerPlayer['jinco98'/8270, l='ServerLevel[world]', x=-169.55, y=75.00, z=-238.39] is dead or in a banned dimension the_nether
[11Jun2026 01:05:08.283] [Server thread/DEBUG] [atomicstryker.dynamiclights.server.DynamicLights/]: Calling addLightSource on entity ServerPlayer['jinco98'/8270, l='ServerLevel[world]', x=-169.55, y=75.00, z=-238.47], dimensionLocationPath the_nether
[11Jun2026 01:05:08.283] [Server thread/DEBUG] [atomicstryker.dynamiclights.server.DynamicLights/]: Cannot add Dynamic Light: Attachment Entity ServerPlayer['jinco98'/8270, l='ServerLevel[world]', x=-169.55, y=75.00, z=-238.47] is dead or in a banned dimension the_nether
[11Jun2026 01:05:08.388] [Server thread/DEBUG] [atomicstryker.dynamiclights.server.DynamicLights/]: Calling addLightSource on entity ServerPlayer['jinco98'/8270, l='ServerLevel[world]', x=-169.55, y=75.00, z=-238.56], dimensionLocationPath the_nether
[11Jun2026 01:05:08.389] [Server thread/DEBUG] [atomicstryker.dynamiclights.server.DynamicLights/]: Cannot add Dynamic Light: Attachment Entity ServerPlayer['jinco98'/8270, l='ServerLevel[world]', x=-169.55, y=75.00, z=-238.56] is dead or in a banned dimension the_nether
[11Jun2026 01:05:08.482] [Server thread/DEBUG] [atomicstryker.dynamiclights.server.DynamicLights/]: Calling addLightSource on entity ServerPlayer['jinco98'/8270, l='ServerLevel[world]', x=-169.55, y=75.00, z=-238.61], dimensionLocationPath the_nether
[11Jun2026 01:05:08.482] [Server thread/DEBUG] [atomicstryker.dynamiclights.server.DynamicLights/]: Cannot add Dynamic Light: Attachment Entity ServerPlayer['jinco98'/8270, l='ServerLevel[world]', x=-169.55, y=75.00, z=-238.61] is dead or in a banned dimension the_nether
[11Jun2026 01:05:08.584] [Server thread/DEBUG] [atomicstryker.dynamiclights.server.DynamicLights/]: Calling addLightSource on entity ServerPlayer['jinco98'/8270, l='ServerLevel[world]', x=-169.55, y=75.00, z=-238.69], dimensionLocationPath the_nether
[11Jun2026 01:05:08.584] [Server thread/DEBUG] [atomicstryker.dynamiclights.server.DynamicLights/]: Cannot add Dynamic Light: Attachment Entity ServerPlayer['jinco98'/8270, l='ServerLevel[world]', x=-169.55, y=75.00, z=-238.69] is dead or in a banned dimension the_nether
[11Jun2026 01:05:08.684] [Server thread/DEBUG] [atomicstryker.dynamiclights.server.DynamicLights/]: Calling addLightSource on entity ServerPlayer['jinco98'/8270, l='ServerLevel[world]', x=-169.54, y=75.00, z=-238.77], dimensionLocationPath the_nether
[11Jun2026 01:05:08.684] [Server thread/DEBUG] [atomicstryker.dynamiclights.server.DynamicLights/]: Cannot add Dynamic Light: Attachment Entity ServerPlayer['jinco98'/8270, l='ServerLevel[world]', x=-169.54, y=75.00, z=-238.77] is dead or in a banned dimension the_nether
[11Jun2026 01:05:08.783] [Server thread/DEBUG] [atomicstryker.dynamiclights.server.DynamicLights/]: Calling addLightSource on entity ServerPlayer['jinco98'/8270, l='ServerLevel[world]', x=-169.53, y=75.00, z=-238.86], dimensionLocationPath the_nether
[11Jun2026 01:05:08.783] [Server thread/DEBUG] [atomicstryker.dynamiclights.server.DynamicLights/]: Cannot add Dynamic Light: Attachment Entity ServerPlayer['jinco98'/8270, l='ServerLevel[world]', x=-169.53, y=75.00, z=-238.86] is dead or in a banned dimension the_nether
[11Jun2026 01:05:08.884] [Server thread/DEBUG] [atomicstryker.dynamiclights.server.DynamicLights/]: Calling addLightSource on entity ServerPlayer['jinco98'/8270, l='ServerLevel[world]', x=-169.49, y=75.00, z=-238.95], dimensionLocationPath the_nether
[11Jun2026 01:05:08.884] [Server thread/DEBUG] [atomicstryker.dynamiclights.server.DynamicLights/]: Cannot add Dynamic Light: Attachment Entity ServerPlayer['jinco98'/8270, l='ServerLevel[world]', x=-169.49, y=75.00, z=-238.95] is dead or in a banned dimension the_nether
[11Jun2026 01:05:08.989] [Server thread/DEBUG] [atomicstryker.dynamiclights.server.DynamicLights/]: Calling addLightSource on entity ServerPlayer['jinco98'/8270, l='ServerLevel[world]', x=-169.45, y=75.00, z=-239.04], dimensionLocationPath the_nether
[11Jun2026 01:05:08.989] [Server thread/DEBUG] [atomicstryker.dynamiclights.server.DynamicLights/]: Cannot add Dynamic Light: Attachment Entity ServerPlayer['jinco98'/8270, l='ServerLevel[world]', x=-169.45, y=75.00, z=-239.04] is dead or in a banned dimension the_nether
[11Jun2026 01:05:09.082] [Server thread/DEBUG] [atomicstryker.dynamiclights.server.DynamicLights/]: Calling addLightSource on entity ServerPlayer['jinco98'/8270, l='ServerLevel[world]', x=-169.42, y=75.00, z=-239.12], dimensionLocationPath the_nether
[11Jun2026 01:05:09.082] [Server thread/DEBUG] [atomicstryker.dynamiclights.server.DynamicLights/]: Cannot add Dynamic Light: Attachment Entity ServerPlayer['jinco98'/8270, l='ServerLevel[world]', x=-169.42, y=75.00, z=-239.12] is dead or in a banned dimension the_nether
[11Jun2026 01:05:09.185] [Server thread/DEBUG] [atomicstryker.dynamiclights.server.DynamicLights/]: Calling addLightSource on entity ServerPlayer['jinco98'/8270, l='ServerLevel[world]', x=-169.34, y=75.00, z=-239.18], dimensionLocationPath the_nether
[11Jun2026 01:05:09.185] [Server thread/DEBUG] [atomicstryker.dynamiclights.server.DynamicLights/]: Cannot add Dynamic Light: Attachment Entity ServerPlayer['jinco98'/8270, l='ServerLevel[world]', x=-169.34, y=75.00, z=-239.18] is dead or in a banned dimension the_nether
[11Jun2026 01:05:09.282] [Server thread/DEBUG] [atomicstryker.dynamiclights.server.DynamicLights/]: Calling addLightSource on entity ServerPlayer['jinco98'/8270, l='ServerLevel[world]', x=-169.24, y=75.00, z=-239.24], dimensionLocationPath the_nether
[11Jun2026 01:05:09.282] [Server thread/DEBUG] [atomicstryker.dynamiclights.server.DynamicLights/]: Cannot add Dynamic Light: Attachment Entity ServerPlayer['jinco98'/8270, l='ServerLevel[world]', x=-169.24, y=75.00, z=-239.24] is dead or in a banned dimension the_nether
[11Jun2026 01:05:09.383] [Server thread/DEBUG] [atomicstryker.dynamiclights.server.DynamicLights/]: Calling addLightSource on entity ServerPlayer['jinco98'/8270, l='ServerLevel[world]', x=-169.13, y=75.00, z=-239.29], dimensionLocationPath the_nether
[11Jun2026 01:05:09.383] [Server thread/DEBUG] [atomicstryker.dynamiclights.server.DynamicLights/]: Cannot add Dynamic Light: Attachment Entity ServerPlayer['jinco98'/8270, l='ServerLevel[world]', x=-169.13, y=75.00, z=-239.29] is dead or in a banned dimension the_nether
[11Jun2026 01:05:09.482] [Server thread/DEBUG] [atomicstryker.dynamiclights.server.DynamicLights/]: Calling addLightSource on entity ServerPlayer['jinco98'/8270, l='ServerLevel[world]', x=-169.11, y=75.00, z=-239.34], dimensionLocationPath the_nether
[11Jun2026 01:05:09.482] [Server thread/DEBUG] [atomicstryker.dynamiclights.server.DynamicLights/]: Cannot add Dynamic Light: Attachment Entity ServerPlayer['jinco98'/8270, l='ServerLevel[world]', x=-169.11, y=75.00, z=-239.34] is dead or in a banned dimension the_nether
[11Jun2026 01:05:09.582] [Server thread/DEBUG] [atomicstryker.dynamiclights.server.DynamicLights/]: Calling addLightSource on entity ServerPlayer['jinco98'/8270, l='ServerLevel[world]', x=-169.06, y=75.00, z=-239.39], dimensionLocationPath the_nether
[11Jun2026 01:05:09.582] [Server thread/DEBUG] [atomicstryker.dynamiclights.server.DynamicLights/]: Cannot add Dynamic Light: Attachment Entity ServerPlayer['jinco98'/8270, l='ServerLevel[world]', x=-169.06, y=75.00, z=-239.39] is dead or in a banned dimension the_nether
[11Jun2026 01:05:09.684] [Server thread/DEBUG] [atomicstryker.dynamiclights.server.DynamicLights/]: Calling addLightSource on entity ServerPlayer['jinco98'/8270, l='ServerLevel[world]', x=-168.81, y=75.00, z=-239.51], dimensionLocationPath the_nether
[11Jun2026 01:05:09.684] [Server thread/DEBUG] [atomicstryker.dynamiclights.server.DynamicLights/]: Cannot add Dynamic Light: Attachment Entity ServerPlayer['jinco98'/8270, l='ServerLevel[world]', x=-168.81, y=75.00, z=-239.51] is dead or in a banned dimension the_nether
[11Jun2026 01:05:09.784] [Server thread/DEBUG] [atomicstryker.dynamiclights.server.DynamicLights/]: Calling addLightSource on entity ServerPlayer['jinco98'/8270, l='ServerLevel[world]', x=-168.46, y=75.00, z=-239.67], dimensionLocationPath the_nether
[11Jun2026 01:05:09.784] [Server thread/DEBUG] [atomicstryker.dynamiclights.server.DynamicLights/]: Cannot add Dynamic Light: Attachment Entity ServerPlayer['jinco98'/8270, l='ServerLevel[world]', x=-168.46, y=75.00, z=-239.67] is dead or in a banned dimension the_nether
[11Jun2026 01:05:09.888] [Server thread/DEBUG] [atomicstryker.dynamiclights.server.DynamicLights/]: Calling addLightSource on entity ServerPlayer['jinco98'/8270, l='ServerLevel[world]', x=-168.03, y=75.00, z=-239.80], dimensionLocationPath the_nether
[11Jun2026 01:05:09.889] [Server thread/DEBUG] [atomicstryker.dynamiclights.server.DynamicLights/]: Cannot add Dynamic Light: Attachment Entity ServerPlayer['jinco98'/8270, l='ServerLevel[world]', x=-168.03, y=75.00, z=-239.80] is dead or in a banned dimension the_nether
[11Jun2026 01:05:09.986] [Server thread/DEBUG] [atomicstryker.dynamiclights.server.DynamicLights/]: Calling addLightSource on entity ServerPlayer['jinco98'/8270, l='ServerLevel[world]', x=-167.51, y=75.00, z=-239.83], dimensionLocationPath the_nether
[11Jun2026 01:05:09.986] [Server thread/DEBUG] [atomicstryker.dynamiclights.server.DynamicLights/]: Cannot add Dynamic Light: Attachment Entity ServerPlayer['jinco98'/8270, l='ServerLevel[world]', x=-167.51, y=75.00, z=-239.83] is dead or in a banned dimension the_nether
[11Jun2026 01:05:10.082] [Server thread/DEBUG] [atomicstryker.dynamiclights.server.DynamicLights/]: Calling addLightSource on entity ServerPlayer['jinco98'/8270, l='ServerLevel[world]', x=-166.97, y=75.00, z=-239.78], dimensionLocationPath the_nether
[11Jun2026 01:05:10.082] [Server thread/DEBUG] [atomicstryker.dynamiclights.server.DynamicLights/]: Cannot add Dynamic Light: Attachment Entity ServerPlayer['jinco98'/8270, l='ServerLevel[world]', x=-166.97, y=75.00, z=-239.78] is dead or in a banned dimension the_nether
[11Jun2026 01:05:10.186] [Server thread/DEBUG] [atomicstryker.dynamiclights.server.DynamicLights/]: Calling addLightSource on entity ServerPlayer['jinco98'/8270, l='ServerLevel[world]', x=-166.41, y=75.00, z=-239.72], dimensionLocationPath the_nether
[11Jun2026 01:05:10.186] [Server thread/DEBUG] [atomicstryker.dynamiclights.server.DynamicLights/]: Cannot add Dynamic Light: Attachment Entity ServerPlayer['jinco98'/8270, l='ServerLevel[world]', x=-166.41, y=75.00, z=-239.72] is dead or in a banned dimension the_nether
[11Jun2026 01:05:10.283] [Server thread/DEBUG] [atomicstryker.dynamiclights.server.DynamicLights/]: Calling addLightSource on entity ServerPlayer['jinco98'/8270, l='ServerLevel[world]', x=-165.86, y=75.00, z=-239.65], dimensionLocationPath the_nether
[11Jun2026 01:05:10.283] [Server thread/DEBUG] [atomicstryker.dynamiclights.server.DynamicLights/]: Cannot add Dynamic Light: Attachment Entity ServerPlayer['jinco98'/8270, l='ServerLevel[world]', x=-165.86, y=75.00, z=-239.65] is dead or in a banned dimension the_nether
[11Jun2026 01:05:10.387] [Server thread/DEBUG] [atomicstryker.dynamiclights.server.DynamicLights/]: Calling addLightSource on entity ServerPlayer['jinco98'/8270, l='ServerLevel[world]', x=-165.30, y=75.00, z=-239.58], dimensionLocationPath the_nether
[11Jun2026 01:05:10.387] [Server thread/DEBUG] [atomicstryker.dynamiclights.server.DynamicLights/]: Cannot add Dynamic Light: Attachment Entity ServerPlayer['jinco98'/8270, l='ServerLevel[world]', x=-165.30, y=75.00, z=-239.58] is dead or in a banned dimension the_nether
[11Jun2026 01:05:10.484] [Server thread/DEBUG] [atomicstryker.dynamiclights.server.DynamicLights/]: Calling addLightSource on entity ServerPlayer['jinco98'/8270, l='ServerLevel[world]', x=-164.98, y=75.00, z=-239.54], dimensionLocationPath the_nether
[11Jun2026 01:05:10.484] [Server thread/DEBUG] [atomicstryker.dynamiclights.server.DynamicLights/]: Cannot add Dynamic Light: Attachment Entity ServerPlayer['jinco98'/8270, l='ServerLevel[world]', x=-164.98, y=75.00, z=-239.54] is dead or in a banned dimension the_nether
[11Jun2026 01:05:10.585] [Server thread/DEBUG] [atomicstryker.dynamiclights.server.DynamicLights/]: Calling addLightSource on entity ServerPlayer['jinco98'/8270, l='ServerLevel[world]', x=-164.49, y=75.00, z=-239.48], dimensionLocationPath the_nether
[11Jun2026 01:05:10.585] [Server thread/DEBUG] [atomicstryker.dynamiclights.server.DynamicLights/]: Cannot add Dynamic Light: Attachment Entity ServerPlayer['jinco98'/8270, l='ServerLevel[world]', x=-164.49, y=75.00, z=-239.48] is dead or in a banned dimension the_nether
[11Jun2026 01:05:10.682] [Server thread/DEBUG] [atomicstryker.dynamiclights.server.DynamicLights/]: Calling addLightSource on entity ServerPlayer['jinco98'/8270, l='ServerLevel[world]', x=-163.95, y=75.00, z=-239.45], dimensionLocationPath the_nether
[11Jun2026 01:05:10.682] [Server thread/DEBUG] [atomicstryker.dynamiclights.server.DynamicLights/]: Cannot add Dynamic Light: Attachment Entity ServerPlayer['jinco98'/8270, l='ServerLevel[world]', x=-163.95, y=75.00, z=-239.45] is dead or in a banned dimension the_nether
[11Jun2026 01:05:10.783] [Server thread/DEBUG] [atomicstryker.dynamiclights.server.DynamicLights/]: Calling addLightSource on entity ServerPlayer['jinco98'/8270, l='ServerLevel[world]', x=-163.40, y=75.00, z=-239.43], dimensionLocationPath the_nether
[11Jun2026 01:05:10.783] [Server thread/DEBUG] [atomicstryker.dynamiclights.server.DynamicLights/]: Cannot add Dynamic Light: Attachment Entity ServerPlayer['jinco98'/8270, l='ServerLevel[world]', x=-163.40, y=75.00, z=-239.43] is dead or in a banned dimension the_nether
[11Jun2026 01:05:10.887] [Server thread/DEBUG] [atomicstryker.dynamiclights.server.DynamicLights/]: Calling addLightSource on entity ServerPlayer['jinco98'/8270, l='ServerLevel[world]', x=-162.84, y=75.00, z=-239.42], dimensionLocationPath the_nether
[11Jun2026 01:05:10.887] [Server thread/DEBUG] [atomicstryker.dynamiclights.server.DynamicLights/]: Cannot add Dynamic Light: Attachment Entity ServerPlayer['jinco98'/8270, l='ServerLevel[world]', x=-162.84, y=75.00, z=-239.42] is dead or in a banned dimension the_nether
[11Jun2026 01:05:10.983] [Server thread/DEBUG] [atomicstryker.dynamiclights.server.DynamicLights/]: Calling addLightSource on entity ServerPlayer['jinco98'/8270, l='ServerLevel[world]', x=-162.28, y=75.00, z=-239.40], dimensionLocationPath the_nether
[11Jun2026 01:05:10.983] [Server thread/DEBUG] [atomicstryker.dynamiclights.server.DynamicLights/]: Cannot add Dynamic Light: Attachment Entity ServerPlayer['jinco98'/8270, l='ServerLevel[world]', x=-162.28, y=75.00, z=-239.40] is dead or in a banned dimension the_nether
[11Jun2026 01:05:11.084] [Server thread/DEBUG] [atomicstryker.dynamiclights.server.DynamicLights/]: Calling addLightSource on entity ServerPlayer['jinco98'/8270, l='ServerLevel[world]', x=-161.72, y=75.00, z=-239.40], dimensionLocationPath the_nether
[11Jun2026 01:05:11.084] [Server thread/DEBUG] [atomicstryker.dynamiclights.server.DynamicLights/]: Cannot add Dynamic Light: Attachment Entity ServerPlayer['jinco98'/8270, l='ServerLevel[world]', x=-161.72, y=75.00, z=-239.40] is dead or in a banned dimension the_nether
[11Jun2026 01:06:19.287] [Server thread/DEBUG] [atomicstryker.dynamiclights.server.DynamicLights/]: Calling addLightSource on entity ServerPlayer['MayEL1207'/9468, l='ServerLevel[world]', x=-171.30, y=30.48, z=-231.45], dimensionLocationPath the_nether
[11Jun2026 01:06:19.287] [Server thread/DEBUG] [atomicstryker.dynamiclights.server.DynamicLights/]: Cannot add Dynamic Light: Attachment Entity ServerPlayer['MayEL1207'/9468, l='ServerLevel[world]', x=-171.30, y=30.48, z=-231.45] is dead or in a banned dimension the_nether
[11Jun2026 01:06:19.385] [Server thread/DEBUG] [atomicstryker.dynamiclights.server.DynamicLights/]: Calling addLightSource on entity ServerPlayer['MayEL1207'/9468, l='ServerLevel[world]', x=-171.30, y=30.00, z=-231.44], dimensionLocationPath the_nether
[11Jun2026 01:06:19.385] [Server thread/DEBUG] [atomicstryker.dynamiclights.server.DynamicLights/]: Cannot add Dynamic Light: Attachment Entity ServerPlayer['MayEL1207'/9468, l='ServerLevel[world]', x=-171.30, y=30.00, z=-231.44] is dead or in a banned dimension the_nether
[11Jun2026 01:06:19.484] [Server thread/DEBUG] [atomicstryker.dynamiclights.server.DynamicLights/]: Calling addLightSource on entity ServerPlayer['MayEL1207'/9468, l='ServerLevel[world]', x=-171.30, y=30.00, z=-231.44], dimensionLocationPath the_nether
[11Jun2026 01:06:19.484] [Server thread/DEBUG] [atomicstryker.dynamiclights.server.DynamicLights/]: Cannot add Dynamic Light: Attachment Entity ServerPlayer['MayEL1207'/9468, l='ServerLevel[world]', x=-171.30, y=30.00, z=-231.44] is dead or in a banned dimension the_nether
[11Jun2026 01:06:19.584] [Server thread/DEBUG] [atomicstryker.dynamiclights.server.DynamicLights/]: Calling addLightSource on entity ServerPlayer['MayEL1207'/9468, l='ServerLevel[world]', x=-171.30, y=30.00, z=-231.44], dimensionLocationPath the_nether
[11Jun2026 01:06:19.584] [Server thread/DEBUG] [atomicstryker.dynamiclights.server.DynamicLights/]: Cannot add Dynamic Light: Attachment Entity ServerPlayer['MayEL1207'/9468, l='ServerLevel[world]', x=-171.30, y=30.00, z=-231.44] is dead or in a banned dimension the_nether
[11Jun2026 01:06:19.683] [Server thread/DEBUG] [atomicstryker.dynamiclights.server.DynamicLights/]: Calling addLightSource on entity ServerPlayer['MayEL1207'/9468, l='ServerLevel[world]', x=-171.30, y=30.00, z=-231.44], dimensionLocationPath the_nether
[11Jun2026 01:06:19.683] [Server thread/DEBUG] [atomicstryker.dynamiclights.server.DynamicLights/]: Cannot add Dynamic Light: Attachment Entity ServerPlayer['MayEL1207'/9468, l='ServerLevel[world]', x=-171.30, y=30.00, z=-231.44] is dead or in a banned dimension the_nether
[11Jun2026 01:06:19.786] [Server thread/INFO] [net.minecraft.server.MinecraftServer/]: MayEL1207 tried to swim in lava
[11Jun2026 01:06:47.889] [Server thread/DEBUG] [atomicstryker.dynamiclights.server.DynamicLights/]: Calling addLightSource on entity ServerPlayer['jinco98'/8270, l='ServerLevel[world]', x=-173.69, y=76.36, z=-230.48], dimensionLocationPath the_nether
[11Jun2026 01:06:47.889] [Server thread/DEBUG] [atomicstryker.dynamiclights.server.DynamicLights/]: Cannot add Dynamic Light: Attachment Entity ServerPlayer['jinco98'/8270, l='ServerLevel[world]', x=-173.69, y=76.36, z=-230.48] is dead or in a banned dimension the_nether
[11Jun2026 01:06:48.002] [Server thread/DEBUG] [atomicstryker.dynamiclights.server.DynamicLights/]: Calling addLightSource on entity ServerPlayer['jinco98'/8270, l='ServerLevel[world]', x=-173.85, y=76.19, z=-230.49], dimensionLocationPath the_nether
[11Jun2026 01:06:48.002] [Server thread/DEBUG] [atomicstryker.dynamiclights.server.DynamicLights/]: Cannot add Dynamic Light: Attachment Entity ServerPlayer['jinco98'/8270, l='ServerLevel[world]', x=-173.85, y=76.19, z=-230.49] is dead or in a banned dimension the_nether
[11Jun2026 01:06:48.090] [Server thread/DEBUG] [atomicstryker.dynamiclights.server.DynamicLights/]: Calling addLightSource on entity ServerPlayer['jinco98'/8270, l='ServerLevel[world]', x=-174.14, y=76.78, z=-230.44], dimensionLocationPath the_nether
[11Jun2026 01:06:48.090] [Server thread/DEBUG] [atomicstryker.dynamiclights.server.DynamicLights/]: Cannot add Dynamic Light: Attachment Entity ServerPlayer['jinco98'/8270, l='ServerLevel[world]', x=-174.14, y=76.78, z=-230.44] is dead or in a banned dimension the_nether
[11Jun2026 01:06:48.189] [Server thread/DEBUG] [atomicstryker.dynamiclights.server.DynamicLights/]: Calling addLightSource on entity ServerPlayer['jinco98'/8270, l='ServerLevel[world]', x=-174.58, y=77.09, z=-230.29], dimensionLocationPath the_nether
[11Jun2026 01:06:48.190] [Server thread/DEBUG] [atomicstryker.dynamiclights.server.DynamicLights/]: Cannot add Dynamic Light: Attachment Entity ServerPlayer['jinco98'/8270, l='ServerLevel[world]', x=-174.58, y=77.09, z=-230.29] is dead or in a banned dimension the_nether
[11Jun2026 01:06:48.289] [Server thread/DEBUG] [atomicstryker.dynamiclights.server.DynamicLights/]: Calling addLightSource on entity ServerPlayer['jinco98'/8270, l='ServerLevel[world]', x=-175.01, y=77.08, z=-230.14], dimensionLocationPath the_nether
[11Jun2026 01:06:48.289] [Server thread/DEBUG] [atomicstryker.dynamiclights.server.DynamicLights/]: Cannot add Dynamic Light: Attachment Entity ServerPlayer['jinco98'/8270, l='ServerLevel[world]', x=-175.01, y=77.08, z=-230.14] is dead or in a banned dimension the_nether
[11Jun2026 01:06:48.387] [Server thread/DEBUG] [atomicstryker.dynamiclights.server.DynamicLights/]: Calling addLightSource on entity ServerPlayer['jinco98'/8270, l='ServerLevel[world]', x=-175.44, y=76.76, z=-229.99], dimensionLocationPath the_nether
[11Jun2026 01:06:48.387] [Server thread/DEBUG] [atomicstryker.dynamiclights.server.DynamicLights/]: Cannot add Dynamic Light: Attachment Entity ServerPlayer['jinco98'/8270, l='ServerLevel[world]', x=-175.44, y=76.76, z=-229.99] is dead or in a banned dimension the_nether
[11Jun2026 01:06:48.489] [Server thread/DEBUG] [atomicstryker.dynamiclights.server.DynamicLights/]: Calling addLightSource on entity ServerPlayer['jinco98'/8270, l='ServerLevel[world]', x=-175.87, y=76.14, z=-229.83], dimensionLocationPath the_nether
[11Jun2026 01:06:48.490] [Server thread/DEBUG] [atomicstryker.dynamiclights.server.DynamicLights/]: Cannot add Dynamic Light: Attachment Entity ServerPlayer['jinco98'/8270, l='ServerLevel[world]', x=-175.87, y=76.14, z=-229.83] is dead or in a banned dimension the_nether
[11Jun2026 01:06:48.590] [Server thread/DEBUG] [atomicstryker.dynamiclights.server.DynamicLights/]: Calling addLightSource on entity ServerPlayer['jinco98'/8270, l='ServerLevel[world]', x=-176.29, y=75.23, z=-229.67], dimensionLocationPath the_nether
[11Jun2026 01:06:48.591] [Server thread/DEBUG] [atomicstryker.dynamiclights.server.DynamicLights/]: Cannot add Dynamic Light: Attachment Entity ServerPlayer['jinco98'/8270, l='ServerLevel[world]', x=-176.29, y=75.23, z=-229.67] is dead or in a banned dimension the_nether
[11Jun2026 01:06:48.689] [Server thread/DEBUG] [atomicstryker.dynamiclights.server.DynamicLights/]: Calling addLightSource on entity ServerPlayer['jinco98'/8270, l='ServerLevel[world]', x=-176.69, y=75.00, z=-229.49], dimensionLocationPath the_nether
[11Jun2026 01:06:48.689] [Server thread/DEBUG] [atomicstryker.dynamiclights.server.DynamicLights/]: Cannot add Dynamic Light: Attachment Entity ServerPlayer['jinco98'/8270, l='ServerLevel[world]', x=-176.69, y=75.00, z=-229.49] is dead or in a banned dimension the_nether
[11Jun2026 01:06:48.790] [Server thread/DEBUG] [atomicstryker.dynamiclights.server.DynamicLights/]: Calling addLightSource on entity ServerPlayer['jinco98'/8270, l='ServerLevel[world]', x=-177.11, y=75.00, z=-229.16], dimensionLocationPath the_nether
[11Jun2026 01:06:48.790] [Server thread/DEBUG] [atomicstryker.dynamiclights.server.DynamicLights/]: Cannot add Dynamic Light: Attachment Entity ServerPlayer['jinco98'/8270, l='ServerLevel[world]', x=-177.11, y=75.00, z=-229.16] is dead or in a banned dimension the_nether
[11Jun2026 01:06:48.893] [Server thread/DEBUG] [atomicstryker.dynamiclights.server.DynamicLights/]: Calling addLightSource on entity ServerPlayer['jinco98'/8270, l='ServerLevel[world]', x=-177.38, y=75.00, z=-228.80], dimensionLocationPath the_nether
[11Jun2026 01:06:48.893] [Server thread/DEBUG] [atomicstryker.dynamiclights.server.DynamicLights/]: Cannot add Dynamic Light: Attachment Entity ServerPlayer['jinco98'/8270, l='ServerLevel[world]', x=-177.38, y=75.00, z=-228.80] is dead or in a banned dimension the_nether
[11Jun2026 01:06:48.988] [Server thread/DEBUG] [atomicstryker.dynamiclights.server.DynamicLights/]: Calling addLightSource on entity ServerPlayer['jinco98'/8270, l='ServerLevel[world]', x=-177.73, y=75.00, z=-228.57], dimensionLocationPath the_nether
[11Jun2026 01:06:48.989] [Server thread/DEBUG] [atomicstryker.dynamiclights.server.DynamicLights/]: Cannot add Dynamic Light: Attachment Entity ServerPlayer['jinco98'/8270, l='ServerLevel[world]', x=-177.73, y=75.00, z=-228.57] is dead or in a banned dimension the_nether
[11Jun2026 01:06:49.090] [Server thread/DEBUG] [atomicstryker.dynamiclights.server.DynamicLights/]: Calling addLightSource on entity ServerPlayer['jinco98'/8270, l='ServerLevel[world]', x=-178.13, y=75.00, z=-228.41], dimensionLocationPath the_nether
[11Jun2026 01:06:49.090] [Server thread/DEBUG] [atomicstryker.dynamiclights.server.DynamicLights/]: Cannot add Dynamic Light: Attachment Entity ServerPlayer['jinco98'/8270, l='ServerLevel[world]', x=-178.13, y=75.00, z=-228.41] is dead or in a banned dimension the_nether
[11Jun2026 01:06:49.215] [Server thread/DEBUG] [atomicstryker.dynamiclights.server.DynamicLights/]: Calling addLightSource on entity ServerPlayer['jinco98'/8270, l='ServerLevel[world]', x=-178.37, y=75.00, z=-228.33], dimensionLocationPath the_nether
[11Jun2026 01:06:49.215] [Server thread/DEBUG] [atomicstryker.dynamiclights.server.DynamicLights/]: Cannot add Dynamic Light: Attachment Entity ServerPlayer['jinco98'/8270, l='ServerLevel[world]', x=-178.37, y=75.00, z=-228.33] is dead or in a banned dimension the_nether
[11Jun2026 01:06:49.290] [Server thread/DEBUG] [atomicstryker.dynamiclights.server.DynamicLights/]: Calling addLightSource on entity ServerPlayer['jinco98'/8270, l='ServerLevel[world]', x=-178.74, y=75.00, z=-228.22], dimensionLocationPath the_nether
[11Jun2026 01:06:49.290] [Server thread/DEBUG] [atomicstryker.dynamiclights.server.DynamicLights/]: Cannot add Dynamic Light: Attachment Entity ServerPlayer['jinco98'/8270, l='ServerLevel[world]', x=-178.74, y=75.00, z=-228.22] is dead or in a banned dimension the_nether
[11Jun2026 01:06:49.394] [Server thread/DEBUG] [atomicstryker.dynamiclights.server.DynamicLights/]: Calling addLightSource on entity ServerPlayer['jinco98'/8270, l='ServerLevel[world]', x=-179.15, y=75.00, z=-228.11], dimensionLocationPath the_nether
[11Jun2026 01:06:49.395] [Server thread/DEBUG] [atomicstryker.dynamiclights.server.DynamicLights/]: Cannot add Dynamic Light: Attachment Entity ServerPlayer['jinco98'/8270, l='ServerLevel[world]', x=-179.15, y=75.00, z=-228.11] is dead or in a banned dimension the_nether
[11Jun2026 01:06:49.493] [Server thread/DEBUG] [atomicstryker.dynamiclights.server.DynamicLights/]: Calling addLightSource on entity ServerPlayer['jinco98'/8270, l='ServerLevel[world]', x=-179.58, y=75.00, z=-228.03], dimensionLocationPath the_nether
[11Jun2026 01:06:49.493] [Server thread/DEBUG] [atomicstryker.dynamiclights.server.DynamicLights/]: Cannot add Dynamic Light: Attachment Entity ServerPlayer['jinco98'/8270, l='ServerLevel[world]', x=-179.58, y=75.00, z=-228.03] is dead or in a banned dimension the_nether
[11Jun2026 01:06:49.592] [Server thread/DEBUG] [atomicstryker.dynamiclights.server.DynamicLights/]: Calling addLightSource on entity ServerPlayer['jinco98'/8270, l='ServerLevel[world]', x=-179.97, y=75.00, z=-227.90], dimensionLocationPath the_nether
[11Jun2026 01:06:49.592] [Server thread/DEBUG] [atomicstryker.dynamiclights.server.DynamicLights/]: Cannot add Dynamic Light: Attachment Entity ServerPlayer['jinco98'/8270, l='ServerLevel[world]', x=-179.97, y=75.00, z=-227.90] is dead or in a banned dimension the_nether
[11Jun2026 01:06:49.698] [Server thread/DEBUG] [atomicstryker.dynamiclights.server.DynamicLights/]: Calling addLightSource on entity ServerPlayer['jinco98'/8270, l='ServerLevel[world]', x=-180.27, y=75.00, z=-227.62], dimensionLocationPath the_nether
[11Jun2026 01:06:49.698] [Server thread/DEBUG] [atomicstryker.dynamiclights.server.DynamicLights/]: Cannot add Dynamic Light: Attachment Entity ServerPlayer['jinco98'/8270, l='ServerLevel[world]', x=-180.27, y=75.00, z=-227.62] is dead or in a banned dimension the_nether
[11Jun2026 01:06:49.798] [Server thread/DEBUG] [atomicstryker.dynamiclights.server.DynamicLights/]: Calling addLightSource on entity ServerPlayer['jinco98'/8270, l='ServerLevel[world]', x=-180.54, y=75.00, z=-227.29], dimensionLocationPath the_nether
[11Jun2026 01:06:49.798] [Server thread/DEBUG] [atomicstryker.dynamiclights.server.DynamicLights/]: Cannot add Dynamic Light: Attachment Entity ServerPlayer['jinco98'/8270, l='ServerLevel[world]', x=-180.54, y=75.00, z=-227.29] is dead or in a banned dimension the_nether
[11Jun2026 01:06:49.889] [Server thread/DEBUG] [atomicstryker.dynamiclights.server.DynamicLights/]: Calling addLightSource on entity ServerPlayer['jinco98'/8270, l='ServerLevel[world]', x=-180.80, y=75.00, z=-226.95], dimensionLocationPath the_nether
[11Jun2026 01:06:49.889] [Server thread/DEBUG] [atomicstryker.dynamiclights.server.DynamicLights/]: Cannot add Dynamic Light: Attachment Entity ServerPlayer['jinco98'/8270, l='ServerLevel[world]', x=-180.80, y=75.00, z=-226.95] is dead or in a banned dimension the_nether
[11Jun2026 01:06:49.994] [Server thread/DEBUG] [atomicstryker.dynamiclights.server.DynamicLights/]: Calling addLightSource on entity ServerPlayer['jinco98'/8270, l='ServerLevel[world]', x=-181.10, y=75.00, z=-226.67], dimensionLocationPath the_nether
[11Jun2026 01:06:49.994] [Server thread/DEBUG] [atomicstryker.dynamiclights.server.DynamicLights/]: Cannot add Dynamic Light: Attachment Entity ServerPlayer['jinco98'/8270, l='ServerLevel[world]', x=-181.10, y=75.00, z=-226.67] is dead or in a banned dimension the_nether
[11Jun2026 01:06:50.103] [Server thread/DEBUG] [atomicstryker.dynamiclights.server.DynamicLights/]: Calling addLightSource on entity ServerPlayer['jinco98'/8270, l='ServerLevel[world]', x=-181.50, y=75.00, z=-226.55], dimensionLocationPath the_nether
[11Jun2026 01:06:50.103] [Server thread/DEBUG] [atomicstryker.dynamiclights.server.DynamicLights/]: Cannot add Dynamic Light: Attachment Entity ServerPlayer['jinco98'/8270, l='ServerLevel[world]', x=-181.50, y=75.00, z=-226.55] is dead or in a banned dimension the_nether
[11Jun2026 01:06:50.189] [Server thread/DEBUG] [atomicstryker.dynamiclights.server.DynamicLights/]: Calling addLightSource on entity ServerPlayer['jinco98'/8270, l='ServerLevel[world]', x=-181.65, y=75.00, z=-226.35], dimensionLocationPath the_nether
[11Jun2026 01:06:50.189] [Server thread/DEBUG] [atomicstryker.dynamiclights.server.DynamicLights/]: Cannot add Dynamic Light: Attachment Entity ServerPlayer['jinco98'/8270, l='ServerLevel[world]', x=-181.65, y=75.00, z=-226.35] is dead or in a banned dimension the_nether
[11Jun2026 01:06:50.296] [Server thread/DEBUG] [atomicstryker.dynamiclights.server.DynamicLights/]: Calling addLightSource on entity ServerPlayer['jinco98'/8270, l='ServerLevel[world]', x=-181.88, y=75.00, z=-226.05], dimensionLocationPath the_nether
[11Jun2026 01:06:50.296] [Server thread/DEBUG] [atomicstryker.dynamiclights.server.DynamicLights/]: Cannot add Dynamic Light: Attachment Entity ServerPlayer['jinco98'/8270, l='ServerLevel[world]', x=-181.88, y=75.00, z=-226.05] is dead or in a banned dimension the_nether
[11Jun2026 01:06:50.408] [Server thread/DEBUG] [atomicstryker.dynamiclights.server.DynamicLights/]: Calling addLightSource on entity ServerPlayer['jinco98'/8270, l='ServerLevel[world]', x=-182.23, y=75.00, z=-225.87], dimensionLocationPath the_nether
[11Jun2026 01:06:50.408] [Server thread/DEBUG] [atomicstryker.dynamiclights.server.DynamicLights/]: Cannot add Dynamic Light: Attachment Entity ServerPlayer['jinco98'/8270, l='ServerLevel[world]', x=-182.23, y=75.00, z=-225.87] is dead or in a banned dimension the_nether
[11Jun2026 01:06:50.491] [Server thread/DEBUG] [atomicstryker.dynamiclights.server.DynamicLights/]: Calling addLightSource on entity ServerPlayer['jinco98'/8270, l='ServerLevel[world]', x=-182.63, y=75.00, z=-225.75], dimensionLocationPath the_nether
[11Jun2026 01:06:50.491] [Server thread/DEBUG] [atomicstryker.dynamiclights.server.DynamicLights/]: Cannot add Dynamic Light: Attachment Entity ServerPlayer['jinco98'/8270, l='ServerLevel[world]', x=-182.63, y=75.00, z=-225.75] is dead or in a banned dimension the_nether
[11Jun2026 01:06:50.601] [Server thread/DEBUG] [atomicstryker.dynamiclights.server.DynamicLights/]: Calling addLightSource on entity ServerPlayer['jinco98'/8270, l='ServerLevel[world]', x=-183.02, y=75.00, z=-225.57], dimensionLocationPath the_nether
[11Jun2026 01:06:50.602] [Server thread/DEBUG] [atomicstryker.dynamiclights.server.DynamicLights/]: Cannot add Dynamic Light: Attachment Entity ServerPlayer['jinco98'/8270, l='ServerLevel[world]', x=-183.02, y=75.00, z=-225.57] is dead or in a banned dimension the_nether
[11Jun2026 01:06:50.688] [Server thread/DEBUG] [atomicstryker.dynamiclights.server.DynamicLights/]: Calling addLightSource on entity ServerPlayer['jinco98'/8270, l='ServerLevel[world]', x=-183.25, y=75.00, z=-225.24], dimensionLocationPath the_nether
[11Jun2026 01:06:50.688] [Server thread/DEBUG] [atomicstryker.dynamiclights.server.DynamicLights/]: Cannot add Dynamic Light: Attachment Entity ServerPlayer['jinco98'/8270, l='ServerLevel[world]', x=-183.25, y=75.00, z=-225.24] is dead or in a banned dimension the_nether
[11Jun2026 01:06:50.791] [Server thread/DEBUG] [atomicstryker.dynamiclights.server.DynamicLights/]: Calling addLightSource on entity ServerPlayer['jinco98'/8270, l='ServerLevel[world]', x=-183.49, y=75.00, z=-224.90], dimensionLocationPath the_nether
[11Jun2026 01:06:50.791] [Server thread/DEBUG] [atomicstryker.dynamiclights.server.DynamicLights/]: Cannot add Dynamic Light: Attachment Entity ServerPlayer['jinco98'/8270, l='ServerLevel[world]', x=-183.49, y=75.00, z=-224.90] is dead or in a banned dimension the_nether
[11Jun2026 01:06:50.891] [Server thread/DEBUG] [atomicstryker.dynamiclights.server.DynamicLights/]: Calling addLightSource on entity ServerPlayer['jinco98'/8270, l='ServerLevel[world]', x=-183.78, y=75.00, z=-224.59], dimensionLocationPath the_nether
[11Jun2026 01:06:50.891] [Server thread/DEBUG] [atomicstryker.dynamiclights.server.DynamicLights/]: Cannot add Dynamic Light: Attachment Entity ServerPlayer['jinco98'/8270, l='ServerLevel[world]', x=-183.78, y=75.00, z=-224.59] is dead or in a banned dimension the_nether
[11Jun2026 01:06:50.999] [Server thread/DEBUG] [atomicstryker.dynamiclights.server.DynamicLights/]: Calling addLightSource on entity ServerPlayer['jinco98'/8270, l='ServerLevel[world]', x=-184.14, y=75.00, z=-224.43], dimensionLocationPath the_nether
[11Jun2026 01:06:50.999] [Server thread/DEBUG] [atomicstryker.dynamiclights.server.DynamicLights/]: Cannot add Dynamic Light: Attachment Entity ServerPlayer['jinco98'/8270, l='ServerLevel[world]', x=-184.14, y=75.00, z=-224.43] is dead or in a banned dimension the_nether
[11Jun2026 01:06:51.091] [Server thread/DEBUG] [atomicstryker.dynamiclights.server.DynamicLights/]: Calling addLightSource on entity ServerPlayer['jinco98'/8270, l='ServerLevel[world]', x=-184.55, y=75.00, z=-224.43], dimensionLocationPath the_nether
[11Jun2026 01:06:51.091] [Server thread/DEBUG] [atomicstryker.dynamiclights.server.DynamicLights/]: Cannot add Dynamic Light: Attachment Entity ServerPlayer['jinco98'/8270, l='ServerLevel[world]', x=-184.55, y=75.00, z=-224.43] is dead or in a banned dimension the_nether
[11Jun2026 01:06:51.190] [Server thread/DEBUG] [atomicstryker.dynamiclights.server.DynamicLights/]: Calling addLightSource on entity ServerPlayer['jinco98'/8270, l='ServerLevel[world]', x=-184.70, y=75.00, z=-224.64], dimensionLocationPath the_nether
[11Jun2026 01:06:51.190] [Server thread/DEBUG] [atomicstryker.dynamiclights.server.DynamicLights/]: Cannot add Dynamic Light: Attachment Entity ServerPlayer['jinco98'/8270, l='ServerLevel[world]', x=-184.70, y=75.00, z=-224.64] is dead or in a banned dimension the_nether
[11Jun2026 01:06:51.288] [Server thread/DEBUG] [atomicstryker.dynamiclights.server.DynamicLights/]: Calling addLightSource on entity ServerPlayer['jinco98'/8270, l='ServerLevel[world]', x=-184.93, y=75.00, z=-224.95], dimensionLocationPath the_nether
[11Jun2026 01:06:51.288] [Server thread/DEBUG] [atomicstryker.dynamiclights.server.DynamicLights/]: Cannot add Dynamic Light: Attachment Entity ServerPlayer['jinco98'/8270, l='ServerLevel[world]', x=-184.93, y=75.00, z=-224.95] is dead or in a banned dimension the_nether
[11Jun2026 01:06:51.399] [Server thread/DEBUG] [atomicstryker.dynamiclights.server.DynamicLights/]: Calling addLightSource on entity ServerPlayer['jinco98'/8270, l='ServerLevel[world]', x=-185.18, y=75.00, z=-225.29], dimensionLocationPath the_nether
[11Jun2026 01:06:51.399] [Server thread/DEBUG] [atomicstryker.dynamiclights.server.DynamicLights/]: Cannot add Dynamic Light: Attachment Entity ServerPlayer['jinco98'/8270, l='ServerLevel[world]', x=-185.18, y=75.00, z=-225.29] is dead or in a banned dimension the_nether
[11Jun2026 01:06:51.490] [Server thread/DEBUG] [atomicstryker.dynamiclights.server.DynamicLights/]: Calling addLightSource on entity ServerPlayer['jinco98'/8270, l='ServerLevel[world]', x=-185.37, y=75.00, z=-225.66], dimensionLocationPath the_nether
[11Jun2026 01:06:51.490] [Server thread/DEBUG] [atomicstryker.dynamiclights.server.DynamicLights/]: Cannot add Dynamic Light: Attachment Entity ServerPlayer['jinco98'/8270, l='ServerLevel[world]', x=-185.37, y=75.00, z=-225.66] is dead or in a banned dimension the_nether
[11Jun2026 01:06:51.589] [Server thread/DEBUG] [atomicstryker.dynamiclights.server.DynamicLights/]: Calling addLightSource on entity ServerPlayer['jinco98'/8270, l='ServerLevel[world]', x=-185.39, y=75.00, z=-226.07], dimensionLocationPath the_nether
[11Jun2026 01:06:51.589] [Server thread/DEBUG] [atomicstryker.dynamiclights.server.DynamicLights/]: Cannot add Dynamic Light: Attachment Entity ServerPlayer['jinco98'/8270, l='ServerLevel[world]', x=-185.39, y=75.00, z=-226.07] is dead or in a banned dimension the_nether
[11Jun2026 01:06:51.689] [Server thread/DEBUG] [atomicstryker.dynamiclights.server.DynamicLights/]: Calling addLightSource on entity ServerPlayer['jinco98'/8270, l='ServerLevel[world]', x=-185.42, y=75.00, z=-226.49], dimensionLocationPath the_nether
[11Jun2026 01:06:51.689] [Server thread/DEBUG] [atomicstryker.dynamiclights.server.DynamicLights/]: Cannot add Dynamic Light: Attachment Entity ServerPlayer['jinco98'/8270, l='ServerLevel[world]', x=-185.42, y=75.00, z=-226.49] is dead or in a banned dimension the_nether
[11Jun2026 01:06:51.790] [Server thread/DEBUG] [atomicstryker.dynamiclights.server.DynamicLights/]: Calling addLightSource on entity ServerPlayer['jinco98'/8270, l='ServerLevel[world]', x=-185.26, y=75.00, z=-226.86], dimensionLocationPath the_nether
[11Jun2026 01:06:51.790] [Server thread/DEBUG] [atomicstryker.dynamiclights.server.DynamicLights/]: Cannot add Dynamic Light: Attachment Entity ServerPlayer['jinco98'/8270, l='ServerLevel[world]', x=-185.26, y=75.00, z=-226.86] is dead or in a banned dimension the_nether
[11Jun2026 01:06:51.889] [Server thread/DEBUG] [atomicstryker.dynamiclights.server.DynamicLights/]: Calling addLightSource on entity ServerPlayer['jinco98'/8270, l='ServerLevel[world]', x=-185.02, y=75.00, z=-227.21], dimensionLocationPath the_nether
[11Jun2026 01:06:51.889] [Server thread/DEBUG] [atomicstryker.dynamiclights.server.DynamicLights/]: Cannot add Dynamic Light: Attachment Entity ServerPlayer['jinco98'/8270, l='ServerLevel[world]', x=-185.02, y=75.00, z=-227.21] is dead or in a banned dimension the_nether
[11Jun2026 01:06:51.989] [Server thread/DEBUG] [atomicstryker.dynamiclights.server.DynamicLights/]: Calling addLightSource on entity ServerPlayer['jinco98'/8270, l='ServerLevel[world]', x=-184.74, y=75.00, z=-227.55], dimensionLocationPath the_nether
[11Jun2026 01:06:51.989] [Server thread/DEBUG] [atomicstryker.dynamiclights.server.DynamicLights/]: Cannot add Dynamic Light: Attachment Entity ServerPlayer['jinco98'/8270, l='ServerLevel[world]', x=-184.74, y=75.00, z=-227.55] is dead or in a banned dimension the_nether
[11Jun2026 01:06:52.088] [Server thread/DEBUG] [atomicstryker.dynamiclights.server.DynamicLights/]: Calling addLightSource on entity ServerPlayer['jinco98'/8270, l='ServerLevel[world]', x=-184.58, y=75.00, z=-227.74], dimensionLocationPath the_nether
[11Jun2026 01:06:52.088] [Server thread/DEBUG] [atomicstryker.dynamiclights.server.DynamicLights/]: Cannot add Dynamic Light: Attachment Entity ServerPlayer['jinco98'/8270, l='ServerLevel[world]', x=-184.58, y=75.00, z=-227.74] is dead or in a banned dimension the_nether
[11Jun2026 01:06:52.195] [Server thread/DEBUG] [atomicstryker.dynamiclights.server.DynamicLights/]: Calling addLightSource on entity ServerPlayer['jinco98'/8270, l='ServerLevel[world]', x=-184.33, y=75.00, z=-228.04], dimensionLocationPath the_nether
[11Jun2026 01:06:52.195] [Server thread/DEBUG] [atomicstryker.dynamiclights.server.DynamicLights/]: Cannot add Dynamic Light: Attachment Entity ServerPlayer['jinco98'/8270, l='ServerLevel[world]', x=-184.33, y=75.00, z=-228.04] is dead or in a banned dimension the_nether
[11Jun2026 01:06:52.289] [Server thread/DEBUG] [atomicstryker.dynamiclights.server.DynamicLights/]: Calling addLightSource on entity ServerPlayer['jinco98'/8270, l='ServerLevel[world]', x=-184.05, y=75.00, z=-228.36], dimensionLocationPath the_nether
[11Jun2026 01:06:52.289] [Server thread/DEBUG] [atomicstryker.dynamiclights.server.DynamicLights/]: Cannot add Dynamic Light: Attachment Entity ServerPlayer['jinco98'/8270, l='ServerLevel[world]', x=-184.05, y=75.00, z=-228.36] is dead or in a banned dimension the_nether
[11Jun2026 01:06:52.397] [Server thread/DEBUG] [atomicstryker.dynamiclights.server.DynamicLights/]: Calling addLightSource on entity ServerPlayer['jinco98'/8270, l='ServerLevel[world]', x=-183.77, y=75.00, z=-228.69], dimensionLocationPath the_nether
[11Jun2026 01:06:52.397] [Server thread/DEBUG] [atomicstryker.dynamiclights.server.DynamicLights/]: Cannot add Dynamic Light: Attachment Entity ServerPlayer['jinco98'/8270, l='ServerLevel[world]', x=-183.77, y=75.00, z=-228.69] is dead or in a banned dimension the_nether
[11Jun2026 01:06:52.495] [Server thread/DEBUG] [atomicstryker.dynamiclights.server.DynamicLights/]: Calling addLightSource on entity ServerPlayer['jinco98'/8270, l='ServerLevel[world]', x=-183.48, y=75.00, z=-229.03], dimensionLocationPath the_nether
[11Jun2026 01:06:52.495] [Server thread/DEBUG] [atomicstryker.dynamiclights.server.DynamicLights/]: Cannot add Dynamic Light: Attachment Entity ServerPlayer['jinco98'/8270, l='ServerLevel[world]', x=-183.48, y=75.00, z=-229.03] is dead or in a banned dimension the_nether
[11Jun2026 01:06:52.587] [Server thread/DEBUG] [atomicstryker.dynamiclights.server.DynamicLights/]: Calling addLightSource on entity ServerPlayer['jinco98'/8270, l='ServerLevel[world]', x=-183.20, y=75.00, z=-229.36], dimensionLocationPath the_nether
[11Jun2026 01:06:52.587] [Server thread/DEBUG] [atomicstryker.dynamiclights.server.DynamicLights/]: Cannot add Dynamic Light: Attachment Entity ServerPlayer['jinco98'/8270, l='ServerLevel[world]', x=-183.20, y=75.00, z=-229.36] is dead or in a banned dimension the_nether
[11Jun2026 01:06:52.691] [Server thread/DEBUG] [atomicstryker.dynamiclights.server.DynamicLights/]: Calling addLightSource on entity ServerPlayer['jinco98'/8270, l='ServerLevel[world]', x=-182.88, y=75.00, z=-229.61], dimensionLocationPath the_nether
[11Jun2026 01:06:52.691] [Server thread/DEBUG] [atomicstryker.dynamiclights.server.DynamicLights/]: Cannot add Dynamic Light: Attachment Entity ServerPlayer['jinco98'/8270, l='ServerLevel[world]', x=-182.88, y=75.00, z=-229.61] is dead or in a banned dimension the_nether
[11Jun2026 01:06:52.794] [Server thread/DEBUG] [atomicstryker.dynamiclights.server.DynamicLights/]: Calling addLightSource on entity ServerPlayer['jinco98'/8270, l='ServerLevel[world]', x=-182.55, y=75.00, z=-229.51], dimensionLocationPath the_nether
[11Jun2026 01:06:52.794] [Server thread/DEBUG] [atomicstryker.dynamiclights.server.DynamicLights/]: Cannot add Dynamic Light: Attachment Entity ServerPlayer['jinco98'/8270, l='ServerLevel[world]', x=-182.55, y=75.00, z=-229.51] is dead or in a banned dimension the_nether
[11Jun2026 01:06:52.887] [Server thread/DEBUG] [atomicstryker.dynamiclights.server.DynamicLights/]: Calling addLightSource on entity ServerPlayer['jinco98'/8270, l='ServerLevel[world]', x=-182.27, y=75.00, z=-229.24], dimensionLocationPath the_nether
[11Jun2026 01:06:52.887] [Server thread/DEBUG] [atomicstryker.dynamiclights.server.DynamicLights/]: Cannot add Dynamic Light: Attachment Entity ServerPlayer['jinco98'/8270, l='ServerLevel[world]', x=-182.27, y=75.00, z=-229.24] is dead or in a banned dimension the_nether
[11Jun2026 01:06:52.988] [Server thread/DEBUG] [atomicstryker.dynamiclights.server.DynamicLights/]: Calling addLightSource on entity ServerPlayer['jinco98'/8270, l='ServerLevel[world]', x=-182.02, y=75.00, z=-228.90], dimensionLocationPath the_nether
[11Jun2026 01:06:52.988] [Server thread/DEBUG] [atomicstryker.dynamiclights.server.DynamicLights/]: Cannot add Dynamic Light: Attachment Entity ServerPlayer['jinco98'/8270, l='ServerLevel[world]', x=-182.02, y=75.00, z=-228.90] is dead or in a banned dimension the_nether
[11Jun2026 01:06:53.089] [Server thread/DEBUG] [atomicstryker.dynamiclights.server.DynamicLights/]: Calling addLightSource on entity ServerPlayer['jinco98'/8270, l='ServerLevel[world]', x=-181.78, y=75.00, z=-228.55], dimensionLocationPath the_nether
[11Jun2026 01:06:53.089] [Server thread/DEBUG] [atomicstryker.dynamiclights.server.DynamicLights/]: Cannot add Dynamic Light: Attachment Entity ServerPlayer['jinco98'/8270, l='ServerLevel[world]', x=-181.78, y=75.00, z=-228.55] is dead or in a banned dimension the_nether
[11Jun2026 01:06:53.189] [Server thread/DEBUG] [atomicstryker.dynamiclights.server.DynamicLights/]: Calling addLightSource on entity ServerPlayer['jinco98'/8270, l='ServerLevel[world]', x=-181.54, y=75.00, z=-228.19], dimensionLocationPath the_nether
[11Jun2026 01:06:53.189] [Server thread/DEBUG] [atomicstryker.dynamiclights.server.DynamicLights/]: Cannot add Dynamic Light: Attachment Entity ServerPlayer['jinco98'/8270, l='ServerLevel[world]', x=-181.54, y=75.00, z=-228.19] is dead or in a banned dimension the_nether
[11Jun2026 01:06:53.302] [Server thread/DEBUG] [atomicstryker.dynamiclights.server.DynamicLights/]: Calling addLightSource on entity ServerPlayer['jinco98'/8270, l='ServerLevel[world]', x=-181.30, y=75.00, z=-227.83], dimensionLocationPath the_nether
[11Jun2026 01:06:53.302] [Server thread/DEBUG] [atomicstryker.dynamiclights.server.DynamicLights/]: Cannot add Dynamic Light: Attachment Entity ServerPlayer['jinco98'/8270, l='ServerLevel[world]', x=-181.30, y=75.00, z=-227.83] is dead or in a banned dimension the_nether
[11Jun2026 01:06:53.394] [Server thread/DEBUG] [atomicstryker.dynamiclights.server.DynamicLights/]: Calling addLightSource on entity ServerPlayer['jinco98'/8270, l='ServerLevel[world]', x=-181.06, y=75.00, z=-227.47], dimensionLocationPath the_nether
[11Jun2026 01:06:53.394] [Server thread/DEBUG] [atomicstryker.dynamiclights.server.DynamicLights/]: Cannot add Dynamic Light: Attachment Entity ServerPlayer['jinco98'/8270, l='ServerLevel[world]', x=-181.06, y=75.00, z=-227.47] is dead or in a banned dimension the_nether
[11Jun2026 01:06:53.486] [Server thread/DEBUG] [atomicstryker.dynamiclights.server.DynamicLights/]: Calling addLightSource on entity ServerPlayer['jinco98'/8270, l='ServerLevel[world]', x=-180.93, y=75.00, z=-227.27], dimensionLocationPath the_nether
[11Jun2026 01:06:53.486] [Server thread/DEBUG] [atomicstryker.dynamiclights.server.DynamicLights/]: Cannot add Dynamic Light: Attachment Entity ServerPlayer['jinco98'/8270, l='ServerLevel[world]', x=-180.93, y=75.00, z=-227.27] is dead or in a banned dimension the_nether
[11Jun2026 01:06:53.586] [Server thread/DEBUG] [atomicstryker.dynamiclights.server.DynamicLights/]: Calling addLightSource on entity ServerPlayer['jinco98'/8270, l='ServerLevel[world]', x=-180.72, y=75.00, z=-226.95], dimensionLocationPath the_nether
[11Jun2026 01:06:53.586] [Server thread/DEBUG] [atomicstryker.dynamiclights.server.DynamicLights/]: Cannot add Dynamic Light: Attachment Entity ServerPlayer['jinco98'/8270, l='ServerLevel[world]', x=-180.72, y=75.00, z=-226.95] is dead or in a banned dimension the_nether
[11Jun2026 01:06:53.685] [Server thread/DEBUG] [atomicstryker.dynamiclights.server.DynamicLights/]: Calling addLightSource on entity ServerPlayer['jinco98'/8270, l='ServerLevel[world]', x=-180.47, y=75.00, z=-226.62], dimensionLocationPath the_nether
[11Jun2026 01:06:53.685] [Server thread/DEBUG] [atomicstryker.dynamiclights.server.DynamicLights/]: Cannot add Dynamic Light: Attachment Entity ServerPlayer['jinco98'/8270, l='ServerLevel[world]', x=-180.47, y=75.00, z=-226.62] is dead or in a banned dimension the_nether
[11Jun2026 01:06:53.789] [Server thread/DEBUG] [atomicstryker.dynamiclights.server.DynamicLights/]: Calling addLightSource on entity ServerPlayer['jinco98'/8270, l='ServerLevel[world]', x=-180.21, y=75.00, z=-226.28], dimensionLocationPath the_nether
[11Jun2026 01:06:53.789] [Server thread/DEBUG] [atomicstryker.dynamiclights.server.DynamicLights/]: Cannot add Dynamic Light: Attachment Entity ServerPlayer['jinco98'/8270, l='ServerLevel[world]', x=-180.21, y=75.00, z=-226.28] is dead or in a banned dimension the_nether
[11Jun2026 01:06:53.885] [Server thread/DEBUG] [atomicstryker.dynamiclights.server.DynamicLights/]: Calling addLightSource on entity ServerPlayer['jinco98'/8270, l='ServerLevel[world]', x=-179.94, y=75.00, z=-225.94], dimensionLocationPath the_nether
[11Jun2026 01:06:53.885] [Server thread/DEBUG] [atomicstryker.dynamiclights.server.DynamicLights/]: Cannot add Dynamic Light: Attachment Entity ServerPlayer['jinco98'/8270, l='ServerLevel[world]', x=-179.94, y=75.00, z=-225.94] is dead or in a banned dimension the_nether
[11Jun2026 01:06:53.990] [Server thread/DEBUG] [atomicstryker.dynamiclights.server.DynamicLights/]: Calling addLightSource on entity ServerPlayer['jinco98'/8270, l='ServerLevel[world]', x=-179.67, y=75.00, z=-225.61], dimensionLocationPath the_nether
[11Jun2026 01:06:53.990] [Server thread/DEBUG] [atomicstryker.dynamiclights.server.DynamicLights/]: Cannot add Dynamic Light: Attachment Entity ServerPlayer['jinco98'/8270, l='ServerLevel[world]', x=-179.67, y=75.00, z=-225.61] is dead or in a banned dimension the_nether
[11Jun2026 01:06:54.089] [Server thread/DEBUG] [atomicstryker.dynamiclights.server.DynamicLights/]: Calling addLightSource on entity ServerPlayer['jinco98'/8270, l='ServerLevel[world]', x=-179.40, y=75.00, z=-225.27], dimensionLocationPath the_nether
[11Jun2026 01:06:54.089] [Server thread/DEBUG] [atomicstryker.dynamiclights.server.DynamicLights/]: Cannot add Dynamic Light: Attachment Entity ServerPlayer['jinco98'/8270, l='ServerLevel[world]', x=-179.40, y=75.00, z=-225.27] is dead or in a banned dimension the_nether
[11Jun2026 01:06:54.189] [Server thread/DEBUG] [atomicstryker.dynamiclights.server.DynamicLights/]: Calling addLightSource on entity ServerPlayer['jinco98'/8270, l='ServerLevel[world]', x=-179.13, y=75.00, z=-224.94], dimensionLocationPath the_nether
[11Jun2026 01:06:54.189] [Server thread/DEBUG] [atomicstryker.dynamiclights.server.DynamicLights/]: Cannot add Dynamic Light: Attachment Entity ServerPlayer['jinco98'/8270, l='ServerLevel[world]', x=-179.13, y=75.00, z=-224.94] is dead or in a banned dimension the_nether
[11Jun2026 01:06:54.289] [Server thread/DEBUG] [atomicstryker.dynamiclights.server.DynamicLights/]: Calling addLightSource on entity ServerPlayer['jinco98'/8270, l='ServerLevel[world]', x=-178.86, y=75.00, z=-224.60], dimensionLocationPath the_nether
[11Jun2026 01:06:54.289] [Server thread/DEBUG] [atomicstryker.dynamiclights.server.DynamicLights/]: Cannot add Dynamic Light: Attachment Entity ServerPlayer['jinco98'/8270, l='ServerLevel[world]', x=-178.86, y=75.00, z=-224.60] is dead or in a banned dimension the_nether
[11Jun2026 01:06:54.387] [Server thread/DEBUG] [atomicstryker.dynamiclights.server.DynamicLights/]: Calling addLightSource on entity ServerPlayer['jinco98'/8270, l='ServerLevel[world]', x=-178.59, y=75.00, z=-224.26], dimensionLocationPath the_nether
[11Jun2026 01:06:54.388] [Server thread/DEBUG] [atomicstryker.dynamiclights.server.DynamicLights/]: Cannot add Dynamic Light: Attachment Entity ServerPlayer['jinco98'/8270, l='ServerLevel[world]', x=-178.59, y=75.00, z=-224.26] is dead or in a banned dimension the_nether
[11Jun2026 01:06:54.489] [Server thread/DEBUG] [atomicstryker.dynamiclights.server.DynamicLights/]: Calling addLightSource on entity ServerPlayer['jinco98'/8270, l='ServerLevel[world]', x=-178.41, y=75.00, z=-224.09], dimensionLocationPath the_nether
[11Jun2026 01:06:54.489] [Server thread/DEBUG] [atomicstryker.dynamiclights.server.DynamicLights/]: Cannot add Dynamic Light: Attachment Entity ServerPlayer['jinco98'/8270, l='ServerLevel[world]', x=-178.41, y=75.00, z=-224.09] is dead or in a banned dimension the_nether
[11Jun2026 01:06:54.590] [Server thread/DEBUG] [atomicstryker.dynamiclights.server.DynamicLights/]: Calling addLightSource on entity ServerPlayer['jinco98'/8270, l='ServerLevel[world]', x=-178.13, y=75.00, z=-223.84], dimensionLocationPath the_nether
[11Jun2026 01:06:54.590] [Server thread/DEBUG] [atomicstryker.dynamiclights.server.DynamicLights/]: Cannot add Dynamic Light: Attachment Entity ServerPlayer['jinco98'/8270, l='ServerLevel[world]', x=-178.13, y=75.00, z=-223.84] is dead or in a banned dimension the_nether
[11Jun2026 01:06:54.686] [Server thread/DEBUG] [atomicstryker.dynamiclights.server.DynamicLights/]: Calling addLightSource on entity ServerPlayer['jinco98'/8270, l='ServerLevel[world]', x=-177.80, y=75.00, z=-223.58], dimensionLocationPath the_nether
[11Jun2026 01:06:54.686] [Server thread/DEBUG] [atomicstryker.dynamiclights.server.DynamicLights/]: Cannot add Dynamic Light: Attachment Entity ServerPlayer['jinco98'/8270, l='ServerLevel[world]', x=-177.80, y=75.00, z=-223.58] is dead or in a banned dimension the_nether
[11Jun2026 01:06:54.788] [Server thread/DEBUG] [atomicstryker.dynamiclights.server.DynamicLights/]: Calling addLightSource on entity ServerPlayer['jinco98'/8270, l='ServerLevel[world]', x=-177.46, y=75.00, z=-223.32], dimensionLocationPath the_nether
[11Jun2026 01:06:54.788] [Server thread/DEBUG] [atomicstryker.dynamiclights.server.DynamicLights/]: Cannot add Dynamic Light: Attachment Entity ServerPlayer['jinco98'/8270, l='ServerLevel[world]', x=-177.46, y=75.00, z=-223.32] is dead or in a banned dimension the_nether
[11Jun2026 01:06:54.886] [Server thread/DEBUG] [atomicstryker.dynamiclights.server.DynamicLights/]: Calling addLightSource on entity ServerPlayer['jinco98'/8270, l='ServerLevel[world]', x=-177.13, y=75.00, z=-223.06], dimensionLocationPath the_nether
[11Jun2026 01:06:54.886] [Server thread/DEBUG] [atomicstryker.dynamiclights.server.DynamicLights/]: Cannot add Dynamic Light: Attachment Entity ServerPlayer['jinco98'/8270, l='ServerLevel[world]', x=-177.13, y=75.00, z=-223.06] is dead or in a banned dimension the_nether
[11Jun2026 01:06:54.990] [Server thread/DEBUG] [atomicstryker.dynamiclights.server.DynamicLights/]: Calling addLightSource on entity ServerPlayer['jinco98'/8270, l='ServerLevel[world]', x=-176.79, y=75.00, z=-222.79], dimensionLocationPath the_nether
[11Jun2026 01:06:54.990] [Server thread/DEBUG] [atomicstryker.dynamiclights.server.DynamicLights/]: Cannot add Dynamic Light: Attachment Entity ServerPlayer['jinco98'/8270, l='ServerLevel[world]', x=-176.79, y=75.00, z=-222.79] is dead or in a banned dimension the_nether
[11Jun2026 01:06:55.086] [Server thread/DEBUG] [atomicstryker.dynamiclights.server.DynamicLights/]: Calling addLightSource on entity ServerPlayer['jinco98'/8270, l='ServerLevel[world]', x=-176.45, y=75.00, z=-222.52], dimensionLocationPath the_nether
[11Jun2026 01:06:55.086] [Server thread/DEBUG] [atomicstryker.dynamiclights.server.DynamicLights/]: Cannot add Dynamic Light: Attachment Entity ServerPlayer['jinco98'/8270, l='ServerLevel[world]', x=-176.45, y=75.00, z=-222.52] is dead or in a banned dimension the_nether
[11Jun2026 01:06:55.188] [Server thread/DEBUG] [atomicstryker.dynamiclights.server.DynamicLights/]: Calling addLightSource on entity ServerPlayer['jinco98'/8270, l='ServerLevel[world]', x=-176.12, y=75.00, z=-222.30], dimensionLocationPath the_nether
[11Jun2026 01:06:55.188] [Server thread/DEBUG] [atomicstryker.dynamiclights.server.DynamicLights/]: Cannot add Dynamic Light: Attachment Entity ServerPlayer['jinco98'/8270, l='ServerLevel[world]', x=-176.12, y=75.00, z=-222.30] is dead or in a banned dimension the_nether
[11Jun2026 01:06:55.288] [Server thread/DEBUG] [atomicstryker.dynamiclights.server.DynamicLights/]: Calling addLightSource on entity ServerPlayer['jinco98'/8270, l='ServerLevel[world]', x=-175.79, y=75.00, z=-222.30], dimensionLocationPath the_nether
[11Jun2026 01:06:55.288] [Server thread/DEBUG] [atomicstryker.dynamiclights.server.DynamicLights/]: Cannot add Dynamic Light: Attachment Entity ServerPlayer['jinco98'/8270, l='ServerLevel[world]', x=-175.79, y=75.00, z=-222.30] is dead or in a banned dimension the_nether
[11Jun2026 01:06:55.387] [Server thread/DEBUG] [atomicstryker.dynamiclights.server.DynamicLights/]: Calling addLightSource on entity ServerPlayer['jinco98'/8270, l='ServerLevel[world]', x=-175.66, y=75.00, z=-222.30], dimensionLocationPath the_nether
[11Jun2026 01:06:55.387] [Server thread/DEBUG] [atomicstryker.dynamiclights.server.DynamicLights/]: Cannot add Dynamic Light: Attachment Entity ServerPlayer['jinco98'/8270, l='ServerLevel[world]', x=-175.66, y=75.00, z=-222.30] is dead or in a banned dimension the_nether
[11Jun2026 01:06:55.486] [Server thread/DEBUG] [atomicstryker.dynamiclights.server.DynamicLights/]: Calling addLightSource on entity ServerPlayer['jinco98'/8270, l='ServerLevel[world]', x=-175.66, y=75.00, z=-222.30], dimensionLocationPath the_nether
[11Jun2026 01:06:55.486] [Server thread/DEBUG] [atomicstryker.dynamiclights.server.DynamicLights/]: Cannot add Dynamic Light: Attachment Entity ServerPlayer['jinco98'/8270, l='ServerLevel[world]', x=-175.66, y=75.00, z=-222.30] is dead or in a banned dimension the_nether
[11Jun2026 01:06:55.587] [Server thread/DEBUG] [atomicstryker.dynamiclights.server.DynamicLights/]: Calling addLightSource on entity ServerPlayer['jinco98'/8270, l='ServerLevel[world]', x=-175.66, y=75.00, z=-222.30], dimensionLocationPath the_nether
[11Jun2026 01:06:55.587] [Server thread/DEBUG] [atomicstryker.dynamiclights.server.DynamicLights/]: Cannot add Dynamic Light: Attachment Entity ServerPlayer['jinco98'/8270, l='ServerLevel[world]', x=-175.66, y=75.00, z=-222.30] is dead or in a banned dimension the_nether
[11Jun2026 01:06:55.689] [Server thread/DEBUG] [atomicstryker.dynamiclights.server.DynamicLights/]: Calling addLightSource on entity ServerPlayer['jinco98'/8270, l='ServerLevel[world]', x=-175.45, y=75.00, z=-222.30], dimensionLocationPath the_nether
[11Jun2026 01:06:55.689] [Server thread/DEBUG] [atomicstryker.dynamiclights.server.DynamicLights/]: Cannot add Dynamic Light: Attachment Entity ServerPlayer['jinco98'/8270, l='ServerLevel[world]', x=-175.45, y=75.00, z=-222.30] is dead or in a banned dimension the_nether
[11Jun2026 01:06:55.789] [Server thread/DEBUG] [atomicstryker.dynamiclights.server.DynamicLights/]: Calling addLightSource on entity ServerPlayer['jinco98'/8270, l='ServerLevel[world]', x=-175.30, y=76.09, z=-222.30], dimensionLocationPath the_nether
[11Jun2026 01:06:55.789] [Server thread/DEBUG] [atomicstryker.dynamiclights.server.DynamicLights/]: Cannot add Dynamic Light: Attachment Entity ServerPlayer['jinco98'/8270, l='ServerLevel[world]', x=-175.30, y=76.09, z=-222.30] is dead or in a banned dimension the_nether
[11Jun2026 01:06:55.888] [Server thread/DEBUG] [atomicstryker.dynamiclights.server.DynamicLights/]: Calling addLightSource on entity ServerPlayer['jinco98'/8270, l='ServerLevel[world]', x=-175.25, y=76.33, z=-222.27], dimensionLocationPath the_nether
[11Jun2026 01:06:55.888] [Server thread/DEBUG] [atomicstryker.dynamiclights.server.DynamicLights/]: Cannot add Dynamic Light: Attachment Entity ServerPlayer['jinco98'/8270, l='ServerLevel[world]', x=-175.25, y=76.33, z=-222.27] is dead or in a banned dimension the_nether
[11Jun2026 01:06:55.989] [Server thread/DEBUG] [atomicstryker.dynamiclights.server.DynamicLights/]: Calling addLightSource on entity ServerPlayer['jinco98'/8270, l='ServerLevel[world]', x=-175.16, y=76.26, z=-222.22], dimensionLocationPath the_nether
[11Jun2026 01:06:55.990] [Server thread/DEBUG] [atomicstryker.dynamiclights.server.DynamicLights/]: Cannot add Dynamic Light: Attachment Entity ServerPlayer['jinco98'/8270, l='ServerLevel[world]', x=-175.16, y=76.26, z=-222.22] is dead or in a banned dimension the_nether
[11Jun2026 01:06:56.096] [Server thread/DEBUG] [atomicstryker.dynamiclights.server.DynamicLights/]: Calling addLightSource on entity ServerPlayer['jinco98'/8270, l='ServerLevel[world]', x=-175.09, y=76.00, z=-222.18], dimensionLocationPath the_nether
[11Jun2026 01:06:56.096] [Server thread/DEBUG] [atomicstryker.dynamiclights.server.DynamicLights/]: Cannot add Dynamic Light: Attachment Entity ServerPlayer['jinco98'/8270, l='ServerLevel[world]', x=-175.09, y=76.00, z=-222.18] is dead or in a banned dimension the_nether
[11Jun2026 01:06:56.193] [Server thread/INFO] [net.minecraft.server.MinecraftServer/]: jinco98 burned to death
[11Jun2026 01:07:26.726] [Server thread/DEBUG] [net.neoforged.neoforge.common.CommonHooks/WP]: Gathered mod list to write to world save world
[11Jun2026 01:07:53.201] [Server thread/DEBUG] [atomicstryker.dynamiclights.server.DynamicLights/]: Calling addLightSource on entity ServerPlayer['jinco98'/8270, l='ServerLevel[world]', x=-73.83, y=90.77, z=-60.30], dimensionLocationPath the_nether
[11Jun2026 01:07:53.201] [Server thread/DEBUG] [atomicstryker.dynamiclights.server.DynamicLights/]: Cannot add Dynamic Light: Attachment Entity ServerPlayer['jinco98'/8270, l='ServerLevel[world]', x=-73.83, y=90.77, z=-60.30] is dead or in a banned dimension the_nether
[11Jun2026 01:07:53.286] [Server thread/DEBUG] [atomicstryker.dynamiclights.server.DynamicLights/]: Calling addLightSource on entity ServerPlayer['jinco98'/8270, l='ServerLevel[world]', x=-73.96, y=90.23, z=-60.30], dimensionLocationPath the_nether
[11Jun2026 01:07:53.286] [Server thread/DEBUG] [atomicstryker.dynamiclights.server.DynamicLights/]: Cannot add Dynamic Light: Attachment Entity ServerPlayer['jinco98'/8270, l='ServerLevel[world]', x=-73.96, y=90.23, z=-60.30] is dead or in a banned dimension the_nether
[11Jun2026 01:07:53.386] [Server thread/DEBUG] [atomicstryker.dynamiclights.server.DynamicLights/]: Calling addLightSource on entity ServerPlayer['jinco98'/8270, l='ServerLevel[world]', x=-74.10, y=90.00, z=-60.28], dimensionLocationPath the_nether
[11Jun2026 01:07:53.386] [Server thread/DEBUG] [atomicstryker.dynamiclights.server.DynamicLights/]: Cannot add Dynamic Light: Attachment Entity ServerPlayer['jinco98'/8270, l='ServerLevel[world]', x=-74.10, y=90.00, z=-60.28] is dead or in a banned dimension the_nether
[11Jun2026 01:07:53.485] [Server thread/DEBUG] [atomicstryker.dynamiclights.server.DynamicLights/]: Calling addLightSource on entity ServerPlayer['jinco98'/8270, l='ServerLevel[world]', x=-73.75, y=90.00, z=-60.05], dimensionLocationPath the_nether
[11Jun2026 01:07:53.485] [Server thread/DEBUG] [atomicstryker.dynamiclights.server.DynamicLights/]: Cannot add Dynamic Light: Attachment Entity ServerPlayer['jinco98'/8270, l='ServerLevel[world]', x=-73.75, y=90.00, z=-60.05] is dead or in a banned dimension the_nether
[11Jun2026 01:07:53.588] [Server thread/DEBUG] [atomicstryker.dynamiclights.server.DynamicLights/]: Calling addLightSource on entity ServerPlayer['jinco98'/8270, l='ServerLevel[world]', x=-73.54, y=89.92, z=-59.69], dimensionLocationPath the_nether
[11Jun2026 01:07:53.588] [Server thread/DEBUG] [atomicstryker.dynamiclights.server.DynamicLights/]: Cannot add Dynamic Light: Attachment Entity ServerPlayer['jinco98'/8270, l='ServerLevel[world]', x=-73.54, y=89.92, z=-59.69] is dead or in a banned dimension the_nether
[11Jun2026 01:07:53.686] [Server thread/DEBUG] [atomicstryker.dynamiclights.server.DynamicLights/]: Calling addLightSource on entity ServerPlayer['jinco98'/8270, l='ServerLevel[world]', x=-73.39, y=89.54, z=-59.37], dimensionLocationPath the_nether
[11Jun2026 01:07:53.686] [Server thread/DEBUG] [atomicstryker.dynamiclights.server.DynamicLights/]: Cannot add Dynamic Light: Attachment Entity ServerPlayer['jinco98'/8270, l='ServerLevel[world]', x=-73.39, y=89.54, z=-59.37] is dead or in a banned dimension the_nether
[11Jun2026 01:07:53.785] [Server thread/DEBUG] [atomicstryker.dynamiclights.server.DynamicLights/]: Calling addLightSource on entity ServerPlayer['jinco98'/8270, l='ServerLevel[world]', x=-73.30, y=89.00, z=-59.09], dimensionLocationPath the_nether
[11Jun2026 01:07:53.785] [Server thread/DEBUG] [atomicstryker.dynamiclights.server.DynamicLights/]: Cannot add Dynamic Light: Attachment Entity ServerPlayer['jinco98'/8270, l='ServerLevel[world]', x=-73.30, y=89.00, z=-59.09] is dead or in a banned dimension the_nether
[11Jun2026 01:07:53.885] [Server thread/DEBUG] [atomicstryker.dynamiclights.server.DynamicLights/]: Calling addLightSource on entity ServerPlayer['jinco98'/8270, l='ServerLevel[world]', x=-73.30, y=89.00, z=-58.72], dimensionLocationPath the_nether
[11Jun2026 01:07:53.885] [Server thread/DEBUG] [atomicstryker.dynamiclights.server.DynamicLights/]: Cannot add Dynamic Light: Attachment Entity ServerPlayer['jinco98'/8270, l='ServerLevel[world]', x=-73.30, y=89.00, z=-58.72] is dead or in a banned dimension the_nether
[11Jun2026 01:07:53.987] [Server thread/DEBUG] [atomicstryker.dynamiclights.server.DynamicLights/]: Calling addLightSource on entity ServerPlayer['jinco98'/8270, l='ServerLevel[world]', x=-73.35, y=89.00, z=-58.29], dimensionLocationPath the_nether
[11Jun2026 01:07:53.987] [Server thread/DEBUG] [atomicstryker.dynamiclights.server.DynamicLights/]: Cannot add Dynamic Light: Attachment Entity ServerPlayer['jinco98'/8270, l='ServerLevel[world]', x=-73.35, y=89.00, z=-58.29] is dead or in a banned dimension the_nether
[11Jun2026 01:07:54.085] [Server thread/DEBUG] [atomicstryker.dynamiclights.server.DynamicLights/]: Calling addLightSource on entity ServerPlayer['jinco98'/8270, l='ServerLevel[world]', x=-73.51, y=89.00, z=-57.90], dimensionLocationPath the_nether
[11Jun2026 01:07:54.085] [Server thread/DEBUG] [atomicstryker.dynamiclights.server.DynamicLights/]: Cannot add Dynamic Light: Attachment Entity ServerPlayer['jinco98'/8270, l='ServerLevel[world]', x=-73.51, y=89.00, z=-57.90] is dead or in a banned dimension the_nether
[11Jun2026 01:07:54.184] [Server thread/DEBUG] [atomicstryker.dynamiclights.server.DynamicLights/]: Calling addLightSource on entity ServerPlayer['jinco98'/8270, l='ServerLevel[world]', x=-73.69, y=88.92, z=-57.51], dimensionLocationPath the_nether
[11Jun2026 01:07:54.185] [Server thread/DEBUG] [atomicstryker.dynamiclights.server.DynamicLights/]: Cannot add Dynamic Light: Attachment Entity ServerPlayer['jinco98'/8270, l='ServerLevel[world]', x=-73.69, y=88.92, z=-57.51] is dead or in a banned dimension the_nether
[11Jun2026 01:07:54.293] [Server thread/DEBUG] [atomicstryker.dynamiclights.server.DynamicLights/]: Calling addLightSource on entity ServerPlayer['jinco98'/8270, l='ServerLevel[world]', x=-73.97, y=89.00, z=-57.20], dimensionLocationPath the_nether
[11Jun2026 01:07:54.293] [Server thread/DEBUG] [atomicstryker.dynamiclights.server.DynamicLights/]: Cannot add Dynamic Light: Attachment Entity ServerPlayer['jinco98'/8270, l='ServerLevel[world]', x=-73.97, y=89.00, z=-57.20] is dead or in a banned dimension the_nether
[11Jun2026 01:07:54.384] [Server thread/DEBUG] [atomicstryker.dynamiclights.server.DynamicLights/]: Calling addLightSource on entity ServerPlayer['jinco98'/8270, l='ServerLevel[world]', x=-74.20, y=89.00, z=-56.87], dimensionLocationPath the_nether
[11Jun2026 01:07:54.384] [Server thread/DEBUG] [atomicstryker.dynamiclights.server.DynamicLights/]: Cannot add Dynamic Light: Attachment Entity ServerPlayer['jinco98'/8270, l='ServerLevel[world]', x=-74.20, y=89.00, z=-56.87] is dead or in a banned dimension the_nether
[11Jun2026 01:07:54.485] [Server thread/DEBUG] [atomicstryker.dynamiclights.server.DynamicLights/]: Calling addLightSource on entity ServerPlayer['jinco98'/8270, l='ServerLevel[world]', x=-74.18, y=88.92, z=-56.62], dimensionLocationPath the_nether
[11Jun2026 01:07:54.485] [Server thread/DEBUG] [atomicstryker.dynamiclights.server.DynamicLights/]: Cannot add Dynamic Light: Attachment Entity ServerPlayer['jinco98'/8270, l='ServerLevel[world]', x=-74.18, y=88.92, z=-56.62] is dead or in a banned dimension the_nether
[11Jun2026 01:07:54.584] [Server thread/DEBUG] [atomicstryker.dynamiclights.server.DynamicLights/]: Calling addLightSource on entity ServerPlayer['jinco98'/8270, l='ServerLevel[world]', x=-74.14, y=88.54, z=-56.33], dimensionLocationPath the_nether
[11Jun2026 01:07:54.584] [Server thread/DEBUG] [atomicstryker.dynamiclights.server.DynamicLights/]: Cannot add Dynamic Light: Attachment Entity ServerPlayer['jinco98'/8270, l='ServerLevel[world]', x=-74.14, y=88.54, z=-56.33] is dead or in a banned dimension the_nether
[11Jun2026 01:07:54.684] [Server thread/DEBUG] [atomicstryker.dynamiclights.server.DynamicLights/]: Calling addLightSource on entity ServerPlayer['jinco98'/8270, l='ServerLevel[world]', x=-74.11, y=88.00, z=-56.30], dimensionLocationPath the_nether
[11Jun2026 01:07:54.684] [Server thread/DEBUG] [atomicstryker.dynamiclights.server.DynamicLights/]: Cannot add Dynamic Light: Attachment Entity ServerPlayer['jinco98'/8270, l='ServerLevel[world]', x=-74.11, y=88.00, z=-56.30] is dead or in a banned dimension the_nether
[11Jun2026 01:07:54.784] [Server thread/DEBUG] [atomicstryker.dynamiclights.server.DynamicLights/]: Calling addLightSource on entity ServerPlayer['jinco98'/8270, l='ServerLevel[world]', x=-74.09, y=88.00, z=-56.30], dimensionLocationPath the_nether
[11Jun2026 01:07:54.784] [Server thread/DEBUG] [atomicstryker.dynamiclights.server.DynamicLights/]: Cannot add Dynamic Light: Attachment Entity ServerPlayer['jinco98'/8270, l='ServerLevel[world]', x=-74.09, y=88.00, z=-56.30] is dead or in a banned dimension the_nether
[11Jun2026 01:07:54.886] [Server thread/DEBUG] [atomicstryker.dynamiclights.server.DynamicLights/]: Calling addLightSource on entity ServerPlayer['jinco98'/8270, l='ServerLevel[world]', x=-74.11, y=88.00, z=-56.30], dimensionLocationPath the_nether
[11Jun2026 01:07:54.886] [Server thread/DEBUG] [atomicstryker.dynamiclights.server.DynamicLights/]: Cannot add Dynamic Light: Attachment Entity ServerPlayer['jinco98'/8270, l='ServerLevel[world]', x=-74.11, y=88.00, z=-56.30] is dead or in a banned dimension the_nether
[11Jun2026 01:07:54.985] [Server thread/DEBUG] [atomicstryker.dynamiclights.server.DynamicLights/]: Calling addLightSource on entity ServerPlayer['jinco98'/8270, l='ServerLevel[world]', x=-74.21, y=88.00, z=-56.30], dimensionLocationPath the_nether
[11Jun2026 01:07:54.985] [Server thread/DEBUG] [atomicstryker.dynamiclights.server.DynamicLights/]: Cannot add Dynamic Light: Attachment Entity ServerPlayer['jinco98'/8270, l='ServerLevel[world]', x=-74.21, y=88.00, z=-56.30] is dead or in a banned dimension the_nether
[11Jun2026 01:07:55.085] [Server thread/DEBUG] [atomicstryker.dynamiclights.server.DynamicLights/]: Calling addLightSource on entity ServerPlayer['jinco98'/8270, l='ServerLevel[world]', x=-74.49, y=88.00, z=-56.15], dimensionLocationPath the_nether
[11Jun2026 01:07:55.085] [Server thread/DEBUG] [atomicstryker.dynamiclights.server.DynamicLights/]: Cannot add Dynamic Light: Attachment Entity ServerPlayer['jinco98'/8270, l='ServerLevel[world]', x=-74.49, y=88.00, z=-56.15] is dead or in a banned dimension the_nether
[11Jun2026 01:07:55.185] [Server thread/DEBUG] [atomicstryker.dynamiclights.server.DynamicLights/]: Calling addLightSource on entity ServerPlayer['jinco98'/8270, l='ServerLevel[world]', x=-74.83, y=88.00, z=-55.93], dimensionLocationPath the_nether
[11Jun2026 01:07:55.185] [Server thread/DEBUG] [atomicstryker.dynamiclights.server.DynamicLights/]: Cannot add Dynamic Light: Attachment Entity ServerPlayer['jinco98'/8270, l='ServerLevel[world]', x=-74.83, y=88.00, z=-55.93] is dead or in a banned dimension the_nether
[11Jun2026 01:07:55.287] [Server thread/DEBUG] [atomicstryker.dynamiclights.server.DynamicLights/]: Calling addLightSource on entity ServerPlayer['jinco98'/8270, l='ServerLevel[world]', x=-75.02, y=87.92, z=-55.58], dimensionLocationPath the_nether
[11Jun2026 01:07:55.287] [Server thread/DEBUG] [atomicstryker.dynamiclights.server.DynamicLights/]: Cannot add Dynamic Light: Attachment Entity ServerPlayer['jinco98'/8270, l='ServerLevel[world]', x=-75.02, y=87.92, z=-55.58] is dead or in a banned dimension the_nether
[11Jun2026 01:07:55.383] [Server thread/DEBUG] [atomicstryker.dynamiclights.server.DynamicLights/]: Calling addLightSource on entity ServerPlayer['jinco98'/8270, l='ServerLevel[world]', x=-75.13, y=87.54, z=-55.30], dimensionLocationPath the_nether
[11Jun2026 01:07:55.383] [Server thread/DEBUG] [atomicstryker.dynamiclights.server.DynamicLights/]: Cannot add Dynamic Light: Attachment Entity ServerPlayer['jinco98'/8270, l='ServerLevel[world]', x=-75.13, y=87.54, z=-55.30] is dead or in a banned dimension the_nether
[11Jun2026 01:07:55.486] [Server thread/DEBUG] [atomicstryker.dynamiclights.server.DynamicLights/]: Calling addLightSource on entity ServerPlayer['jinco98'/8270, l='ServerLevel[world]', x=-75.17, y=87.16, z=-55.30], dimensionLocationPath the_nether
[11Jun2026 01:07:55.486] [Server thread/DEBUG] [atomicstryker.dynamiclights.server.DynamicLights/]: Cannot add Dynamic Light: Attachment Entity ServerPlayer['jinco98'/8270, l='ServerLevel[world]', x=-75.17, y=87.16, z=-55.30] is dead or in a banned dimension the_nether
[11Jun2026 01:07:55.584] [Server thread/DEBUG] [atomicstryker.dynamiclights.server.DynamicLights/]: Calling addLightSource on entity ServerPlayer['jinco98'/8270, l='ServerLevel[world]', x=-75.26, y=87.00, z=-55.30], dimensionLocationPath the_nether
[11Jun2026 01:07:55.584] [Server thread/DEBUG] [atomicstryker.dynamiclights.server.DynamicLights/]: Cannot add Dynamic Light: Attachment Entity ServerPlayer['jinco98'/8270, l='ServerLevel[world]', x=-75.26, y=87.00, z=-55.30] is dead or in a banned dimension the_nether
[11Jun2026 01:07:55.685] [Server thread/DEBUG] [atomicstryker.dynamiclights.server.DynamicLights/]: Calling addLightSource on entity ServerPlayer['jinco98'/8270, l='ServerLevel[world]', x=-75.54, y=86.77, z=-55.15], dimensionLocationPath the_nether
[11Jun2026 01:07:55.685] [Server thread/DEBUG] [atomicstryker.dynamiclights.server.DynamicLights/]: Cannot add Dynamic Light: Attachment Entity ServerPlayer['jinco98'/8270, l='ServerLevel[world]', x=-75.54, y=86.77, z=-55.15] is dead or in a banned dimension the_nether
[11Jun2026 01:07:55.785] [Server thread/DEBUG] [atomicstryker.dynamiclights.server.DynamicLights/]: Calling addLightSource on entity ServerPlayer['jinco98'/8270, l='ServerLevel[world]', x=-75.74, y=86.23, z=-55.03], dimensionLocationPath the_nether
[11Jun2026 01:07:55.785] [Server thread/DEBUG] [atomicstryker.dynamiclights.server.DynamicLights/]: Cannot add Dynamic Light: Attachment Entity ServerPlayer['jinco98'/8270, l='ServerLevel[world]', x=-75.74, y=86.23, z=-55.03] is dead or in a banned dimension the_nether
[11Jun2026 01:07:55.883] [Server thread/DEBUG] [atomicstryker.dynamiclights.server.DynamicLights/]: Calling addLightSource on entity ServerPlayer['jinco98'/8270, l='ServerLevel[world]', x=-75.97, y=86.00, z=-54.90], dimensionLocationPath the_nether
[11Jun2026 01:07:55.883] [Server thread/DEBUG] [atomicstryker.dynamiclights.server.DynamicLights/]: Cannot add Dynamic Light: Attachment Entity ServerPlayer['jinco98'/8270, l='ServerLevel[world]', x=-75.97, y=86.00, z=-54.90] is dead or in a banned dimension the_nether
[11Jun2026 01:07:55.985] [Server thread/DEBUG] [atomicstryker.dynamiclights.server.DynamicLights/]: Calling addLightSource on entity ServerPlayer['jinco98'/8270, l='ServerLevel[world]', x=-76.39, y=85.92, z=-54.86], dimensionLocationPath the_nether
[11Jun2026 01:07:55.985] [Server thread/DEBUG] [atomicstryker.dynamiclights.server.DynamicLights/]: Cannot add Dynamic Light: Attachment Entity ServerPlayer['jinco98'/8270, l='ServerLevel[world]', x=-76.39, y=85.92, z=-54.86] is dead or in a banned dimension the_nether
[11Jun2026 01:07:56.086] [Server thread/DEBUG] [atomicstryker.dynamiclights.server.DynamicLights/]: Calling addLightSource on entity ServerPlayer['jinco98'/8270, l='ServerLevel[world]', x=-76.74, y=85.54, z=-54.89], dimensionLocationPath the_nether
[11Jun2026 01:07:56.086] [Server thread/DEBUG] [atomicstryker.dynamiclights.server.DynamicLights/]: Cannot add Dynamic Light: Attachment Entity ServerPlayer['jinco98'/8270, l='ServerLevel[world]', x=-76.74, y=85.54, z=-54.89] is dead or in a banned dimension the_nether
[11Jun2026 01:07:56.193] [Server thread/DEBUG] [atomicstryker.dynamiclights.server.DynamicLights/]: Calling addLightSource on entity ServerPlayer['jinco98'/8270, l='ServerLevel[world]', x=-77.03, y=85.00, z=-54.93], dimensionLocationPath the_nether
[11Jun2026 01:07:56.193] [Server thread/DEBUG] [atomicstryker.dynamiclights.server.DynamicLights/]: Cannot add Dynamic Light: Attachment Entity ServerPlayer['jinco98'/8270, l='ServerLevel[world]', x=-77.03, y=85.00, z=-54.93] is dead or in a banned dimension the_nether
[11Jun2026 01:07:56.291] [Server thread/DEBUG] [atomicstryker.dynamiclights.server.DynamicLights/]: Calling addLightSource on entity ServerPlayer['jinco98'/8270, l='ServerLevel[world]', x=-77.37, y=84.92, z=-55.06], dimensionLocationPath the_nether
[11Jun2026 01:07:56.291] [Server thread/DEBUG] [atomicstryker.dynamiclights.server.DynamicLights/]: Cannot add Dynamic Light: Attachment Entity ServerPlayer['jinco98'/8270, l='ServerLevel[world]', x=-77.37, y=84.92, z=-55.06] is dead or in a banned dimension the_nether
[11Jun2026 01:07:56.386] [Server thread/DEBUG] [atomicstryker.dynamiclights.server.DynamicLights/]: Calling addLightSource on entity ServerPlayer['jinco98'/8270, l='ServerLevel[world]', x=-77.60, y=84.54, z=-55.31], dimensionLocationPath the_nether
[11Jun2026 01:07:56.386] [Server thread/DEBUG] [atomicstryker.dynamiclights.server.DynamicLights/]: Cannot add Dynamic Light: Attachment Entity ServerPlayer['jinco98'/8270, l='ServerLevel[world]', x=-77.60, y=84.54, z=-55.31] is dead or in a banned dimension the_nether
[11Jun2026 01:07:56.486] [Server thread/DEBUG] [atomicstryker.dynamiclights.server.DynamicLights/]: Calling addLightSource on entity ServerPlayer['jinco98'/8270, l='ServerLevel[world]', x=-77.62, y=84.16, z=-55.36], dimensionLocationPath the_nether
[11Jun2026 01:07:56.486] [Server thread/DEBUG] [atomicstryker.dynamiclights.server.DynamicLights/]: Cannot add Dynamic Light: Attachment Entity ServerPlayer['jinco98'/8270, l='ServerLevel[world]', x=-77.62, y=84.16, z=-55.36] is dead or in a banned dimension the_nether
[11Jun2026 01:07:56.584] [Server thread/DEBUG] [atomicstryker.dynamiclights.server.DynamicLights/]: Calling addLightSource on entity ServerPlayer['jinco98'/8270, l='ServerLevel[world]', x=-77.67, y=84.00, z=-55.47], dimensionLocationPath the_nether
[11Jun2026 01:07:56.584] [Server thread/DEBUG] [atomicstryker.dynamiclights.server.DynamicLights/]: Cannot add Dynamic Light: Attachment Entity ServerPlayer['jinco98'/8270, l='ServerLevel[world]', x=-77.67, y=84.00, z=-55.47] is dead or in a banned dimension the_nether
[11Jun2026 01:07:56.685] [Server thread/DEBUG] [atomicstryker.dynamiclights.server.DynamicLights/]: Calling addLightSource on entity ServerPlayer['jinco98'/8270, l='ServerLevel[world]', x=-77.81, y=84.00, z=-55.79], dimensionLocationPath the_nether
[11Jun2026 01:07:56.685] [Server thread/DEBUG] [atomicstryker.dynamiclights.server.DynamicLights/]: Cannot add Dynamic Light: Attachment Entity ServerPlayer['jinco98'/8270, l='ServerLevel[world]', x=-77.81, y=84.00, z=-55.79] is dead or in a banned dimension the_nether
[11Jun2026 01:07:56.791] [Server thread/DEBUG] [atomicstryker.dynamiclights.server.DynamicLights/]: Calling addLightSource on entity ServerPlayer['jinco98'/8270, l='ServerLevel[world]', x=-77.97, y=84.00, z=-56.16], dimensionLocationPath the_nether
[11Jun2026 01:07:56.791] [Server thread/DEBUG] [atomicstryker.dynamiclights.server.DynamicLights/]: Cannot add Dynamic Light: Attachment Entity ServerPlayer['jinco98'/8270, l='ServerLevel[world]', x=-77.97, y=84.00, z=-56.16] is dead or in a banned dimension the_nether
[11Jun2026 01:07:56.885] [Server thread/DEBUG] [atomicstryker.dynamiclights.server.DynamicLights/]: Calling addLightSource on entity ServerPlayer['jinco98'/8270, l='ServerLevel[world]', x=-78.14, y=83.77, z=-56.55], dimensionLocationPath the_nether
[11Jun2026 01:07:56.885] [Server thread/DEBUG] [atomicstryker.dynamiclights.server.DynamicLights/]: Cannot add Dynamic Light: Attachment Entity ServerPlayer['jinco98'/8270, l='ServerLevel[world]', x=-78.14, y=83.77, z=-56.55] is dead or in a banned dimension the_nether
[11Jun2026 01:07:56.987] [Server thread/DEBUG] [atomicstryker.dynamiclights.server.DynamicLights/]: Calling addLightSource on entity ServerPlayer['jinco98'/8270, l='ServerLevel[world]', x=-78.27, y=83.23, z=-56.80], dimensionLocationPath the_nether
[11Jun2026 01:07:56.987] [Server thread/DEBUG] [atomicstryker.dynamiclights.server.DynamicLights/]: Cannot add Dynamic Light: Attachment Entity ServerPlayer['jinco98'/8270, l='ServerLevel[world]', x=-78.27, y=83.23, z=-56.80] is dead or in a banned dimension the_nether
[11Jun2026 01:07:57.087] [Server thread/DEBUG] [atomicstryker.dynamiclights.server.DynamicLights/]: Calling addLightSource on entity ServerPlayer['jinco98'/8270, l='ServerLevel[world]', x=-78.41, y=83.00, z=-57.07], dimensionLocationPath the_nether
[11Jun2026 01:07:57.087] [Server thread/DEBUG] [atomicstryker.dynamiclights.server.DynamicLights/]: Cannot add Dynamic Light: Attachment Entity ServerPlayer['jinco98'/8270, l='ServerLevel[world]', x=-78.41, y=83.00, z=-57.07] is dead or in a banned dimension the_nether
[11Jun2026 01:07:57.185] [Server thread/DEBUG] [atomicstryker.dynamiclights.server.DynamicLights/]: Calling addLightSource on entity ServerPlayer['jinco98'/8270, l='ServerLevel[world]', x=-78.71, y=82.77, z=-57.54], dimensionLocationPath the_nether
[11Jun2026 01:07:57.185] [Server thread/DEBUG] [atomicstryker.dynamiclights.server.DynamicLights/]: Cannot add Dynamic Light: Attachment Entity ServerPlayer['jinco98'/8270, l='ServerLevel[world]', x=-78.71, y=82.77, z=-57.54] is dead or in a banned dimension the_nether
[11Jun2026 01:07:57.285] [Server thread/DEBUG] [atomicstryker.dynamiclights.server.DynamicLights/]: Calling addLightSource on entity ServerPlayer['jinco98'/8270, l='ServerLevel[world]', x=-78.90, y=82.23, z=-57.85], dimensionLocationPath the_nether
[11Jun2026 01:07:57.285] [Server thread/DEBUG] [atomicstryker.dynamiclights.server.DynamicLights/]: Cannot add Dynamic Light: Attachment Entity ServerPlayer['jinco98'/8270, l='ServerLevel[world]', x=-78.90, y=82.23, z=-57.85] is dead or in a banned dimension the_nether
[11Jun2026 01:07:57.384] [Server thread/DEBUG] [atomicstryker.dynamiclights.server.DynamicLights/]: Calling addLightSource on entity ServerPlayer['jinco98'/8270, l='ServerLevel[world]', x=-79.13, y=82.00, z=-58.16], dimensionLocationPath the_nether
[11Jun2026 01:07:57.384] [Server thread/DEBUG] [atomicstryker.dynamiclights.server.DynamicLights/]: Cannot add Dynamic Light: Attachment Entity ServerPlayer['jinco98'/8270, l='ServerLevel[world]', x=-79.13, y=82.00, z=-58.16] is dead or in a banned dimension the_nether
[11Jun2026 01:07:57.483] [Server thread/DEBUG] [atomicstryker.dynamiclights.server.DynamicLights/]: Calling addLightSource on entity ServerPlayer['jinco98'/8270, l='ServerLevel[world]', x=-79.46, y=82.00, z=-58.22], dimensionLocationPath the_nether
[11Jun2026 01:07:57.483] [Server thread/DEBUG] [atomicstryker.dynamiclights.server.DynamicLights/]: Cannot add Dynamic Light: Attachment Entity ServerPlayer['jinco98'/8270, l='ServerLevel[world]', x=-79.46, y=82.00, z=-58.22] is dead or in a banned dimension the_nether
[11Jun2026 01:07:57.584] [Server thread/DEBUG] [atomicstryker.dynamiclights.server.DynamicLights/]: Calling addLightSource on entity ServerPlayer['jinco98'/8270, l='ServerLevel[world]', x=-79.89, y=82.00, z=-58.40], dimensionLocationPath the_nether
[11Jun2026 01:07:57.584] [Server thread/DEBUG] [atomicstryker.dynamiclights.server.DynamicLights/]: Cannot add Dynamic Light: Attachment Entity ServerPlayer['jinco98'/8270, l='ServerLevel[world]', x=-79.89, y=82.00, z=-58.40] is dead or in a banned dimension the_nether
[11Jun2026 01:07:57.684] [Server thread/DEBUG] [atomicstryker.dynamiclights.server.DynamicLights/]: Calling addLightSource on entity ServerPlayer['jinco98'/8270, l='ServerLevel[world]', x=-80.25, y=82.00, z=-58.77], dimensionLocationPath the_nether
[11Jun2026 01:07:57.684] [Server thread/DEBUG] [atomicstryker.dynamiclights.server.DynamicLights/]: Cannot add Dynamic Light: Attachment Entity ServerPlayer['jinco98'/8270, l='ServerLevel[world]', x=-80.25, y=82.00, z=-58.77] is dead or in a banned dimension the_nether
[11Jun2026 01:07:57.786] [Server thread/DEBUG] [atomicstryker.dynamiclights.server.DynamicLights/]: Calling addLightSource on entity ServerPlayer['jinco98'/8270, l='ServerLevel[world]', x=-80.57, y=81.77, z=-59.21], dimensionLocationPath the_nether
[11Jun2026 01:07:57.786] [Server thread/DEBUG] [atomicstryker.dynamiclights.server.DynamicLights/]: Cannot add Dynamic Light: Attachment Entity ServerPlayer['jinco98'/8270, l='ServerLevel[world]', x=-80.57, y=81.77, z=-59.21] is dead or in a banned dimension the_nether
[11Jun2026 01:07:57.885] [Server thread/DEBUG] [atomicstryker.dynamiclights.server.DynamicLights/]: Calling addLightSource on entity ServerPlayer['jinco98'/8270, l='ServerLevel[world]', x=-80.79, y=81.23, z=-59.50], dimensionLocationPath the_nether
[11Jun2026 01:07:57.885] [Server thread/DEBUG] [atomicstryker.dynamiclights.server.DynamicLights/]: Cannot add Dynamic Light: Attachment Entity ServerPlayer['jinco98'/8270, l='ServerLevel[world]', x=-80.79, y=81.23, z=-59.50] is dead or in a banned dimension the_nether
[11Jun2026 01:07:57.986] [Server thread/DEBUG] [atomicstryker.dynamiclights.server.DynamicLights/]: Calling addLightSource on entity ServerPlayer['jinco98'/8270, l='ServerLevel[world]', x=-81.05, y=81.00, z=-59.78], dimensionLocationPath the_nether
[11Jun2026 01:07:57.986] [Server thread/DEBUG] [atomicstryker.dynamiclights.server.DynamicLights/]: Cannot add Dynamic Light: Attachment Entity ServerPlayer['jinco98'/8270, l='ServerLevel[world]', x=-81.05, y=81.00, z=-59.78] is dead or in a banned dimension the_nether
[11Jun2026 01:07:58.086] [Server thread/DEBUG] [atomicstryker.dynamiclights.server.DynamicLights/]: Calling addLightSource on entity ServerPlayer['jinco98'/8270, l='ServerLevel[world]', x=-81.49, y=81.00, z=-60.13], dimensionLocationPath the_nether
[11Jun2026 01:07:58.086] [Server thread/DEBUG] [atomicstryker.dynamiclights.server.DynamicLights/]: Cannot add Dynamic Light: Attachment Entity ServerPlayer['jinco98'/8270, l='ServerLevel[world]', x=-81.49, y=81.00, z=-60.13] is dead or in a banned dimension the_nether
[11Jun2026 01:09:06.033] [Server thread/INFO] [net.minecraft.server.MinecraftServer/]: MayEL1207 was slain by Wither Skeleton
[11Jun2026 01:09:07.492] [Server thread/INFO] [net.minecraft.server.MinecraftServer/]: jinco98 was slain by Wither Skeleton
[11Jun2026 01:12:26.731] [Server thread/DEBUG] [net.neoforged.neoforge.common.CommonHooks/WP]: Gathered mod list to write to world save world
[11Jun2026 01:13:12.484] [Server thread/DEBUG] [atomicstryker.dynamiclights.server.DynamicLights/]: Calling addLightSource on entity ServerPlayer['jinco98'/8270, l='ServerLevel[world]', x=-175.70, y=31.44, z=-233.59], dimensionLocationPath the_nether
[11Jun2026 01:13:12.485] [Server thread/DEBUG] [atomicstryker.dynamiclights.server.DynamicLights/]: Cannot add Dynamic Light: Attachment Entity ServerPlayer['jinco98'/8270, l='ServerLevel[world]', x=-175.70, y=31.44, z=-233.59] is dead or in a banned dimension the_nether
[11Jun2026 01:13:12.583] [Server thread/DEBUG] [atomicstryker.dynamiclights.server.DynamicLights/]: Calling addLightSource on entity ServerPlayer['jinco98'/8270, l='ServerLevel[world]', x=-175.75, y=31.00, z=-233.48], dimensionLocationPath the_nether
[11Jun2026 01:13:12.583] [Server thread/DEBUG] [atomicstryker.dynamiclights.server.DynamicLights/]: Cannot add Dynamic Light: Attachment Entity ServerPlayer['jinco98'/8270, l='ServerLevel[world]', x=-175.75, y=31.00, z=-233.48] is dead or in a banned dimension the_nether
[11Jun2026 01:13:12.683] [Server thread/DEBUG] [atomicstryker.dynamiclights.server.DynamicLights/]: Calling addLightSource on entity ServerPlayer['jinco98'/8270, l='ServerLevel[world]', x=-175.81, y=31.24, z=-233.41], dimensionLocationPath the_nether
[11Jun2026 01:13:12.683] [Server thread/DEBUG] [atomicstryker.dynamiclights.server.DynamicLights/]: Cannot add Dynamic Light: Attachment Entity ServerPlayer['jinco98'/8270, l='ServerLevel[world]', x=-175.81, y=31.24, z=-233.41] is dead or in a banned dimension the_nether
[11Jun2026 01:13:12.783] [Server thread/DEBUG] [atomicstryker.dynamiclights.server.DynamicLights/]: Calling addLightSource on entity ServerPlayer['jinco98'/8270, l='ServerLevel[world]', x=-175.85, y=31.04, z=-233.38], dimensionLocationPath the_nether
[11Jun2026 01:13:12.783] [Server thread/DEBUG] [atomicstryker.dynamiclights.server.DynamicLights/]: Cannot add Dynamic Light: Attachment Entity ServerPlayer['jinco98'/8270, l='ServerLevel[world]', x=-175.85, y=31.04, z=-233.38] is dead or in a banned dimension the_nether
[11Jun2026 01:13:12.888] [Server thread/DEBUG] [atomicstryker.dynamiclights.server.DynamicLights/]: Calling addLightSource on entity ServerPlayer['jinco98'/8270, l='ServerLevel[world]', x=-175.91, y=31.06, z=-233.33], dimensionLocationPath the_nether
[11Jun2026 01:13:12.888] [Server thread/DEBUG] [atomicstryker.dynamiclights.server.DynamicLights/]: Cannot add Dynamic Light: Attachment Entity ServerPlayer['jinco98'/8270, l='ServerLevel[world]', x=-175.91, y=31.06, z=-233.33] is dead or in a banned dimension the_nether
[11Jun2026 01:13:12.984] [Server thread/DEBUG] [atomicstryker.dynamiclights.server.DynamicLights/]: Calling addLightSource on entity ServerPlayer['jinco98'/8270, l='ServerLevel[world]', x=-175.97, y=31.13, z=-233.34], dimensionLocationPath the_nether
[11Jun2026 01:13:12.984] [Server thread/DEBUG] [atomicstryker.dynamiclights.server.DynamicLights/]: Cannot add Dynamic Light: Attachment Entity ServerPlayer['jinco98'/8270, l='ServerLevel[world]', x=-175.97, y=31.13, z=-233.34] is dead or in a banned dimension the_nether
[11Jun2026 01:13:13.084] [Server thread/DEBUG] [atomicstryker.dynamiclights.server.DynamicLights/]: Calling addLightSource on entity ServerPlayer['jinco98'/8270, l='ServerLevel[world]', x=-176.02, y=31.21, z=-233.39], dimensionLocationPath the_nether
[11Jun2026 01:13:13.084] [Server thread/DEBUG] [atomicstryker.dynamiclights.server.DynamicLights/]: Cannot add Dynamic Light: Attachment Entity ServerPlayer['jinco98'/8270, l='ServerLevel[world]', x=-176.02, y=31.21, z=-233.39] is dead or in a banned dimension the_nether
[11Jun2026 01:13:13.182] [Server thread/DEBUG] [atomicstryker.dynamiclights.server.DynamicLights/]: Calling addLightSource on entity ServerPlayer['jinco98'/8270, l='ServerLevel[world]', x=-176.06, y=31.29, z=-233.45], dimensionLocationPath the_nether
[11Jun2026 01:13:13.182] [Server thread/DEBUG] [atomicstryker.dynamiclights.server.DynamicLights/]: Cannot add Dynamic Light: Attachment Entity ServerPlayer['jinco98'/8270, l='ServerLevel[world]', x=-176.06, y=31.29, z=-233.45] is dead or in a banned dimension the_nether
[11Jun2026 01:13:13.282] [Server thread/DEBUG] [atomicstryker.dynamiclights.server.DynamicLights/]: Calling addLightSource on entity ServerPlayer['jinco98'/8270, l='ServerLevel[world]', x=-176.05, y=31.31, z=-233.50], dimensionLocationPath the_nether
[11Jun2026 01:13:13.282] [Server thread/DEBUG] [atomicstryker.dynamiclights.server.DynamicLights/]: Cannot add Dynamic Light: Attachment Entity ServerPlayer['jinco98'/8270, l='ServerLevel[world]', x=-176.05, y=31.31, z=-233.50] is dead or in a banned dimension the_nether
[11Jun2026 01:13:13.382] [Server thread/DEBUG] [atomicstryker.dynamiclights.server.DynamicLights/]: Calling addLightSource on entity ServerPlayer['jinco98'/8270, l='ServerLevel[world]', x=-176.03, y=31.37, z=-233.56], dimensionLocationPath the_nether
[11Jun2026 01:13:13.382] [Server thread/DEBUG] [atomicstryker.dynamiclights.server.DynamicLights/]: Cannot add Dynamic Light: Attachment Entity ServerPlayer['jinco98'/8270, l='ServerLevel[world]', x=-176.03, y=31.37, z=-233.56] is dead or in a banned dimension the_nether
[11Jun2026 01:13:13.493] [Server thread/INFO] [net.minecraft.server.MinecraftServer/]: jinco98 tried to swim in lava to escape MayEL1207
[11Jun2026 01:13:27.142] [Server thread/DEBUG] [atomicstryker.dynamiclights.server.DynamicLights/]: Calling addLightSource on entity ServerPlayer['MayEL1207'/9468, l='ServerLevel[world]', x=-175.27, y=31.44, z=-233.30], dimensionLocationPath the_nether
[11Jun2026 01:13:27.142] [Server thread/DEBUG] [atomicstryker.dynamiclights.server.DynamicLights/]: Cannot add Dynamic Light: Attachment Entity ServerPlayer['MayEL1207'/9468, l='ServerLevel[world]', x=-175.27, y=31.44, z=-233.30] is dead or in a banned dimension the_nether
[11Jun2026 01:13:27.241] [Server thread/DEBUG] [atomicstryker.dynamiclights.server.DynamicLights/]: Calling addLightSource on entity ServerPlayer['MayEL1207'/9468, l='ServerLevel[world]', x=-175.37, y=31.00, z=-233.30], dimensionLocationPath the_nether
[11Jun2026 01:13:27.241] [Server thread/DEBUG] [atomicstryker.dynamiclights.server.DynamicLights/]: Cannot add Dynamic Light: Attachment Entity ServerPlayer['MayEL1207'/9468, l='ServerLevel[world]', x=-175.37, y=31.00, z=-233.30] is dead or in a banned dimension the_nether
[11Jun2026 01:13:27.341] [Server thread/DEBUG] [atomicstryker.dynamiclights.server.DynamicLights/]: Calling addLightSource on entity ServerPlayer['MayEL1207'/9468, l='ServerLevel[world]', x=-175.43, y=31.00, z=-233.30], dimensionLocationPath the_nether
[11Jun2026 01:13:27.341] [Server thread/DEBUG] [atomicstryker.dynamiclights.server.DynamicLights/]: Cannot add Dynamic Light: Attachment Entity ServerPlayer['MayEL1207'/9468, l='ServerLevel[world]', x=-175.43, y=31.00, z=-233.30] is dead or in a banned dimension the_nether
[11Jun2026 01:13:27.441] [Server thread/DEBUG] [atomicstryker.dynamiclights.server.DynamicLights/]: Calling addLightSource on entity ServerPlayer['MayEL1207'/9468, l='ServerLevel[world]', x=-175.43, y=31.00, z=-233.30], dimensionLocationPath the_nether
[11Jun2026 01:13:27.441] [Server thread/DEBUG] [atomicstryker.dynamiclights.server.DynamicLights/]: Cannot add Dynamic Light: Attachment Entity ServerPlayer['MayEL1207'/9468, l='ServerLevel[world]', x=-175.43, y=31.00, z=-233.30] is dead or in a banned dimension the_nether
[11Jun2026 01:13:27.541] [Server thread/DEBUG] [atomicstryker.dynamiclights.server.DynamicLights/]: Calling addLightSource on entity ServerPlayer['MayEL1207'/9468, l='ServerLevel[world]', x=-175.43, y=31.00, z=-233.30], dimensionLocationPath the_nether
[11Jun2026 01:13:27.541] [Server thread/DEBUG] [atomicstryker.dynamiclights.server.DynamicLights/]: Cannot add Dynamic Light: Attachment Entity ServerPlayer['MayEL1207'/9468, l='ServerLevel[world]', x=-175.43, y=31.00, z=-233.30] is dead or in a banned dimension the_nether
[11Jun2026 01:13:27.642] [Server thread/DEBUG] [atomicstryker.dynamiclights.server.DynamicLights/]: Calling addLightSource on entity ServerPlayer['MayEL1207'/9468, l='ServerLevel[world]', x=-175.43, y=31.00, z=-233.30], dimensionLocationPath the_nether
[11Jun2026 01:13:27.642] [Server thread/DEBUG] [atomicstryker.dynamiclights.server.DynamicLights/]: Cannot add Dynamic Light: Attachment Entity ServerPlayer['MayEL1207'/9468, l='ServerLevel[world]', x=-175.43, y=31.00, z=-233.30] is dead or in a banned dimension the_nether
[11Jun2026 01:13:27.743] [Server thread/DEBUG] [atomicstryker.dynamiclights.server.DynamicLights/]: Calling addLightSource on entity ServerPlayer['MayEL1207'/9468, l='ServerLevel[world]', x=-175.43, y=31.00, z=-233.30], dimensionLocationPath the_nether
[11Jun2026 01:13:27.743] [Server thread/DEBUG] [atomicstryker.dynamiclights.server.DynamicLights/]: Cannot add Dynamic Light: Attachment Entity ServerPlayer['MayEL1207'/9468, l='ServerLevel[world]', x=-175.43, y=31.00, z=-233.30] is dead or in a banned dimension the_nether
[11Jun2026 01:13:27.840] [Server thread/DEBUG] [atomicstryker.dynamiclights.server.DynamicLights/]: Calling addLightSource on entity ServerPlayer['MayEL1207'/9468, l='ServerLevel[world]', x=-175.43, y=31.00, z=-233.30], dimensionLocationPath the_nether
[11Jun2026 01:13:27.840] [Server thread/DEBUG] [atomicstryker.dynamiclights.server.DynamicLights/]: Cannot add Dynamic Light: Attachment Entity ServerPlayer['MayEL1207'/9468, l='ServerLevel[world]', x=-175.43, y=31.00, z=-233.30] is dead or in a banned dimension the_nether
[11Jun2026 01:13:27.943] [Server thread/DEBUG] [atomicstryker.dynamiclights.server.DynamicLights/]: Calling addLightSource on entity ServerPlayer['MayEL1207'/9468, l='ServerLevel[world]', x=-175.43, y=31.00, z=-233.30], dimensionLocationPath the_nether
[11Jun2026 01:13:27.943] [Server thread/DEBUG] [atomicstryker.dynamiclights.server.DynamicLights/]: Cannot add Dynamic Light: Attachment Entity ServerPlayer['MayEL1207'/9468, l='ServerLevel[world]', x=-175.43, y=31.00, z=-233.30] is dead or in a banned dimension the_nether
[11Jun2026 01:13:28.039] [Server thread/DEBUG] [atomicstryker.dynamiclights.server.DynamicLights/]: Calling addLightSource on entity ServerPlayer['MayEL1207'/9468, l='ServerLevel[world]', x=-175.43, y=31.00, z=-233.30], dimensionLocationPath the_nether
[11Jun2026 01:13:28.039] [Server thread/DEBUG] [atomicstryker.dynamiclights.server.DynamicLights/]: Cannot add Dynamic Light: Attachment Entity ServerPlayer['MayEL1207'/9468, l='ServerLevel[world]', x=-175.43, y=31.00, z=-233.30] is dead or in a banned dimension the_nether
[11Jun2026 01:13:28.139] [Server thread/DEBUG] [atomicstryker.dynamiclights.server.DynamicLights/]: Calling addLightSource on entity ServerPlayer['MayEL1207'/9468, l='ServerLevel[world]', x=-175.43, y=31.00, z=-233.30], dimensionLocationPath the_nether
[11Jun2026 01:13:28.139] [Server thread/DEBUG] [atomicstryker.dynamiclights.server.DynamicLights/]: Cannot add Dynamic Light: Attachment Entity ServerPlayer['MayEL1207'/9468, l='ServerLevel[world]', x=-175.43, y=31.00, z=-233.30] is dead or in a banned dimension the_nether
[11Jun2026 01:13:28.241] [Server thread/DEBUG] [atomicstryker.dynamiclights.server.DynamicLights/]: Calling addLightSource on entity ServerPlayer['MayEL1207'/9468, l='ServerLevel[world]', x=-175.43, y=31.00, z=-233.30], dimensionLocationPath the_nether
[11Jun2026 01:13:28.241] [Server thread/DEBUG] [atomicstryker.dynamiclights.server.DynamicLights/]: Cannot add Dynamic Light: Attachment Entity ServerPlayer['MayEL1207'/9468, l='ServerLevel[world]', x=-175.43, y=31.00, z=-233.30] is dead or in a banned dimension the_nether
[11Jun2026 01:13:28.346] [Server thread/DEBUG] [atomicstryker.dynamiclights.server.DynamicLights/]: Calling addLightSource on entity ServerPlayer['MayEL1207'/9468, l='ServerLevel[world]', x=-175.43, y=31.00, z=-233.30], dimensionLocationPath the_nether
[11Jun2026 01:13:28.346] [Server thread/DEBUG] [atomicstryker.dynamiclights.server.DynamicLights/]: Cannot add Dynamic Light: Attachment Entity ServerPlayer['MayEL1207'/9468, l='ServerLevel[world]', x=-175.43, y=31.00, z=-233.30] is dead or in a banned dimension the_nether
[11Jun2026 01:13:28.439] [Server thread/DEBUG] [atomicstryker.dynamiclights.server.DynamicLights/]: Calling addLightSource on entity ServerPlayer['MayEL1207'/9468, l='ServerLevel[world]', x=-175.43, y=31.00, z=-233.30], dimensionLocationPath the_nether
[11Jun2026 01:13:28.439] [Server thread/DEBUG] [atomicstryker.dynamiclights.server.DynamicLights/]: Cannot add Dynamic Light: Attachment Entity ServerPlayer['MayEL1207'/9468, l='ServerLevel[world]', x=-175.43, y=31.00, z=-233.30] is dead or in a banned dimension the_nether
[11Jun2026 01:13:28.540] [Server thread/DEBUG] [atomicstryker.dynamiclights.server.DynamicLights/]: Calling addLightSource on entity ServerPlayer['MayEL1207'/9468, l='ServerLevel[world]', x=-175.43, y=31.00, z=-233.30], dimensionLocationPath the_nether
[11Jun2026 01:13:28.540] [Server thread/DEBUG] [atomicstryker.dynamiclights.server.DynamicLights/]: Cannot add Dynamic Light: Attachment Entity ServerPlayer['MayEL1207'/9468, l='ServerLevel[world]', x=-175.43, y=31.00, z=-233.30] is dead or in a banned dimension the_nether
[11Jun2026 01:13:28.639] [Server thread/DEBUG] [atomicstryker.dynamiclights.server.DynamicLights/]: Calling addLightSource on entity ServerPlayer['MayEL1207'/9468, l='ServerLevel[world]', x=-175.43, y=31.00, z=-233.30], dimensionLocationPath the_nether
[11Jun2026 01:13:28.639] [Server thread/DEBUG] [atomicstryker.dynamiclights.server.DynamicLights/]: Cannot add Dynamic Light: Attachment Entity ServerPlayer['MayEL1207'/9468, l='ServerLevel[world]', x=-175.43, y=31.00, z=-233.30] is dead or in a banned dimension the_nether
[11Jun2026 01:13:28.738] [Server thread/DEBUG] [atomicstryker.dynamiclights.server.DynamicLights/]: Calling addLightSource on entity ServerPlayer['MayEL1207'/9468, l='ServerLevel[world]', x=-175.43, y=31.00, z=-233.30], dimensionLocationPath the_nether
[11Jun2026 01:13:28.738] [Server thread/DEBUG] [atomicstryker.dynamiclights.server.DynamicLights/]: Cannot add Dynamic Light: Attachment Entity ServerPlayer['MayEL1207'/9468, l='ServerLevel[world]', x=-175.43, y=31.00, z=-233.30] is dead or in a banned dimension the_nether
[11Jun2026 01:13:28.838] [Server thread/DEBUG] [atomicstryker.dynamiclights.server.DynamicLights/]: Calling addLightSource on entity ServerPlayer['MayEL1207'/9468, l='ServerLevel[world]', x=-175.43, y=31.00, z=-233.30], dimensionLocationPath the_nether
[11Jun2026 01:13:28.838] [Server thread/DEBUG] [atomicstryker.dynamiclights.server.DynamicLights/]: Cannot add Dynamic Light: Attachment Entity ServerPlayer['MayEL1207'/9468, l='ServerLevel[world]', x=-175.43, y=31.00, z=-233.30] is dead or in a banned dimension the_nether
[11Jun2026 01:13:28.938] [Server thread/DEBUG] [atomicstryker.dynamiclights.server.DynamicLights/]: Calling addLightSource on entity ServerPlayer['MayEL1207'/9468, l='ServerLevel[world]', x=-175.43, y=31.00, z=-233.30], dimensionLocationPath the_nether
[11Jun2026 01:13:28.938] [Server thread/DEBUG] [atomicstryker.dynamiclights.server.DynamicLights/]: Cannot add Dynamic Light: Attachment Entity ServerPlayer['MayEL1207'/9468, l='ServerLevel[world]', x=-175.43, y=31.00, z=-233.30] is dead or in a banned dimension the_nether
[11Jun2026 01:13:29.039] [Server thread/DEBUG] [atomicstryker.dynamiclights.server.DynamicLights/]: Calling addLightSource on entity ServerPlayer['MayEL1207'/9468, l='ServerLevel[world]', x=-175.63, y=31.00, z=-233.44], dimensionLocationPath the_nether
[11Jun2026 01:13:29.039] [Server thread/DEBUG] [atomicstryker.dynamiclights.server.DynamicLights/]: Cannot add Dynamic Light: Attachment Entity ServerPlayer['MayEL1207'/9468, l='ServerLevel[world]', x=-175.63, y=31.00, z=-233.44] is dead or in a banned dimension the_nether
[11Jun2026 01:13:29.092] [Server thread/INFO] [net.minecraft.server.MinecraftServer/]: MayEL1207 tried to swim in lava
[11Jun2026 01:14:04.934] [Server thread/INFO] [net.minecraft.server.MinecraftServer/]: MayEL1207 was slain by Piglin
[11Jun2026 01:14:17.436] [Server thread/INFO] [net.minecraft.server.MinecraftServer/]: jinco98 was slain by Piglin
[11Jun2026 01:14:33.585] [Server thread/INFO] [net.minecraft.server.MinecraftServer/]: MayEL1207 was slain by Piglin
[11Jun2026 01:14:41.137] [Server thread/INFO] [net.minecraft.server.MinecraftServer/]: jinco98 was slain by Piglin
[11Jun2026 01:14:51.786] [Server thread/INFO] [net.minecraft.server.MinecraftServer/]: MayEL1207 was slain by Piglin
[11Jun2026 01:15:09.236] [Server thread/INFO] [net.minecraft.server.MinecraftServer/]: MayEL1207 was slain by Piglin
[11Jun2026 01:15:28.773] [Server thread/INFO] [net.minecraft.server.MinecraftServer/]: jinco98 was doomed to fall by Piglin
[11Jun2026 01:16:43.593] [Server thread/INFO] [net.minecraft.server.MinecraftServer/]: jinco98 was shot by Skeleton
[11Jun2026 01:16:55.541] [Server thread/INFO] [net.minecraft.server.MinecraftServer/]: MayEL1207 was shot by Skeleton
[11Jun2026 01:17:26.732] [Server thread/DEBUG] [net.neoforged.neoforge.common.CommonHooks/WP]: Gathered mod list to write to world save world
[11Jun2026 01:19:11.388] [Server thread/INFO] [net.minecraft.server.MinecraftServer/]: jinco98 was shot by Skeleton
[11Jun2026 01:20:51.890] [Server thread/DEBUG] [atomicstryker.dynamiclights.server.DynamicLights/]: Calling addLightSource on entity ServerPlayer['MayEL1207'/9468, l='ServerLevel[world]', x=-180.79, y=67.36, z=-138.34], dimensionLocationPath the_nether
[11Jun2026 01:20:51.890] [Server thread/DEBUG] [atomicstryker.dynamiclights.server.DynamicLights/]: Cannot add Dynamic Light: Attachment Entity ServerPlayer['MayEL1207'/9468, l='ServerLevel[world]', x=-180.79, y=67.36, z=-138.34] is dead or in a banned dimension the_nether
[11Jun2026 01:20:51.987] [Server thread/DEBUG] [atomicstryker.dynamiclights.server.DynamicLights/]: Calling addLightSource on entity ServerPlayer['MayEL1207'/9468, l='ServerLevel[world]', x=-180.78, y=67.19, z=-139.19], dimensionLocationPath the_nether
[11Jun2026 01:20:51.987] [Server thread/DEBUG] [atomicstryker.dynamiclights.server.DynamicLights/]: Cannot add Dynamic Light: Attachment Entity ServerPlayer['MayEL1207'/9468, l='ServerLevel[world]', x=-180.78, y=67.19, z=-139.19] is dead or in a banned dimension the_nether
[11Jun2026 01:20:52.088] [Server thread/DEBUG] [atomicstryker.dynamiclights.server.DynamicLights/]: Calling addLightSource on entity ServerPlayer['MayEL1207'/9468, l='ServerLevel[world]', x=-180.76, y=67.03, z=-139.83], dimensionLocationPath the_nether
[11Jun2026 01:20:52.088] [Server thread/DEBUG] [atomicstryker.dynamiclights.server.DynamicLights/]: Cannot add Dynamic Light: Attachment Entity ServerPlayer['MayEL1207'/9468, l='ServerLevel[world]', x=-180.76, y=67.03, z=-139.83] is dead or in a banned dimension the_nether
[11Jun2026 01:20:52.188] [Server thread/DEBUG] [atomicstryker.dynamiclights.server.DynamicLights/]: Calling addLightSource on entity ServerPlayer['MayEL1207'/9468, l='ServerLevel[world]', x=-180.72, y=67.34, z=-139.73], dimensionLocationPath the_nether
[11Jun2026 01:20:52.188] [Server thread/DEBUG] [atomicstryker.dynamiclights.server.DynamicLights/]: Cannot add Dynamic Light: Attachment Entity ServerPlayer['MayEL1207'/9468, l='ServerLevel[world]', x=-180.72, y=67.34, z=-139.73] is dead or in a banned dimension the_nether
[11Jun2026 01:20:52.295] [Server thread/DEBUG] [atomicstryker.dynamiclights.server.DynamicLights/]: Calling addLightSource on entity ServerPlayer['MayEL1207'/9468, l='ServerLevel[world]', x=-180.69, y=67.33, z=-139.76], dimensionLocationPath the_nether
[11Jun2026 01:20:52.295] [Server thread/DEBUG] [atomicstryker.dynamiclights.server.DynamicLights/]: Cannot add Dynamic Light: Attachment Entity ServerPlayer['MayEL1207'/9468, l='ServerLevel[world]', x=-180.69, y=67.33, z=-139.76] is dead or in a banned dimension the_nether
[11Jun2026 01:20:52.403] [Server thread/DEBUG] [atomicstryker.dynamiclights.server.DynamicLights/]: Calling addLightSource on entity ServerPlayer['MayEL1207'/9468, l='ServerLevel[world]', x=-180.66, y=67.00, z=-139.89], dimensionLocationPath the_nether
[11Jun2026 01:20:52.403] [Server thread/DEBUG] [atomicstryker.dynamiclights.server.DynamicLights/]: Cannot add Dynamic Light: Attachment Entity ServerPlayer['MayEL1207'/9468, l='ServerLevel[world]', x=-180.66, y=67.00, z=-139.89] is dead or in a banned dimension the_nether
[11Jun2026 01:20:52.489] [Server thread/DEBUG] [atomicstryker.dynamiclights.server.DynamicLights/]: Calling addLightSource on entity ServerPlayer['MayEL1207'/9468, l='ServerLevel[world]', x=-180.61, y=67.00, z=-140.08], dimensionLocationPath the_nether
[11Jun2026 01:20:52.489] [Server thread/DEBUG] [atomicstryker.dynamiclights.server.DynamicLights/]: Cannot add Dynamic Light: Attachment Entity ServerPlayer['MayEL1207'/9468, l='ServerLevel[world]', x=-180.61, y=67.00, z=-140.08] is dead or in a banned dimension the_nether
[11Jun2026 01:20:52.588] [Server thread/DEBUG] [atomicstryker.dynamiclights.server.DynamicLights/]: Calling addLightSource on entity ServerPlayer['MayEL1207'/9468, l='ServerLevel[world]', x=-180.63, y=67.00, z=-140.55], dimensionLocationPath the_nether
[11Jun2026 01:20:52.588] [Server thread/DEBUG] [atomicstryker.dynamiclights.server.DynamicLights/]: Cannot add Dynamic Light: Attachment Entity ServerPlayer['MayEL1207'/9468, l='ServerLevel[world]', x=-180.63, y=67.00, z=-140.55] is dead or in a banned dimension the_nether
[11Jun2026 01:20:52.686] [Server thread/DEBUG] [atomicstryker.dynamiclights.server.DynamicLights/]: Calling addLightSource on entity ServerPlayer['MayEL1207'/9468, l='ServerLevel[world]', x=-180.52, y=67.00, z=-141.03], dimensionLocationPath the_nether
[11Jun2026 01:20:52.686] [Server thread/DEBUG] [atomicstryker.dynamiclights.server.DynamicLights/]: Cannot add Dynamic Light: Attachment Entity ServerPlayer['MayEL1207'/9468, l='ServerLevel[world]', x=-180.52, y=67.00, z=-141.03] is dead or in a banned dimension the_nether
[11Jun2026 01:20:52.788] [Server thread/DEBUG] [atomicstryker.dynamiclights.server.DynamicLights/]: Calling addLightSource on entity ServerPlayer['MayEL1207'/9468, l='ServerLevel[world]', x=-180.21, y=67.00, z=-141.47], dimensionLocationPath the_nether
[11Jun2026 01:20:52.788] [Server thread/DEBUG] [atomicstryker.dynamiclights.server.DynamicLights/]: Cannot add Dynamic Light: Attachment Entity ServerPlayer['MayEL1207'/9468, l='ServerLevel[world]', x=-180.21, y=67.00, z=-141.47] is dead or in a banned dimension the_nether
[11Jun2026 01:20:52.889] [Server thread/DEBUG] [atomicstryker.dynamiclights.server.DynamicLights/]: Calling addLightSource on entity ServerPlayer['MayEL1207'/9468, l='ServerLevel[world]', x=-179.92, y=67.00, z=-141.94], dimensionLocationPath the_nether
[11Jun2026 01:20:52.889] [Server thread/DEBUG] [atomicstryker.dynamiclights.server.DynamicLights/]: Cannot add Dynamic Light: Attachment Entity ServerPlayer['MayEL1207'/9468, l='ServerLevel[world]', x=-179.92, y=67.00, z=-141.94] is dead or in a banned dimension the_nether
[11Jun2026 01:20:52.989] [Server thread/DEBUG] [atomicstryker.dynamiclights.server.DynamicLights/]: Calling addLightSource on entity ServerPlayer['MayEL1207'/9468, l='ServerLevel[world]', x=-179.64, y=67.00, z=-142.44], dimensionLocationPath the_nether
[11Jun2026 01:20:52.989] [Server thread/DEBUG] [atomicstryker.dynamiclights.server.DynamicLights/]: Cannot add Dynamic Light: Attachment Entity ServerPlayer['MayEL1207'/9468, l='ServerLevel[world]', x=-179.64, y=67.00, z=-142.44] is dead or in a banned dimension the_nether
[11Jun2026 01:20:53.088] [Server thread/DEBUG] [atomicstryker.dynamiclights.server.DynamicLights/]: Calling addLightSource on entity ServerPlayer['MayEL1207'/9468, l='ServerLevel[world]', x=-179.33, y=67.00, z=-142.92], dimensionLocationPath the_nether
[11Jun2026 01:20:53.089] [Server thread/DEBUG] [atomicstryker.dynamiclights.server.DynamicLights/]: Cannot add Dynamic Light: Attachment Entity ServerPlayer['MayEL1207'/9468, l='ServerLevel[world]', x=-179.33, y=67.00, z=-142.92] is dead or in a banned dimension the_nether
[11Jun2026 01:20:53.197] [Server thread/DEBUG] [atomicstryker.dynamiclights.server.DynamicLights/]: Calling addLightSource on entity ServerPlayer['MayEL1207'/9468, l='ServerLevel[world]', x=-179.30, y=67.00, z=-143.15], dimensionLocationPath the_nether
[11Jun2026 01:20:53.197] [Server thread/DEBUG] [atomicstryker.dynamiclights.server.DynamicLights/]: Cannot add Dynamic Light: Attachment Entity ServerPlayer['MayEL1207'/9468, l='ServerLevel[world]', x=-179.30, y=67.00, z=-143.15] is dead or in a banned dimension the_nether
[11Jun2026 01:20:53.288] [Server thread/DEBUG] [atomicstryker.dynamiclights.server.DynamicLights/]: Calling addLightSource on entity ServerPlayer['MayEL1207'/9468, l='ServerLevel[world]', x=-179.30, y=67.00, z=-143.44], dimensionLocationPath the_nether
[11Jun2026 01:20:53.288] [Server thread/DEBUG] [atomicstryker.dynamiclights.server.DynamicLights/]: Cannot add Dynamic Light: Attachment Entity ServerPlayer['MayEL1207'/9468, l='ServerLevel[world]', x=-179.30, y=67.00, z=-143.44] is dead or in a banned dimension the_nether
[11Jun2026 01:20:53.388] [Server thread/DEBUG] [atomicstryker.dynamiclights.server.DynamicLights/]: Calling addLightSource on entity ServerPlayer['MayEL1207'/9468, l='ServerLevel[world]', x=-179.30, y=67.00, z=-143.78], dimensionLocationPath the_nether
[11Jun2026 01:20:53.388] [Server thread/DEBUG] [atomicstryker.dynamiclights.server.DynamicLights/]: Cannot add Dynamic Light: Attachment Entity ServerPlayer['MayEL1207'/9468, l='ServerLevel[world]', x=-179.30, y=67.00, z=-143.78] is dead or in a banned dimension the_nether
[11Jun2026 01:20:53.489] [Server thread/DEBUG] [atomicstryker.dynamiclights.server.DynamicLights/]: Calling addLightSource on entity ServerPlayer['MayEL1207'/9468, l='ServerLevel[world]', x=-179.31, y=67.00, z=-144.25], dimensionLocationPath the_nether
[11Jun2026 01:20:53.489] [Server thread/DEBUG] [atomicstryker.dynamiclights.server.DynamicLights/]: Cannot add Dynamic Light: Attachment Entity ServerPlayer['MayEL1207'/9468, l='ServerLevel[world]', x=-179.31, y=67.00, z=-144.25] is dead or in a banned dimension the_nether
[11Jun2026 01:20:53.599] [Server thread/DEBUG] [atomicstryker.dynamiclights.server.DynamicLights/]: Calling addLightSource on entity ServerPlayer['MayEL1207'/9468, l='ServerLevel[world]', x=-179.30, y=67.00, z=-144.67], dimensionLocationPath the_nether
[11Jun2026 01:20:53.599] [Server thread/DEBUG] [atomicstryker.dynamiclights.server.DynamicLights/]: Cannot add Dynamic Light: Attachment Entity ServerPlayer['MayEL1207'/9468, l='ServerLevel[world]', x=-179.30, y=67.00, z=-144.67] is dead or in a banned dimension the_nether
[11Jun2026 01:20:53.688] [Server thread/DEBUG] [atomicstryker.dynamiclights.server.DynamicLights/]: Calling addLightSource on entity ServerPlayer['MayEL1207'/9468, l='ServerLevel[world]', x=-179.30, y=67.00, z=-145.00], dimensionLocationPath the_nether
[11Jun2026 01:20:53.688] [Server thread/DEBUG] [atomicstryker.dynamiclights.server.DynamicLights/]: Cannot add Dynamic Light: Attachment Entity ServerPlayer['MayEL1207'/9468, l='ServerLevel[world]', x=-179.30, y=67.00, z=-145.00] is dead or in a banned dimension the_nether
[11Jun2026 01:20:53.786] [Server thread/DEBUG] [atomicstryker.dynamiclights.server.DynamicLights/]: Calling addLightSource on entity ServerPlayer['MayEL1207'/9468, l='ServerLevel[world]', x=-179.30, y=67.00, z=-145.30], dimensionLocationPath the_nether
[11Jun2026 01:20:53.786] [Server thread/DEBUG] [atomicstryker.dynamiclights.server.DynamicLights/]: Cannot add Dynamic Light: Attachment Entity ServerPlayer['MayEL1207'/9468, l='ServerLevel[world]', x=-179.30, y=67.00, z=-145.30] is dead or in a banned dimension the_nether
[11Jun2026 01:20:53.887] [Server thread/DEBUG] [atomicstryker.dynamiclights.server.DynamicLights/]: Calling addLightSource on entity ServerPlayer['MayEL1207'/9468, l='ServerLevel[world]', x=-179.30, y=67.00, z=-145.62], dimensionLocationPath the_nether
[11Jun2026 01:20:53.887] [Server thread/DEBUG] [atomicstryker.dynamiclights.server.DynamicLights/]: Cannot add Dynamic Light: Attachment Entity ServerPlayer['MayEL1207'/9468, l='ServerLevel[world]', x=-179.30, y=67.00, z=-145.62] is dead or in a banned dimension the_nether
[11Jun2026 01:20:53.986] [Server thread/DEBUG] [atomicstryker.dynamiclights.server.DynamicLights/]: Calling addLightSource on entity ServerPlayer['MayEL1207'/9468, l='ServerLevel[world]', x=-179.30, y=67.00, z=-146.10], dimensionLocationPath the_nether
[11Jun2026 01:20:53.986] [Server thread/DEBUG] [atomicstryker.dynamiclights.server.DynamicLights/]: Cannot add Dynamic Light: Attachment Entity ServerPlayer['MayEL1207'/9468, l='ServerLevel[world]', x=-179.30, y=67.00, z=-146.10] is dead or in a banned dimension the_nether
[11Jun2026 01:20:54.088] [Server thread/DEBUG] [atomicstryker.dynamiclights.server.DynamicLights/]: Calling addLightSource on entity ServerPlayer['MayEL1207'/9468, l='ServerLevel[world]', x=-179.30, y=67.00, z=-146.63], dimensionLocationPath the_nether
[11Jun2026 01:20:54.088] [Server thread/DEBUG] [atomicstryker.dynamiclights.server.DynamicLights/]: Cannot add Dynamic Light: Attachment Entity ServerPlayer['MayEL1207'/9468, l='ServerLevel[world]', x=-179.30, y=67.00, z=-146.63] is dead or in a banned dimension the_nether
[11Jun2026 01:20:54.197] [Server thread/DEBUG] [atomicstryker.dynamiclights.server.DynamicLights/]: Calling addLightSource on entity ServerPlayer['MayEL1207'/9468, l='ServerLevel[world]', x=-179.30, y=67.00, z=-146.96], dimensionLocationPath the_nether
[11Jun2026 01:20:54.197] [Server thread/DEBUG] [atomicstryker.dynamiclights.server.DynamicLights/]: Cannot add Dynamic Light: Attachment Entity ServerPlayer['MayEL1207'/9468, l='ServerLevel[world]', x=-179.30, y=67.00, z=-146.96] is dead or in a banned dimension the_nether
[11Jun2026 01:20:54.292] [Server thread/DEBUG] [atomicstryker.dynamiclights.server.DynamicLights/]: Calling addLightSource on entity ServerPlayer['MayEL1207'/9468, l='ServerLevel[world]', x=-179.31, y=67.00, z=-147.45], dimensionLocationPath the_nether
[11Jun2026 01:20:54.292] [Server thread/DEBUG] [atomicstryker.dynamiclights.server.DynamicLights/]: Cannot add Dynamic Light: Attachment Entity ServerPlayer['MayEL1207'/9468, l='ServerLevel[world]', x=-179.31, y=67.00, z=-147.45] is dead or in a banned dimension the_nether
[11Jun2026 01:20:54.387] [Server thread/DEBUG] [atomicstryker.dynamiclights.server.DynamicLights/]: Calling addLightSource on entity ServerPlayer['MayEL1207'/9468, l='ServerLevel[world]', x=-179.32, y=67.00, z=-147.99], dimensionLocationPath the_nether
[11Jun2026 01:20:54.387] [Server thread/DEBUG] [atomicstryker.dynamiclights.server.DynamicLights/]: Cannot add Dynamic Light: Attachment Entity ServerPlayer['MayEL1207'/9468, l='ServerLevel[world]', x=-179.32, y=67.00, z=-147.99] is dead or in a banned dimension the_nether
[11Jun2026 01:20:54.486] [Server thread/DEBUG] [atomicstryker.dynamiclights.server.DynamicLights/]: Calling addLightSource on entity ServerPlayer['MayEL1207'/9468, l='ServerLevel[world]', x=-179.36, y=67.00, z=-148.54], dimensionLocationPath the_nether
[11Jun2026 01:20:54.487] [Server thread/DEBUG] [atomicstryker.dynamiclights.server.DynamicLights/]: Cannot add Dynamic Light: Attachment Entity ServerPlayer['MayEL1207'/9468, l='ServerLevel[world]', x=-179.36, y=67.00, z=-148.54] is dead or in a banned dimension the_nether
[11Jun2026 01:20:54.587] [Server thread/DEBUG] [atomicstryker.dynamiclights.server.DynamicLights/]: Calling addLightSource on entity ServerPlayer['MayEL1207'/9468, l='ServerLevel[world]', x=-179.40, y=67.00, z=-149.10], dimensionLocationPath the_nether
[11Jun2026 01:20:54.587] [Server thread/DEBUG] [atomicstryker.dynamiclights.server.DynamicLights/]: Cannot add Dynamic Light: Attachment Entity ServerPlayer['MayEL1207'/9468, l='ServerLevel[world]', x=-179.40, y=67.00, z=-149.10] is dead or in a banned dimension the_nether
[11Jun2026 01:20:54.688] [Server thread/DEBUG] [atomicstryker.dynamiclights.server.DynamicLights/]: Calling addLightSource on entity ServerPlayer['MayEL1207'/9468, l='ServerLevel[world]', x=-179.45, y=67.00, z=-149.66], dimensionLocationPath the_nether
[11Jun2026 01:20:54.688] [Server thread/DEBUG] [atomicstryker.dynamiclights.server.DynamicLights/]: Cannot add Dynamic Light: Attachment Entity ServerPlayer['MayEL1207'/9468, l='ServerLevel[world]', x=-179.45, y=67.00, z=-149.66] is dead or in a banned dimension the_nether
[11Jun2026 01:20:54.787] [Server thread/DEBUG] [atomicstryker.dynamiclights.server.DynamicLights/]: Calling addLightSource on entity ServerPlayer['MayEL1207'/9468, l='ServerLevel[world]', x=-179.49, y=67.00, z=-150.22], dimensionLocationPath the_nether
[11Jun2026 01:20:54.788] [Server thread/DEBUG] [atomicstryker.dynamiclights.server.DynamicLights/]: Cannot add Dynamic Light: Attachment Entity ServerPlayer['MayEL1207'/9468, l='ServerLevel[world]', x=-179.49, y=67.00, z=-150.22] is dead or in a banned dimension the_nether
[11Jun2026 01:20:54.893] [Server thread/DEBUG] [atomicstryker.dynamiclights.server.DynamicLights/]: Calling addLightSource on entity ServerPlayer['MayEL1207'/9468, l='ServerLevel[world]', x=-179.54, y=67.00, z=-150.78], dimensionLocationPath the_nether
[11Jun2026 01:20:54.893] [Server thread/DEBUG] [atomicstryker.dynamiclights.server.DynamicLights/]: Cannot add Dynamic Light: Attachment Entity ServerPlayer['MayEL1207'/9468, l='ServerLevel[world]', x=-179.54, y=67.00, z=-150.78] is dead or in a banned dimension the_nether
[11Jun2026 01:20:54.987] [Server thread/DEBUG] [atomicstryker.dynamiclights.server.DynamicLights/]: Calling addLightSource on entity ServerPlayer['MayEL1207'/9468, l='ServerLevel[world]', x=-179.59, y=67.00, z=-151.34], dimensionLocationPath the_nether
[11Jun2026 01:20:54.987] [Server thread/DEBUG] [atomicstryker.dynamiclights.server.DynamicLights/]: Cannot add Dynamic Light: Attachment Entity ServerPlayer['MayEL1207'/9468, l='ServerLevel[world]', x=-179.59, y=67.00, z=-151.34] is dead or in a banned dimension the_nether
[11Jun2026 01:20:55.088] [Server thread/DEBUG] [atomicstryker.dynamiclights.server.DynamicLights/]: Calling addLightSource on entity ServerPlayer['MayEL1207'/9468, l='ServerLevel[world]', x=-179.64, y=67.00, z=-151.90], dimensionLocationPath the_nether
[11Jun2026 01:20:55.088] [Server thread/DEBUG] [atomicstryker.dynamiclights.server.DynamicLights/]: Cannot add Dynamic Light: Attachment Entity ServerPlayer['MayEL1207'/9468, l='ServerLevel[world]', x=-179.64, y=67.00, z=-151.90] is dead or in a banned dimension the_nether
[11Jun2026 01:20:55.189] [Server thread/DEBUG] [atomicstryker.dynamiclights.server.DynamicLights/]: Calling addLightSource on entity ServerPlayer['MayEL1207'/9468, l='ServerLevel[world]', x=-179.68, y=67.00, z=-152.22], dimensionLocationPath the_nether
[11Jun2026 01:20:55.189] [Server thread/DEBUG] [atomicstryker.dynamiclights.server.DynamicLights/]: Cannot add Dynamic Light: Attachment Entity ServerPlayer['MayEL1207'/9468, l='ServerLevel[world]', x=-179.68, y=67.00, z=-152.22] is dead or in a banned dimension the_nether
[11Jun2026 01:20:55.291] [Server thread/DEBUG] [atomicstryker.dynamiclights.server.DynamicLights/]: Calling addLightSource on entity ServerPlayer['MayEL1207'/9468, l='ServerLevel[world]', x=-179.73, y=67.00, z=-152.70], dimensionLocationPath the_nether
[11Jun2026 01:20:55.291] [Server thread/DEBUG] [atomicstryker.dynamiclights.server.DynamicLights/]: Cannot add Dynamic Light: Attachment Entity ServerPlayer['MayEL1207'/9468, l='ServerLevel[world]', x=-179.73, y=67.00, z=-152.70] is dead or in a banned dimension the_nether
[11Jun2026 01:20:55.388] [Server thread/DEBUG] [atomicstryker.dynamiclights.server.DynamicLights/]: Calling addLightSource on entity ServerPlayer['MayEL1207'/9468, l='ServerLevel[world]', x=-179.80, y=67.00, z=-153.24], dimensionLocationPath the_nether
[11Jun2026 01:20:55.388] [Server thread/DEBUG] [atomicstryker.dynamiclights.server.DynamicLights/]: Cannot add Dynamic Light: Attachment Entity ServerPlayer['MayEL1207'/9468, l='ServerLevel[world]', x=-179.80, y=67.00, z=-153.24] is dead or in a banned dimension the_nether
[11Jun2026 01:20:55.489] [Server thread/DEBUG] [atomicstryker.dynamiclights.server.DynamicLights/]: Calling addLightSource on entity ServerPlayer['MayEL1207'/9468, l='ServerLevel[world]', x=-179.88, y=67.00, z=-153.79], dimensionLocationPath the_nether
[11Jun2026 01:20:55.489] [Server thread/DEBUG] [atomicstryker.dynamiclights.server.DynamicLights/]: Cannot add Dynamic Light: Attachment Entity ServerPlayer['MayEL1207'/9468, l='ServerLevel[world]', x=-179.88, y=67.00, z=-153.79] is dead or in a banned dimension the_nether
[11Jun2026 01:20:55.591] [Server thread/DEBUG] [atomicstryker.dynamiclights.server.DynamicLights/]: Calling addLightSource on entity ServerPlayer['MayEL1207'/9468, l='ServerLevel[world]', x=-179.96, y=67.00, z=-154.34], dimensionLocationPath the_nether
[11Jun2026 01:20:55.591] [Server thread/DEBUG] [atomicstryker.dynamiclights.server.DynamicLights/]: Cannot add Dynamic Light: Attachment Entity ServerPlayer['MayEL1207'/9468, l='ServerLevel[world]', x=-179.96, y=67.00, z=-154.34] is dead or in a banned dimension the_nether
[11Jun2026 01:20:55.688] [Server thread/DEBUG] [atomicstryker.dynamiclights.server.DynamicLights/]: Calling addLightSource on entity ServerPlayer['MayEL1207'/9468, l='ServerLevel[world]', x=-179.95, y=67.00, z=-154.88], dimensionLocationPath the_nether
[11Jun2026 01:20:55.688] [Server thread/DEBUG] [atomicstryker.dynamiclights.server.DynamicLights/]: Cannot add Dynamic Light: Attachment Entity ServerPlayer['MayEL1207'/9468, l='ServerLevel[world]', x=-179.95, y=67.00, z=-154.88] is dead or in a banned dimension the_nether
[11Jun2026 01:20:55.788] [Server thread/DEBUG] [atomicstryker.dynamiclights.server.DynamicLights/]: Calling addLightSource on entity ServerPlayer['MayEL1207'/9468, l='ServerLevel[world]', x=-179.71, y=67.00, z=-155.36], dimensionLocationPath the_nether
[11Jun2026 01:20:55.788] [Server thread/DEBUG] [atomicstryker.dynamiclights.server.DynamicLights/]: Cannot add Dynamic Light: Attachment Entity ServerPlayer['MayEL1207'/9468, l='ServerLevel[world]', x=-179.71, y=67.00, z=-155.36] is dead or in a banned dimension the_nether
[11Jun2026 01:20:55.887] [Server thread/DEBUG] [atomicstryker.dynamiclights.server.DynamicLights/]: Calling addLightSource on entity ServerPlayer['MayEL1207'/9468, l='ServerLevel[world]', x=-179.40, y=67.00, z=-155.83], dimensionLocationPath the_nether
[11Jun2026 01:20:55.887] [Server thread/DEBUG] [atomicstryker.dynamiclights.server.DynamicLights/]: Cannot add Dynamic Light: Attachment Entity ServerPlayer['MayEL1207'/9468, l='ServerLevel[world]', x=-179.40, y=67.00, z=-155.83] is dead or in a banned dimension the_nether
[11Jun2026 01:20:55.988] [Server thread/DEBUG] [atomicstryker.dynamiclights.server.DynamicLights/]: Calling addLightSource on entity ServerPlayer['MayEL1207'/9468, l='ServerLevel[world]', x=-179.30, y=67.00, z=-156.28], dimensionLocationPath the_nether
[11Jun2026 01:20:55.988] [Server thread/DEBUG] [atomicstryker.dynamiclights.server.DynamicLights/]: Cannot add Dynamic Light: Attachment Entity ServerPlayer['MayEL1207'/9468, l='ServerLevel[world]', x=-179.30, y=67.00, z=-156.28] is dead or in a banned dimension the_nether
[11Jun2026 01:20:56.086] [Server thread/DEBUG] [atomicstryker.dynamiclights.server.DynamicLights/]: Calling addLightSource on entity ServerPlayer['MayEL1207'/9468, l='ServerLevel[world]', x=-179.30, y=67.00, z=-156.67], dimensionLocationPath the_nether
[11Jun2026 01:20:56.086] [Server thread/DEBUG] [atomicstryker.dynamiclights.server.DynamicLights/]: Cannot add Dynamic Light: Attachment Entity ServerPlayer['MayEL1207'/9468, l='ServerLevel[world]', x=-179.30, y=67.00, z=-156.67] is dead or in a banned dimension the_nether
[11Jun2026 01:20:56.188] [Server thread/DEBUG] [atomicstryker.dynamiclights.server.DynamicLights/]: Calling addLightSource on entity ServerPlayer['MayEL1207'/9468, l='ServerLevel[world]', x=-179.32, y=67.00, z=-156.90], dimensionLocationPath the_nether
[11Jun2026 01:20:56.188] [Server thread/DEBUG] [atomicstryker.dynamiclights.server.DynamicLights/]: Cannot add Dynamic Light: Attachment Entity ServerPlayer['MayEL1207'/9468, l='ServerLevel[world]', x=-179.32, y=67.00, z=-156.90] is dead or in a banned dimension the_nether
[11Jun2026 01:20:56.296] [Server thread/DEBUG] [atomicstryker.dynamiclights.server.DynamicLights/]: Calling addLightSource on entity ServerPlayer['MayEL1207'/9468, l='ServerLevel[world]', x=-179.40, y=67.00, z=-157.26], dimensionLocationPath the_nether
[11Jun2026 01:20:56.296] [Server thread/DEBUG] [atomicstryker.dynamiclights.server.DynamicLights/]: Cannot add Dynamic Light: Attachment Entity ServerPlayer['MayEL1207'/9468, l='ServerLevel[world]', x=-179.40, y=67.00, z=-157.26] is dead or in a banned dimension the_nether
[11Jun2026 01:20:56.388] [Server thread/DEBUG] [atomicstryker.dynamiclights.server.DynamicLights/]: Calling addLightSource on entity ServerPlayer['MayEL1207'/9468, l='ServerLevel[world]', x=-179.51, y=67.00, z=-157.66], dimensionLocationPath the_nether
[11Jun2026 01:20:56.388] [Server thread/DEBUG] [atomicstryker.dynamiclights.server.DynamicLights/]: Cannot add Dynamic Light: Attachment Entity ServerPlayer['MayEL1207'/9468, l='ServerLevel[world]', x=-179.51, y=67.00, z=-157.66] is dead or in a banned dimension the_nether
[11Jun2026 01:20:56.488] [Server thread/DEBUG] [atomicstryker.dynamiclights.server.DynamicLights/]: Calling addLightSource on entity ServerPlayer['MayEL1207'/9468, l='ServerLevel[world]', x=-179.64, y=67.00, z=-157.70], dimensionLocationPath the_nether
[11Jun2026 01:20:56.488] [Server thread/DEBUG] [atomicstryker.dynamiclights.server.DynamicLights/]: Cannot add Dynamic Light: Attachment Entity ServerPlayer['MayEL1207'/9468, l='ServerLevel[world]', x=-179.64, y=67.00, z=-157.70] is dead or in a banned dimension the_nether
[11Jun2026 01:20:56.587] [Server thread/DEBUG] [atomicstryker.dynamiclights.server.DynamicLights/]: Calling addLightSource on entity ServerPlayer['MayEL1207'/9468, l='ServerLevel[world]', x=-179.70, y=67.00, z=-157.70], dimensionLocationPath the_nether
[11Jun2026 01:20:56.587] [Server thread/DEBUG] [atomicstryker.dynamiclights.server.DynamicLights/]: Cannot add Dynamic Light: Attachment Entity ServerPlayer['MayEL1207'/9468, l='ServerLevel[world]', x=-179.70, y=67.00, z=-157.70] is dead or in a banned dimension the_nether
[11Jun2026 01:20:56.688] [Server thread/DEBUG] [atomicstryker.dynamiclights.server.DynamicLights/]: Calling addLightSource on entity ServerPlayer['MayEL1207'/9468, l='ServerLevel[world]', x=-179.64, y=67.84, z=-157.70], dimensionLocationPath the_nether
[11Jun2026 01:20:56.689] [Server thread/DEBUG] [atomicstryker.dynamiclights.server.DynamicLights/]: Cannot add Dynamic Light: Attachment Entity ServerPlayer['MayEL1207'/9468, l='ServerLevel[world]', x=-179.64, y=67.84, z=-157.70] is dead or in a banned dimension the_nether
[11Jun2026 01:20:56.791] [Server thread/DEBUG] [atomicstryker.dynamiclights.server.DynamicLights/]: Calling addLightSource on entity ServerPlayer['MayEL1207'/9468, l='ServerLevel[world]', x=-179.65, y=68.20, z=-157.72], dimensionLocationPath the_nether
[11Jun2026 01:20:56.791] [Server thread/DEBUG] [atomicstryker.dynamiclights.server.DynamicLights/]: Cannot add Dynamic Light: Attachment Entity ServerPlayer['MayEL1207'/9468, l='ServerLevel[world]', x=-179.65, y=68.20, z=-157.72] is dead or in a banned dimension the_nether
[11Jun2026 01:21:17.289] [Server thread/INFO] [net.minecraft.server.MinecraftServer/]: jinco98 was slain by Wither Skeleton
[11Jun2026 01:21:38.993] [Server thread/INFO] [net.minecraft.server.MinecraftServer/]: MayEL1207 was slain by Wither Skeleton
[11Jun2026 01:22:26.725] [Server thread/DEBUG] [net.neoforged.neoforge.common.CommonHooks/WP]: Gathered mod list to write to world save world
[11Jun2026 01:23:19.346] [Server thread/INFO] [net.minecraft.server.MinecraftServer/]: MayEL1207 was slain by Magma Cube
[11Jun2026 01:23:52.593] [Server thread/INFO] [net.minecraft.server.MinecraftServer/]: jinco98 was slain by Magma Cube
[11Jun2026 01:25:49.195] [Server thread/INFO] [net.minecraft.server.MinecraftServer/]: MayEL1207 was slain by Wither Skeleton
[11Jun2026 01:27:26.730] [Server thread/DEBUG] [net.neoforged.neoforge.common.CommonHooks/WP]: Gathered mod list to write to world save world
[11Jun2026 01:27:49.791] [Server thread/DEBUG] [atomicstryker.dynamiclights.server.DynamicLights/]: Calling addLightSource on entity ServerPlayer['MayEL1207'/9468, l='ServerLevel[world]', x=-89.69, y=30.17, z=-100.70], dimensionLocationPath the_nether
[11Jun2026 01:27:49.792] [Server thread/DEBUG] [atomicstryker.dynamiclights.server.DynamicLights/]: Cannot add Dynamic Light: Attachment Entity ServerPlayer['MayEL1207'/9468, l='ServerLevel[world]', x=-89.69, y=30.17, z=-100.70] is dead or in a banned dimension the_nether
[11Jun2026 01:27:49.890] [Server thread/DEBUG] [atomicstryker.dynamiclights.server.DynamicLights/]: Calling addLightSource on entity ServerPlayer['MayEL1207'/9468, l='ServerLevel[world]', x=-89.74, y=27.11, z=-100.70], dimensionLocationPath the_nether
[11Jun2026 01:27:49.891] [Server thread/DEBUG] [atomicstryker.dynamiclights.server.DynamicLights/]: Cannot add Dynamic Light: Attachment Entity ServerPlayer['MayEL1207'/9468, l='ServerLevel[world]', x=-89.74, y=27.11, z=-100.70] is dead or in a banned dimension the_nether
[11Jun2026 01:27:49.989] [Server thread/DEBUG] [atomicstryker.dynamiclights.server.DynamicLights/]: Calling addLightSource on entity ServerPlayer['MayEL1207'/9468, l='ServerLevel[world]', x=-89.75, y=26.29, z=-100.70], dimensionLocationPath the_nether
[11Jun2026 01:27:49.989] [Server thread/DEBUG] [atomicstryker.dynamiclights.server.DynamicLights/]: Cannot add Dynamic Light: Attachment Entity ServerPlayer['MayEL1207'/9468, l='ServerLevel[world]', x=-89.75, y=26.29, z=-100.70] is dead or in a banned dimension the_nether
[11Jun2026 01:27:50.093] [Server thread/DEBUG] [atomicstryker.dynamiclights.server.DynamicLights/]: Calling addLightSource on entity ServerPlayer['MayEL1207'/9468, l='ServerLevel[world]', x=-89.75, y=23.41, z=-100.70], dimensionLocationPath the_nether
[11Jun2026 01:27:50.093] [Server thread/DEBUG] [atomicstryker.dynamiclights.server.DynamicLights/]: Cannot add Dynamic Light: Attachment Entity ServerPlayer['MayEL1207'/9468, l='ServerLevel[world]', x=-89.75, y=23.41, z=-100.70] is dead or in a banned dimension the_nether
[11Jun2026 01:27:50.191] [Server thread/DEBUG] [atomicstryker.dynamiclights.server.DynamicLights/]: Calling addLightSource on entity ServerPlayer['MayEL1207'/9468, l='ServerLevel[world]', x=-89.75, y=22.64, z=-100.70], dimensionLocationPath the_nether
[11Jun2026 01:27:50.191] [Server thread/DEBUG] [atomicstryker.dynamiclights.server.DynamicLights/]: Cannot add Dynamic Light: Attachment Entity ServerPlayer['MayEL1207'/9468, l='ServerLevel[world]', x=-89.75, y=22.64, z=-100.70] is dead or in a banned dimension the_nether
[11Jun2026 01:27:50.292] [Server thread/DEBUG] [atomicstryker.dynamiclights.server.DynamicLights/]: Calling addLightSource on entity ServerPlayer['MayEL1207'/9468, l='ServerLevel[world]', x=-89.75, y=22.38, z=-100.70], dimensionLocationPath the_nether
[11Jun2026 01:27:50.292] [Server thread/DEBUG] [atomicstryker.dynamiclights.server.DynamicLights/]: Cannot add Dynamic Light: Attachment Entity ServerPlayer['MayEL1207'/9468, l='ServerLevel[world]', x=-89.75, y=22.38, z=-100.70] is dead or in a banned dimension the_nether
[11Jun2026 01:27:50.395] [Server thread/DEBUG] [atomicstryker.dynamiclights.server.DynamicLights/]: Calling addLightSource on entity ServerPlayer['MayEL1207'/9468, l='ServerLevel[world]', x=-89.75, y=22.26, z=-100.70], dimensionLocationPath the_nether
[11Jun2026 01:27:50.395] [Server thread/DEBUG] [atomicstryker.dynamiclights.server.DynamicLights/]: Cannot add Dynamic Light: Attachment Entity ServerPlayer['MayEL1207'/9468, l='ServerLevel[world]', x=-89.75, y=22.26, z=-100.70] is dead or in a banned dimension the_nether
[11Jun2026 01:27:50.492] [Server thread/DEBUG] [atomicstryker.dynamiclights.server.DynamicLights/]: Calling addLightSource on entity ServerPlayer['MayEL1207'/9468, l='ServerLevel[world]', x=-89.75, y=22.17, z=-100.70], dimensionLocationPath the_nether
[11Jun2026 01:27:50.492] [Server thread/DEBUG] [atomicstryker.dynamiclights.server.DynamicLights/]: Cannot add Dynamic Light: Attachment Entity ServerPlayer['MayEL1207'/9468, l='ServerLevel[world]', x=-89.75, y=22.17, z=-100.70] is dead or in a banned dimension the_nether
[11Jun2026 01:27:50.590] [Server thread/DEBUG] [atomicstryker.dynamiclights.server.DynamicLights/]: Calling addLightSource on entity ServerPlayer['MayEL1207'/9468, l='ServerLevel[world]', x=-89.75, y=22.08, z=-100.70], dimensionLocationPath the_nether
[11Jun2026 01:27:50.591] [Server thread/DEBUG] [atomicstryker.dynamiclights.server.DynamicLights/]: Cannot add Dynamic Light: Attachment Entity ServerPlayer['MayEL1207'/9468, l='ServerLevel[world]', x=-89.75, y=22.08, z=-100.70] is dead or in a banned dimension the_nether
[11Jun2026 01:27:50.694] [Server thread/DEBUG] [atomicstryker.dynamiclights.server.DynamicLights/]: Calling addLightSource on entity ServerPlayer['MayEL1207'/9468, l='ServerLevel[world]', x=-89.75, y=22.00, z=-100.70], dimensionLocationPath the_nether
[11Jun2026 01:27:50.694] [Server thread/DEBUG] [atomicstryker.dynamiclights.server.DynamicLights/]: Cannot add Dynamic Light: Attachment Entity ServerPlayer['MayEL1207'/9468, l='ServerLevel[world]', x=-89.75, y=22.00, z=-100.70] is dead or in a banned dimension the_nether
[11Jun2026 01:27:50.793] [Server thread/DEBUG] [atomicstryker.dynamiclights.server.DynamicLights/]: Calling addLightSource on entity ServerPlayer['MayEL1207'/9468, l='ServerLevel[world]', x=-89.75, y=22.00, z=-100.70], dimensionLocationPath the_nether
[11Jun2026 01:27:50.793] [Server thread/DEBUG] [atomicstryker.dynamiclights.server.DynamicLights/]: Cannot add Dynamic Light: Attachment Entity ServerPlayer['MayEL1207'/9468, l='ServerLevel[world]', x=-89.75, y=22.00, z=-100.70] is dead or in a banned dimension the_nether
[11Jun2026 01:27:50.892] [Server thread/DEBUG] [atomicstryker.dynamiclights.server.DynamicLights/]: Calling addLightSource on entity ServerPlayer['MayEL1207'/9468, l='ServerLevel[world]', x=-89.75, y=22.00, z=-100.70], dimensionLocationPath the_nether
[11Jun2026 01:27:50.892] [Server thread/DEBUG] [atomicstryker.dynamiclights.server.DynamicLights/]: Cannot add Dynamic Light: Attachment Entity ServerPlayer['MayEL1207'/9468, l='ServerLevel[world]', x=-89.75, y=22.00, z=-100.70] is dead or in a banned dimension the_nether
[11Jun2026 01:27:50.992] [Server thread/DEBUG] [atomicstryker.dynamiclights.server.DynamicLights/]: Calling addLightSource on entity ServerPlayer['MayEL1207'/9468, l='ServerLevel[world]', x=-89.75, y=22.00, z=-100.70], dimensionLocationPath the_nether
[11Jun2026 01:27:50.992] [Server thread/DEBUG] [atomicstryker.dynamiclights.server.DynamicLights/]: Cannot add Dynamic Light: Attachment Entity ServerPlayer['MayEL1207'/9468, l='ServerLevel[world]', x=-89.75, y=22.00, z=-100.70] is dead or in a banned dimension the_nether
[11Jun2026 01:27:51.098] [Server thread/DEBUG] [atomicstryker.dynamiclights.server.DynamicLights/]: Calling addLightSource on entity ServerPlayer['MayEL1207'/9468, l='ServerLevel[world]', x=-89.75, y=22.00, z=-100.70], dimensionLocationPath the_nether
[11Jun2026 01:27:51.099] [Server thread/DEBUG] [atomicstryker.dynamiclights.server.DynamicLights/]: Cannot add Dynamic Light: Attachment Entity ServerPlayer['MayEL1207'/9468, l='ServerLevel[world]', x=-89.75, y=22.00, z=-100.70] is dead or in a banned dimension the_nether
[11Jun2026 01:27:51.204] [Server thread/DEBUG] [atomicstryker.dynamiclights.server.DynamicLights/]: Calling addLightSource on entity ServerPlayer['MayEL1207'/9468, l='ServerLevel[world]', x=-89.75, y=22.00, z=-100.70], dimensionLocationPath the_nether
[11Jun2026 01:27:51.204] [Server thread/DEBUG] [atomicstryker.dynamiclights.server.DynamicLights/]: Cannot add Dynamic Light: Attachment Entity ServerPlayer['MayEL1207'/9468, l='ServerLevel[world]', x=-89.75, y=22.00, z=-100.70] is dead or in a banned dimension the_nether
[11Jun2026 01:27:51.302] [Server thread/DEBUG] [atomicstryker.dynamiclights.server.DynamicLights/]: Calling addLightSource on entity ServerPlayer['MayEL1207'/9468, l='ServerLevel[world]', x=-89.75, y=22.00, z=-100.70], dimensionLocationPath the_nether
[11Jun2026 01:27:51.302] [Server thread/DEBUG] [atomicstryker.dynamiclights.server.DynamicLights/]: Cannot add Dynamic Light: Attachment Entity ServerPlayer['MayEL1207'/9468, l='ServerLevel[world]', x=-89.75, y=22.00, z=-100.70] is dead or in a banned dimension the_nether
[11Jun2026 01:27:51.418] [Server thread/DEBUG] [atomicstryker.dynamiclights.server.DynamicLights/]: Calling addLightSource on entity ServerPlayer['MayEL1207'/9468, l='ServerLevel[world]', x=-89.75, y=22.00, z=-100.70], dimensionLocationPath the_nether
[11Jun2026 01:27:51.418] [Server thread/DEBUG] [atomicstryker.dynamiclights.server.DynamicLights/]: Cannot add Dynamic Light: Attachment Entity ServerPlayer['MayEL1207'/9468, l='ServerLevel[world]', x=-89.75, y=22.00, z=-100.70] is dead or in a banned dimension the_nether
[11Jun2026 01:27:51.497] [Server thread/DEBUG] [atomicstryker.dynamiclights.server.DynamicLights/]: Calling addLightSource on entity ServerPlayer['MayEL1207'/9468, l='ServerLevel[world]', x=-89.75, y=22.00, z=-100.70], dimensionLocationPath the_nether
[11Jun2026 01:27:51.497] [Server thread/DEBUG] [atomicstryker.dynamiclights.server.DynamicLights/]: Cannot add Dynamic Light: Attachment Entity ServerPlayer['MayEL1207'/9468, l='ServerLevel[world]', x=-89.75, y=22.00, z=-100.70] is dead or in a banned dimension the_nether
[11Jun2026 01:27:51.594] [Server thread/DEBUG] [atomicstryker.dynamiclights.server.DynamicLights/]: Calling addLightSource on entity ServerPlayer['MayEL1207'/9468, l='ServerLevel[world]', x=-89.75, y=22.00, z=-100.70], dimensionLocationPath the_nether
[11Jun2026 01:27:51.594] [Server thread/DEBUG] [atomicstryker.dynamiclights.server.DynamicLights/]: Cannot add Dynamic Light: Attachment Entity ServerPlayer['MayEL1207'/9468, l='ServerLevel[world]', x=-89.75, y=22.00, z=-100.70] is dead or in a banned dimension the_nether
[11Jun2026 01:27:51.696] [Server thread/DEBUG] [atomicstryker.dynamiclights.server.DynamicLights/]: Calling addLightSource on entity ServerPlayer['MayEL1207'/9468, l='ServerLevel[world]', x=-89.75, y=22.00, z=-100.70], dimensionLocationPath the_nether
[11Jun2026 01:27:51.696] [Server thread/DEBUG] [atomicstryker.dynamiclights.server.DynamicLights/]: Cannot add Dynamic Light: Attachment Entity ServerPlayer['MayEL1207'/9468, l='ServerLevel[world]', x=-89.75, y=22.00, z=-100.70] is dead or in a banned dimension the_nether
[11Jun2026 01:27:51.796] [Server thread/INFO] [net.minecraft.server.MinecraftServer/]: MayEL1207 tried to swim in lava
[11Jun2026 01:29:26.104] [Server thread/INFO] [net.minecraft.server.MinecraftServer/]: jinco98 was slain by Wither Skeleton
[11Jun2026 01:30:37.943] [Server thread/INFO] [net.minecraft.server.MinecraftServer/]: MayEL1207 was shot by Skeleton
[11Jun2026 01:30:43.249] [Server thread/INFO] [net.minecraft.server.MinecraftServer/]: jinco98 was shot by Skeleton
[11Jun2026 01:30:43.498] [Server thread/DEBUG] [atomicstryker.dynamiclights.server.DynamicLights/]: Calling addLightSource on entity ServerPlayer['MayEL1207'/9468, l='ServerLevel[world]', x=-485.51, y=73.36, z=27.10], dimensionLocationPath overworld
[11Jun2026 01:30:43.498] [Server thread/DEBUG] [atomicstryker.dynamiclights.server.DynamicLights/]: Successfully registered DynamicLight on Entity: ServerPlayer['MayEL1207'/9468, l='ServerLevel[world]', x=-485.51, y=73.36, z=27.10] in list []
[11Jun2026 01:30:43.546] [Server thread/DEBUG] [atomicstryker.dynamiclights.server.DynamicLights/]: Removing Dynamic Light attached to ServerPlayer['MayEL1207'/9468, l='ServerLevel[world]', x=-485.51, y=73.28, z=27.28]
[11Jun2026 01:30:43.596] [Server thread/DEBUG] [atomicstryker.dynamiclights.server.DynamicLights/]: Calling addLightSource on entity ServerPlayer['MayEL1207'/9468, l='ServerLevel[world]', x=-485.51, y=73.19, z=27.30], dimensionLocationPath overworld
[11Jun2026 01:30:43.596] [Server thread/DEBUG] [atomicstryker.dynamiclights.server.DynamicLights/]: Successfully registered DynamicLight on Entity: ServerPlayer['MayEL1207'/9468, l='ServerLevel[world]', x=-485.51, y=73.19, z=27.30] in list []
[11Jun2026 01:30:43.647] [Server thread/DEBUG] [atomicstryker.dynamiclights.server.DynamicLights/]: Removing Dynamic Light attached to ServerPlayer['MayEL1207'/9468, l='ServerLevel[world]', x=-485.50, y=73.11, z=27.32]
[11Jun2026 01:30:43.695] [Server thread/DEBUG] [atomicstryker.dynamiclights.server.DynamicLights/]: Calling addLightSource on entity ServerPlayer['MayEL1207'/9468, l='ServerLevel[world]', x=-485.50, y=73.03, z=27.34], dimensionLocationPath overworld
[11Jun2026 01:30:43.696] [Server thread/DEBUG] [atomicstryker.dynamiclights.server.DynamicLights/]: Successfully registered DynamicLight on Entity: ServerPlayer['MayEL1207'/9468, l='ServerLevel[world]', x=-485.50, y=73.03, z=27.34] in list []
[11Jun2026 01:30:43.760] [Server thread/DEBUG] [atomicstryker.dynamiclights.server.DynamicLights/]: Removing Dynamic Light attached to ServerPlayer['MayEL1207'/9468, l='ServerLevel[world]', x=-485.50, y=73.00, z=27.35]
[11Jun2026 01:30:43.804] [Server thread/DEBUG] [atomicstryker.dynamiclights.server.DynamicLights/]: Calling addLightSource on entity ServerPlayer['MayEL1207'/9468, l='ServerLevel[world]', x=-485.51, y=73.89, z=27.03], dimensionLocationPath overworld
[11Jun2026 01:30:43.804] [Server thread/DEBUG] [atomicstryker.dynamiclights.server.DynamicLights/]: Successfully registered DynamicLight on Entity: ServerPlayer['MayEL1207'/9468, l='ServerLevel[world]', x=-485.51, y=73.89, z=27.03] in list []
[11Jun2026 01:30:43.847] [Server thread/DEBUG] [atomicstryker.dynamiclights.server.DynamicLights/]: Removing Dynamic Light attached to ServerPlayer['MayEL1207'/9468, l='ServerLevel[world]', x=-485.51, y=73.80, z=27.04]
[11Jun2026 01:30:43.896] [Server thread/DEBUG] [atomicstryker.dynamiclights.server.DynamicLights/]: Calling addLightSource on entity ServerPlayer['MayEL1207'/9468, l='ServerLevel[world]', x=-485.52, y=73.85, z=26.84], dimensionLocationPath overworld
[11Jun2026 01:30:43.896] [Server thread/DEBUG] [atomicstryker.dynamiclights.server.DynamicLights/]: Successfully registered DynamicLight on Entity: ServerPlayer['MayEL1207'/9468, l='ServerLevel[world]', x=-485.52, y=73.85, z=26.84] in list []
[11Jun2026 01:30:43.957] [Server thread/DEBUG] [atomicstryker.dynamiclights.server.DynamicLights/]: Removing Dynamic Light attached to ServerPlayer['MayEL1207'/9468, l='ServerLevel[world]', x=-485.52, y=73.77, z=26.85]
[11Jun2026 01:30:44.010] [Server thread/DEBUG] [atomicstryker.dynamiclights.server.DynamicLights/]: Calling addLightSource on entity ServerPlayer['MayEL1207'/9468, l='ServerLevel[world]', x=-485.52, y=73.51, z=26.69], dimensionLocationPath overworld
[11Jun2026 01:30:44.010] [Server thread/DEBUG] [atomicstryker.dynamiclights.server.DynamicLights/]: Successfully registered DynamicLight on Entity: ServerPlayer['MayEL1207'/9468, l='ServerLevel[world]', x=-485.52, y=73.51, z=26.69] in list []
[11Jun2026 01:30:44.049] [Server thread/DEBUG] [atomicstryker.dynamiclights.server.DynamicLights/]: Removing Dynamic Light attached to ServerPlayer['MayEL1207'/9468, l='ServerLevel[world]', x=-485.52, y=73.43, z=26.70]
[11Jun2026 01:30:44.100] [Server thread/DEBUG] [atomicstryker.dynamiclights.server.DynamicLights/]: Calling addLightSource on entity ServerPlayer['MayEL1207'/9468, l='ServerLevel[world]', x=-485.53, y=73.00, z=26.56], dimensionLocationPath overworld
[11Jun2026 01:30:44.100] [Server thread/DEBUG] [atomicstryker.dynamiclights.server.DynamicLights/]: Successfully registered DynamicLight on Entity: ServerPlayer['MayEL1207'/9468, l='ServerLevel[world]', x=-485.53, y=73.00, z=26.56] in list []
[11Jun2026 01:30:44.167] [Server thread/DEBUG] [atomicstryker.dynamiclights.server.DynamicLights/]: Removing Dynamic Light attached to ServerPlayer['MayEL1207'/9468, l='ServerLevel[world]', x=-485.54, y=73.36, z=26.22]
[11Jun2026 01:30:44.202] [Server thread/DEBUG] [atomicstryker.dynamiclights.server.DynamicLights/]: Calling addLightSource on entity ServerPlayer['MayEL1207'/9468, l='ServerLevel[world]', x=-485.53, y=73.28, z=26.32], dimensionLocationPath overworld
[11Jun2026 01:30:44.203] [Server thread/DEBUG] [atomicstryker.dynamiclights.server.DynamicLights/]: Successfully registered DynamicLight on Entity: ServerPlayer['MayEL1207'/9468, l='ServerLevel[world]', x=-485.53, y=73.28, z=26.32] in list []
[11Jun2026 01:30:44.273] [Server thread/DEBUG] [atomicstryker.dynamiclights.server.DynamicLights/]: Removing Dynamic Light attached to ServerPlayer['MayEL1207'/9468, l='ServerLevel[world]', x=-485.53, y=73.19, z=26.42]
[11Jun2026 01:30:44.328] [Server thread/DEBUG] [atomicstryker.dynamiclights.server.DynamicLights/]: Calling addLightSource on entity ServerPlayer['MayEL1207'/9468, l='ServerLevel[world]', x=-485.53, y=73.11, z=26.40], dimensionLocationPath overworld
[11Jun2026 01:30:44.328] [Server thread/DEBUG] [atomicstryker.dynamiclights.server.DynamicLights/]: Successfully registered DynamicLight on Entity: ServerPlayer['MayEL1207'/9468, l='ServerLevel[world]', x=-485.53, y=73.11, z=26.40] in list []
[11Jun2026 01:30:44.372] [Server thread/DEBUG] [atomicstryker.dynamiclights.server.DynamicLights/]: Removing Dynamic Light attached to ServerPlayer['MayEL1207'/9468, l='ServerLevel[world]', x=-485.53, y=73.03, z=26.46]
[11Jun2026 01:30:44.422] [Server thread/DEBUG] [atomicstryker.dynamiclights.server.DynamicLights/]: Calling addLightSource on entity ServerPlayer['MayEL1207'/9468, l='ServerLevel[world]', x=-485.54, y=73.42, z=26.11], dimensionLocationPath overworld
[11Jun2026 01:30:44.422] [Server thread/DEBUG] [atomicstryker.dynamiclights.server.DynamicLights/]: Successfully registered DynamicLight on Entity: ServerPlayer['MayEL1207'/9468, l='ServerLevel[world]', x=-485.54, y=73.42, z=26.11] in list []
[11Jun2026 01:30:44.472] [Server thread/DEBUG] [atomicstryker.dynamiclights.server.DynamicLights/]: Removing Dynamic Light attached to ServerPlayer['MayEL1207'/9468, l='ServerLevel[world]', x=-485.54, y=73.34, z=26.11]
[11Jun2026 01:30:44.522] [Server thread/DEBUG] [atomicstryker.dynamiclights.server.DynamicLights/]: Calling addLightSource on entity ServerPlayer['MayEL1207'/9468, l='ServerLevel[world]', x=-485.55, y=73.40, z=25.90], dimensionLocationPath overworld
[11Jun2026 01:30:44.522] [Server thread/DEBUG] [atomicstryker.dynamiclights.server.DynamicLights/]: Successfully registered DynamicLight on Entity: ServerPlayer['MayEL1207'/9468, l='ServerLevel[world]', x=-485.55, y=73.40, z=25.90] in list []
[11Jun2026 01:30:44.572] [Server thread/DEBUG] [atomicstryker.dynamiclights.server.DynamicLights/]: Removing Dynamic Light attached to ServerPlayer['MayEL1207'/9468, l='ServerLevel[world]', x=-485.55, y=73.33, z=25.90]
[11Jun2026 01:30:44.622] [Server thread/DEBUG] [atomicstryker.dynamiclights.server.DynamicLights/]: Calling addLightSource on entity ServerPlayer['MayEL1207'/9468, l='ServerLevel[world]', x=-485.55, y=73.07, z=25.73], dimensionLocationPath overworld
[11Jun2026 01:30:44.622] [Server thread/DEBUG] [atomicstryker.dynamiclights.server.DynamicLights/]: Successfully registered DynamicLight on Entity: ServerPlayer['MayEL1207'/9468, l='ServerLevel[world]', x=-485.55, y=73.07, z=25.73] in list []
[11Jun2026 01:30:44.672] [Server thread/DEBUG] [atomicstryker.dynamiclights.server.DynamicLights/]: Removing Dynamic Light attached to ServerPlayer['MayEL1207'/9468, l='ServerLevel[world]', x=-485.55, y=73.00, z=25.73]
[11Jun2026 01:30:44.724] [Server thread/DEBUG] [atomicstryker.dynamiclights.server.DynamicLights/]: Calling addLightSource on entity ServerPlayer['MayEL1207'/9468, l='ServerLevel[world]', x=-485.55, y=73.00, z=25.58], dimensionLocationPath overworld
[11Jun2026 01:30:44.724] [Server thread/DEBUG] [atomicstryker.dynamiclights.server.DynamicLights/]: Successfully registered DynamicLight on Entity: ServerPlayer['MayEL1207'/9468, l='ServerLevel[world]', x=-485.55, y=73.00, z=25.58] in list []
[11Jun2026 01:30:44.773] [Server thread/DEBUG] [atomicstryker.dynamiclights.server.DynamicLights/]: Removing Dynamic Light attached to ServerPlayer['MayEL1207'/9468, l='ServerLevel[world]', x=-485.55, y=73.00, z=25.60]
[11Jun2026 01:30:44.822] [Server thread/DEBUG] [atomicstryker.dynamiclights.server.DynamicLights/]: Calling addLightSource on entity ServerPlayer['MayEL1207'/9468, l='ServerLevel[world]', x=-485.56, y=73.00, z=25.50], dimensionLocationPath overworld
[11Jun2026 01:30:44.823] [Server thread/DEBUG] [atomicstryker.dynamiclights.server.DynamicLights/]: Successfully registered DynamicLight on Entity: ServerPlayer['MayEL1207'/9468, l='ServerLevel[world]', x=-485.56, y=73.00, z=25.50] in list []
[11Jun2026 01:30:44.872] [Server thread/DEBUG] [atomicstryker.dynamiclights.server.DynamicLights/]: Removing Dynamic Light attached to ServerPlayer['MayEL1207'/9468, l='ServerLevel[world]', x=-485.56, y=73.00, z=25.51]
[11Jun2026 01:30:44.922] [Server thread/DEBUG] [atomicstryker.dynamiclights.server.DynamicLights/]: Calling addLightSource on entity ServerPlayer['MayEL1207'/9468, l='ServerLevel[world]', x=-485.56, y=73.00, z=25.48], dimensionLocationPath overworld
[11Jun2026 01:30:44.922] [Server thread/DEBUG] [atomicstryker.dynamiclights.server.DynamicLights/]: Successfully registered DynamicLight on Entity: ServerPlayer['MayEL1207'/9468, l='ServerLevel[world]', x=-485.56, y=73.00, z=25.48] in list []
[11Jun2026 01:30:44.973] [Server thread/DEBUG] [atomicstryker.dynamiclights.server.DynamicLights/]: Removing Dynamic Light attached to ServerPlayer['MayEL1207'/9468, l='ServerLevel[world]', x=-485.56, y=73.00, z=25.48]
[11Jun2026 01:30:45.024] [Server thread/DEBUG] [atomicstryker.dynamiclights.server.DynamicLights/]: Calling addLightSource on entity ServerPlayer['MayEL1207'/9468, l='ServerLevel[world]', x=-485.56, y=73.00, z=25.48], dimensionLocationPath overworld
[11Jun2026 01:30:45.024] [Server thread/DEBUG] [atomicstryker.dynamiclights.server.DynamicLights/]: Successfully registered DynamicLight on Entity: ServerPlayer['MayEL1207'/9468, l='ServerLevel[world]', x=-485.56, y=73.00, z=25.48] in list []
[11Jun2026 01:30:45.073] [Server thread/DEBUG] [atomicstryker.dynamiclights.server.DynamicLights/]: Removing Dynamic Light attached to ServerPlayer['MayEL1207'/9468, l='ServerLevel[world]', x=-485.56, y=73.00, z=25.48]
[11Jun2026 01:30:45.122] [Server thread/DEBUG] [atomicstryker.dynamiclights.server.DynamicLights/]: Calling addLightSource on entity ServerPlayer['MayEL1207'/9468, l='ServerLevel[world]', x=-485.56, y=73.00, z=25.48], dimensionLocationPath overworld
[11Jun2026 01:30:45.122] [Server thread/DEBUG] [atomicstryker.dynamiclights.server.DynamicLights/]: Successfully registered DynamicLight on Entity: ServerPlayer['MayEL1207'/9468, l='ServerLevel[world]', x=-485.56, y=73.00, z=25.48] in list []
[11Jun2026 01:30:45.175] [Server thread/DEBUG] [atomicstryker.dynamiclights.server.DynamicLights/]: Removing Dynamic Light attached to ServerPlayer['MayEL1207'/9468, l='ServerLevel[world]', x=-485.56, y=73.00, z=25.48]
[11Jun2026 01:30:45.222] [Server thread/DEBUG] [atomicstryker.dynamiclights.server.DynamicLights/]: Calling addLightSource on entity ServerPlayer['MayEL1207'/9468, l='ServerLevel[world]', x=-485.56, y=73.00, z=25.48], dimensionLocationPath overworld
[11Jun2026 01:30:45.223] [Server thread/DEBUG] [atomicstryker.dynamiclights.server.DynamicLights/]: Successfully registered DynamicLight on Entity: ServerPlayer['MayEL1207'/9468, l='ServerLevel[world]', x=-485.56, y=73.00, z=25.48] in list []
[11Jun2026 01:30:45.272] [Server thread/DEBUG] [atomicstryker.dynamiclights.server.DynamicLights/]: Removing Dynamic Light attached to ServerPlayer['MayEL1207'/9468, l='ServerLevel[world]', x=-485.56, y=73.00, z=25.48]
[11Jun2026 01:30:45.323] [Server thread/DEBUG] [atomicstryker.dynamiclights.server.DynamicLights/]: Calling addLightSource on entity ServerPlayer['MayEL1207'/9468, l='ServerLevel[world]', x=-485.56, y=73.00, z=25.48], dimensionLocationPath overworld
[11Jun2026 01:30:45.323] [Server thread/DEBUG] [atomicstryker.dynamiclights.server.DynamicLights/]: Successfully registered DynamicLight on Entity: ServerPlayer['MayEL1207'/9468, l='ServerLevel[world]', x=-485.56, y=73.00, z=25.48] in list []
[11Jun2026 01:30:45.350] [Server thread/DEBUG] [atomicstryker.dynamiclights.server.DynamicLights/]: Removing Dynamic Light attached to ServerPlayer['MayEL1207'/9468, l='ServerLevel[world]', x=-485.56, y=73.00, z=25.48]
[11Jun2026 01:30:45.391] [Server thread/DEBUG] [atomicstryker.dynamiclights.server.DynamicLights/]: Calling addLightSource on entity ServerPlayer['MayEL1207'/9468, l='ServerLevel[world]', x=-485.56, y=73.00, z=25.48], dimensionLocationPath overworld
[11Jun2026 01:30:45.391] [Server thread/DEBUG] [atomicstryker.dynamiclights.server.DynamicLights/]: Successfully registered DynamicLight on Entity: ServerPlayer['MayEL1207'/9468, l='ServerLevel[world]', x=-485.56, y=73.00, z=25.48] in list []
[11Jun2026 01:30:45.451] [Server thread/DEBUG] [atomicstryker.dynamiclights.server.DynamicLights/]: Removing Dynamic Light attached to ServerPlayer['MayEL1207'/9468, l='ServerLevel[world]', x=-485.56, y=73.00, z=25.44]
[11Jun2026 01:30:45.500] [Server thread/DEBUG] [atomicstryker.dynamiclights.server.DynamicLights/]: Calling addLightSource on entity ServerPlayer['MayEL1207'/9468, l='ServerLevel[world]', x=-485.56, y=73.00, z=25.42], dimensionLocationPath overworld
[11Jun2026 01:30:45.500] [Server thread/DEBUG] [atomicstryker.dynamiclights.server.DynamicLights/]: Successfully registered DynamicLight on Entity: ServerPlayer['MayEL1207'/9468, l='ServerLevel[world]', x=-485.56, y=73.00, z=25.42] in list []
[11Jun2026 01:30:45.549] [Server thread/DEBUG] [atomicstryker.dynamiclights.server.DynamicLights/]: Removing Dynamic Light attached to ServerPlayer['MayEL1207'/9468, l='ServerLevel[world]', x=-485.57, y=73.00, z=25.37]
[11Jun2026 01:30:45.591] [Server thread/DEBUG] [atomicstryker.dynamiclights.server.DynamicLights/]: Calling addLightSource on entity ServerPlayer['MayEL1207'/9468, l='ServerLevel[world]', x=-485.58, y=73.00, z=25.35], dimensionLocationPath overworld
[11Jun2026 01:30:45.591] [Server thread/DEBUG] [atomicstryker.dynamiclights.server.DynamicLights/]: Successfully registered DynamicLight on Entity: ServerPlayer['MayEL1207'/9468, l='ServerLevel[world]', x=-485.58, y=73.00, z=25.35] in list []
[11Jun2026 01:30:45.642] [Server thread/DEBUG] [atomicstryker.dynamiclights.server.DynamicLights/]: Removing Dynamic Light attached to ServerPlayer['MayEL1207'/9468, l='ServerLevel[world]', x=-485.58, y=73.00, z=25.37]
[11Jun2026 01:30:45.690] [Server thread/DEBUG] [atomicstryker.dynamiclights.server.DynamicLights/]: Calling addLightSource on entity ServerPlayer['MayEL1207'/9468, l='ServerLevel[world]', x=-485.57, y=73.00, z=25.42], dimensionLocationPath overworld
[11Jun2026 01:30:45.691] [Server thread/DEBUG] [atomicstryker.dynamiclights.server.DynamicLights/]: Successfully registered DynamicLight on Entity: ServerPlayer['MayEL1207'/9468, l='ServerLevel[world]', x=-485.57, y=73.00, z=25.42] in list []
[11Jun2026 01:30:45.742] [Server thread/DEBUG] [atomicstryker.dynamiclights.server.DynamicLights/]: Removing Dynamic Light attached to ServerPlayer['MayEL1207'/9468, l='ServerLevel[world]', x=-485.56, y=73.00, z=25.44]
[11Jun2026 01:30:45.790] [Server thread/DEBUG] [atomicstryker.dynamiclights.server.DynamicLights/]: Calling addLightSource on entity ServerPlayer['MayEL1207'/9468, l='ServerLevel[world]', x=-485.56, y=73.00, z=25.46], dimensionLocationPath overworld
[11Jun2026 01:30:45.790] [Server thread/DEBUG] [atomicstryker.dynamiclights.server.DynamicLights/]: Successfully registered DynamicLight on Entity: ServerPlayer['MayEL1207'/9468, l='ServerLevel[world]', x=-485.56, y=73.00, z=25.46] in list []
[11Jun2026 01:30:45.872] [Server thread/DEBUG] [atomicstryker.dynamiclights.server.DynamicLights/]: Removing Dynamic Light attached to ServerPlayer['MayEL1207'/9468, l='ServerLevel[world]', x=-485.56, y=73.00, z=25.47]
[11Jun2026 01:30:45.900] [Server thread/DEBUG] [atomicstryker.dynamiclights.server.DynamicLights/]: Calling addLightSource on entity ServerPlayer['MayEL1207'/9468, l='ServerLevel[world]', x=-485.57, y=73.00, z=25.41], dimensionLocationPath overworld
[11Jun2026 01:30:45.900] [Server thread/DEBUG] [atomicstryker.dynamiclights.server.DynamicLights/]: Successfully registered DynamicLight on Entity: ServerPlayer['MayEL1207'/9468, l='ServerLevel[world]', x=-485.57, y=73.00, z=25.41] in list []
[11Jun2026 01:30:45.945] [Server thread/DEBUG] [atomicstryker.dynamiclights.server.DynamicLights/]: Removing Dynamic Light attached to ServerPlayer['MayEL1207'/9468, l='ServerLevel[world]', x=-485.57, y=73.00, z=25.42]
[11Jun2026 01:30:45.991] [Server thread/DEBUG] [atomicstryker.dynamiclights.server.DynamicLights/]: Calling addLightSource on entity ServerPlayer['MayEL1207'/9468, l='ServerLevel[world]', x=-485.57, y=73.00, z=25.40], dimensionLocationPath overworld
[11Jun2026 01:30:45.991] [Server thread/DEBUG] [atomicstryker.dynamiclights.server.DynamicLights/]: Successfully registered DynamicLight on Entity: ServerPlayer['MayEL1207'/9468, l='ServerLevel[world]', x=-485.57, y=73.00, z=25.40] in list []
[11Jun2026 01:30:46.042] [Server thread/DEBUG] [atomicstryker.dynamiclights.server.DynamicLights/]: Removing Dynamic Light attached to ServerPlayer['MayEL1207'/9468, l='ServerLevel[world]', x=-485.57, y=73.00, z=25.40]
[11Jun2026 01:30:46.092] [Server thread/DEBUG] [atomicstryker.dynamiclights.server.DynamicLights/]: Calling addLightSource on entity ServerPlayer['MayEL1207'/9468, l='ServerLevel[world]', x=-485.57, y=73.00, z=25.40], dimensionLocationPath overworld
[11Jun2026 01:30:46.092] [Server thread/DEBUG] [atomicstryker.dynamiclights.server.DynamicLights/]: Successfully registered DynamicLight on Entity: ServerPlayer['MayEL1207'/9468, l='ServerLevel[world]', x=-485.57, y=73.00, z=25.40] in list []
[11Jun2026 01:30:46.142] [Server thread/DEBUG] [atomicstryker.dynamiclights.server.DynamicLights/]: Removing Dynamic Light attached to ServerPlayer['MayEL1207'/9468, l='ServerLevel[world]', x=-485.68, y=73.36, z=25.01]
[11Jun2026 01:30:46.193] [Server thread/DEBUG] [atomicstryker.dynamiclights.server.DynamicLights/]: Calling addLightSource on entity ServerPlayer['MayEL1207'/9468, l='ServerLevel[world]', x=-485.63, y=73.28, z=25.19], dimensionLocationPath overworld
[11Jun2026 01:30:46.193] [Server thread/DEBUG] [atomicstryker.dynamiclights.server.DynamicLights/]: Successfully registered DynamicLight on Entity: ServerPlayer['MayEL1207'/9468, l='ServerLevel[world]', x=-485.63, y=73.28, z=25.19] in list []
[11Jun2026 01:30:46.241] [Server thread/DEBUG] [atomicstryker.dynamiclights.server.DynamicLights/]: Removing Dynamic Light attached to ServerPlayer['MayEL1207'/9468, l='ServerLevel[world]', x=-485.62, y=73.19, z=25.21]
[11Jun2026 01:30:46.294] [Server thread/DEBUG] [atomicstryker.dynamiclights.server.DynamicLights/]: Calling addLightSource on entity ServerPlayer['MayEL1207'/9468, l='ServerLevel[world]', x=-485.62, y=73.11, z=25.22], dimensionLocationPath overworld
[11Jun2026 01:30:46.294] [Server thread/DEBUG] [atomicstryker.dynamiclights.server.DynamicLights/]: Successfully registered DynamicLight on Entity: ServerPlayer['MayEL1207'/9468, l='ServerLevel[world]', x=-485.62, y=73.11, z=25.22] in list []
[11Jun2026 01:30:46.340] [Server thread/DEBUG] [atomicstryker.dynamiclights.server.DynamicLights/]: Removing Dynamic Light attached to ServerPlayer['MayEL1207'/9468, l='ServerLevel[world]', x=-485.63, y=73.03, z=25.20]
[11Jun2026 01:30:46.389] [Server thread/DEBUG] [atomicstryker.dynamiclights.server.DynamicLights/]: Calling addLightSource on entity ServerPlayer['MayEL1207'/9468, l='ServerLevel[world]', x=-485.69, y=73.22, z=25.01], dimensionLocationPath overworld
[11Jun2026 01:30:46.389] [Server thread/DEBUG] [atomicstryker.dynamiclights.server.DynamicLights/]: Successfully registered DynamicLight on Entity: ServerPlayer['MayEL1207'/9468, l='ServerLevel[world]', x=-485.69, y=73.22, z=25.01] in list []
[11Jun2026 01:30:46.440] [Server thread/DEBUG] [atomicstryker.dynamiclights.server.DynamicLights/]: Removing Dynamic Light attached to ServerPlayer['MayEL1207'/9468, l='ServerLevel[world]', x=-485.70, y=73.34, z=24.91]
[11Jun2026 01:30:46.489] [Server thread/DEBUG] [atomicstryker.dynamiclights.server.DynamicLights/]: Calling addLightSource on entity ServerPlayer['MayEL1207'/9468, l='ServerLevel[world]', x=-485.70, y=73.40, z=24.73], dimensionLocationPath overworld
[11Jun2026 01:30:46.490] [Server thread/DEBUG] [atomicstryker.dynamiclights.server.DynamicLights/]: Successfully registered DynamicLight on Entity: ServerPlayer['MayEL1207'/9468, l='ServerLevel[world]', x=-485.70, y=73.40, z=24.73] in list []
[11Jun2026 01:30:46.556] [Server thread/DEBUG] [atomicstryker.dynamiclights.server.DynamicLights/]: Removing Dynamic Light attached to ServerPlayer['MayEL1207'/9468, l='ServerLevel[world]', x=-485.70, y=73.33, z=24.74]
[11Jun2026 01:30:46.588] [Server thread/DEBUG] [atomicstryker.dynamiclights.server.DynamicLights/]: Calling addLightSource on entity ServerPlayer['MayEL1207'/9468, l='ServerLevel[world]', x=-485.70, y=73.20, z=24.67], dimensionLocationPath overworld
[11Jun2026 01:30:46.589] [Server thread/DEBUG] [atomicstryker.dynamiclights.server.DynamicLights/]: Successfully registered DynamicLight on Entity: ServerPlayer['MayEL1207'/9468, l='ServerLevel[world]', x=-485.70, y=73.20, z=24.67] in list []
[11Jun2026 01:30:46.640] [Server thread/DEBUG] [atomicstryker.dynamiclights.server.DynamicLights/]: Removing Dynamic Light attached to ServerPlayer['MayEL1207'/9468, l='ServerLevel[world]', x=-485.70, y=73.00, z=24.60]
[11Jun2026 01:30:46.690] [Server thread/DEBUG] [atomicstryker.dynamiclights.server.DynamicLights/]: Calling addLightSource on entity ServerPlayer['MayEL1207'/9468, l='ServerLevel[world]', x=-485.70, y=73.00, z=24.54], dimensionLocationPath overworld
[11Jun2026 01:30:46.690] [Server thread/DEBUG] [atomicstryker.dynamiclights.server.DynamicLights/]: Successfully registered DynamicLight on Entity: ServerPlayer['MayEL1207'/9468, l='ServerLevel[world]', x=-485.70, y=73.00, z=24.54] in list []
[11Jun2026 01:30:46.740] [Server thread/DEBUG] [atomicstryker.dynamiclights.server.DynamicLights/]: Removing Dynamic Light attached to ServerPlayer['MayEL1207'/9468, l='ServerLevel[world]', x=-485.70, y=73.00, z=24.48]
[11Jun2026 01:30:46.790] [Server thread/DEBUG] [atomicstryker.dynamiclights.server.DynamicLights/]: Calling addLightSource on entity ServerPlayer['MayEL1207'/9468, l='ServerLevel[world]', x=-485.70, y=73.00, z=24.46], dimensionLocationPath overworld
[11Jun2026 01:30:46.791] [Server thread/DEBUG] [atomicstryker.dynamiclights.server.DynamicLights/]: Successfully registered DynamicLight on Entity: ServerPlayer['MayEL1207'/9468, l='ServerLevel[world]', x=-485.70, y=73.00, z=24.46] in list []
[11Jun2026 01:30:46.840] [Server thread/DEBUG] [atomicstryker.dynamiclights.server.DynamicLights/]: Removing Dynamic Light attached to ServerPlayer['MayEL1207'/9468, l='ServerLevel[world]', x=-485.70, y=73.00, z=24.45]
[11Jun2026 01:30:46.888] [Server thread/DEBUG] [atomicstryker.dynamiclights.server.DynamicLights/]: Calling addLightSource on entity ServerPlayer['MayEL1207'/9468, l='ServerLevel[world]', x=-485.70, y=73.00, z=24.47], dimensionLocationPath overworld
[11Jun2026 01:30:46.888] [Server thread/DEBUG] [atomicstryker.dynamiclights.server.DynamicLights/]: Successfully registered DynamicLight on Entity: ServerPlayer['MayEL1207'/9468, l='ServerLevel[world]', x=-485.70, y=73.00, z=24.47] in list []
[11Jun2026 01:30:46.939] [Server thread/DEBUG] [atomicstryker.dynamiclights.server.DynamicLights/]: Removing Dynamic Light attached to ServerPlayer['MayEL1207'/9468, l='ServerLevel[world]', x=-485.70, y=73.00, z=24.45]
[11Jun2026 01:30:46.988] [Server thread/DEBUG] [atomicstryker.dynamiclights.server.DynamicLights/]: Calling addLightSource on entity ServerPlayer['MayEL1207'/9468, l='ServerLevel[world]', x=-485.70, y=73.00, z=24.45], dimensionLocationPath overworld
[11Jun2026 01:30:46.988] [Server thread/DEBUG] [atomicstryker.dynamiclights.server.DynamicLights/]: Successfully registered DynamicLight on Entity: ServerPlayer['MayEL1207'/9468, l='ServerLevel[world]', x=-485.70, y=73.00, z=24.45] in list []
[11Jun2026 01:30:47.040] [Server thread/DEBUG] [atomicstryker.dynamiclights.server.DynamicLights/]: Removing Dynamic Light attached to ServerPlayer['MayEL1207'/9468, l='ServerLevel[world]', x=-485.70, y=73.00, z=24.45]
[11Jun2026 01:30:47.095] [Server thread/DEBUG] [atomicstryker.dynamiclights.server.DynamicLights/]: Calling addLightSource on entity ServerPlayer['MayEL1207'/9468, l='ServerLevel[world]', x=-485.70, y=73.00, z=24.45], dimensionLocationPath overworld
[11Jun2026 01:30:47.095] [Server thread/DEBUG] [atomicstryker.dynamiclights.server.DynamicLights/]: Successfully registered DynamicLight on Entity: ServerPlayer['MayEL1207'/9468, l='ServerLevel[world]', x=-485.70, y=73.00, z=24.45] in list []
[11Jun2026 01:30:47.141] [Server thread/DEBUG] [atomicstryker.dynamiclights.server.DynamicLights/]: Removing Dynamic Light attached to ServerPlayer['MayEL1207'/9468, l='ServerLevel[world]', x=-485.70, y=73.00, z=24.45]
[11Jun2026 01:30:47.189] [Server thread/DEBUG] [atomicstryker.dynamiclights.server.DynamicLights/]: Calling addLightSource on entity ServerPlayer['MayEL1207'/9468, l='ServerLevel[world]', x=-485.70, y=73.00, z=24.45], dimensionLocationPath overworld
[11Jun2026 01:30:47.189] [Server thread/DEBUG] [atomicstryker.dynamiclights.server.DynamicLights/]: Successfully registered DynamicLight on Entity: ServerPlayer['MayEL1207'/9468, l='ServerLevel[world]', x=-485.70, y=73.00, z=24.45] in list []
[11Jun2026 01:30:47.240] [Server thread/DEBUG] [atomicstryker.dynamiclights.server.DynamicLights/]: Removing Dynamic Light attached to ServerPlayer['MayEL1207'/9468, l='ServerLevel[world]', x=-485.70, y=73.00, z=24.45]
[11Jun2026 01:30:47.291] [Server thread/DEBUG] [atomicstryker.dynamiclights.server.DynamicLights/]: Calling addLightSource on entity ServerPlayer['MayEL1207'/9468, l='ServerLevel[world]', x=-485.70, y=73.00, z=24.45], dimensionLocationPath overworld
[11Jun2026 01:30:47.291] [Server thread/DEBUG] [atomicstryker.dynamiclights.server.DynamicLights/]: Successfully registered DynamicLight on Entity: ServerPlayer['MayEL1207'/9468, l='ServerLevel[world]', x=-485.70, y=73.00, z=24.45] in list []
[11Jun2026 01:30:47.340] [Server thread/DEBUG] [atomicstryker.dynamiclights.server.DynamicLights/]: Removing Dynamic Light attached to ServerPlayer['MayEL1207'/9468, l='ServerLevel[world]', x=-485.70, y=73.00, z=24.45]
[11Jun2026 01:30:47.388] [Server thread/DEBUG] [atomicstryker.dynamiclights.server.DynamicLights/]: Calling addLightSource on entity ServerPlayer['MayEL1207'/9468, l='ServerLevel[world]', x=-485.70, y=73.00, z=24.45], dimensionLocationPath overworld
[11Jun2026 01:30:47.389] [Server thread/DEBUG] [atomicstryker.dynamiclights.server.DynamicLights/]: Successfully registered DynamicLight on Entity: ServerPlayer['MayEL1207'/9468, l='ServerLevel[world]', x=-485.70, y=73.00, z=24.45] in list []
[11Jun2026 01:30:47.440] [Server thread/DEBUG] [atomicstryker.dynamiclights.server.DynamicLights/]: Removing Dynamic Light attached to ServerPlayer['MayEL1207'/9468, l='ServerLevel[world]', x=-485.70, y=73.00, z=24.45]
[11Jun2026 01:30:47.488] [Server thread/DEBUG] [atomicstryker.dynamiclights.server.DynamicLights/]: Calling addLightSource on entity ServerPlayer['MayEL1207'/9468, l='ServerLevel[world]', x=-485.70, y=73.00, z=24.45], dimensionLocationPath overworld
[11Jun2026 01:30:47.488] [Server thread/DEBUG] [atomicstryker.dynamiclights.server.DynamicLights/]: Successfully registered DynamicLight on Entity: ServerPlayer['MayEL1207'/9468, l='ServerLevel[world]', x=-485.70, y=73.00, z=24.45] in list []
[11Jun2026 01:30:47.540] [Server thread/DEBUG] [atomicstryker.dynamiclights.server.DynamicLights/]: Removing Dynamic Light attached to ServerPlayer['MayEL1207'/9468, l='ServerLevel[world]', x=-485.70, y=73.00, z=24.46]
[11Jun2026 01:30:47.588] [Server thread/DEBUG] [atomicstryker.dynamiclights.server.DynamicLights/]: Calling addLightSource on entity ServerPlayer['MayEL1207'/9468, l='ServerLevel[world]', x=-485.70, y=73.00, z=24.47], dimensionLocationPath overworld
[11Jun2026 01:30:47.588] [Server thread/DEBUG] [atomicstryker.dynamiclights.server.DynamicLights/]: Successfully registered DynamicLight on Entity: ServerPlayer['MayEL1207'/9468, l='ServerLevel[world]', x=-485.70, y=73.00, z=24.47] in list []
[11Jun2026 01:30:47.640] [Server thread/DEBUG] [atomicstryker.dynamiclights.server.DynamicLights/]: Removing Dynamic Light attached to ServerPlayer['MayEL1207'/9468, l='ServerLevel[world]', x=-485.70, y=73.00, z=24.47]
[11Jun2026 01:30:47.688] [Server thread/DEBUG] [atomicstryker.dynamiclights.server.DynamicLights/]: Calling addLightSource on entity ServerPlayer['MayEL1207'/9468, l='ServerLevel[world]', x=-485.70, y=73.00, z=24.46], dimensionLocationPath overworld
[11Jun2026 01:30:47.688] [Server thread/DEBUG] [atomicstryker.dynamiclights.server.DynamicLights/]: Successfully registered DynamicLight on Entity: ServerPlayer['MayEL1207'/9468, l='ServerLevel[world]', x=-485.70, y=73.00, z=24.46] in list []
[11Jun2026 01:30:47.740] [Server thread/DEBUG] [atomicstryker.dynamiclights.server.DynamicLights/]: Removing Dynamic Light attached to ServerPlayer['MayEL1207'/9468, l='ServerLevel[world]', x=-485.70, y=73.00, z=24.45]
[11Jun2026 01:30:47.788] [Server thread/DEBUG] [atomicstryker.dynamiclights.server.DynamicLights/]: Calling addLightSource on entity ServerPlayer['MayEL1207'/9468, l='ServerLevel[world]', x=-485.70, y=73.00, z=24.45], dimensionLocationPath overworld
[11Jun2026 01:30:47.788] [Server thread/DEBUG] [atomicstryker.dynamiclights.server.DynamicLights/]: Successfully registered DynamicLight on Entity: ServerPlayer['MayEL1207'/9468, l='ServerLevel[world]', x=-485.70, y=73.00, z=24.45] in list []
[11Jun2026 01:30:47.840] [Server thread/DEBUG] [atomicstryker.dynamiclights.server.DynamicLights/]: Removing Dynamic Light attached to ServerPlayer['MayEL1207'/9468, l='ServerLevel[world]', x=-485.70, y=73.00, z=24.45]
[11Jun2026 01:30:47.888] [Server thread/DEBUG] [atomicstryker.dynamiclights.server.DynamicLights/]: Calling addLightSource on entity ServerPlayer['MayEL1207'/9468, l='ServerLevel[world]', x=-485.70, y=73.00, z=24.45], dimensionLocationPath overworld
[11Jun2026 01:30:47.889] [Server thread/DEBUG] [atomicstryker.dynamiclights.server.DynamicLights/]: Successfully registered DynamicLight on Entity: ServerPlayer['MayEL1207'/9468, l='ServerLevel[world]', x=-485.70, y=73.00, z=24.45] in list []
[11Jun2026 01:30:47.947] [Server thread/DEBUG] [atomicstryker.dynamiclights.server.DynamicLights/]: Calling addLightSource on entity ServerPlayer['jinco98'/8270, l='ServerLevel[world]', x=-482.85, y=73.36, z=24.80], dimensionLocationPath overworld
[11Jun2026 01:30:47.947] [Server thread/DEBUG] [atomicstryker.dynamiclights.server.DynamicLights/]: Successfully registered DynamicLight on Entity: ServerPlayer['jinco98'/8270, l='ServerLevel[world]', x=-482.85, y=73.36, z=24.80] in list [atomicstryker.dynamiclights.server.DynamicLightSourceContainer@24fc]
[11Jun2026 01:30:47.947] [Server thread/DEBUG] [atomicstryker.dynamiclights.server.DynamicLights/]: Removing Dynamic Light attached to ServerPlayer['MayEL1207'/9468, l='ServerLevel[world]', x=-485.70, y=73.00, z=24.45]
[11Jun2026 01:30:47.988] [Server thread/DEBUG] [atomicstryker.dynamiclights.server.DynamicLights/]: Removing Dynamic Light attached to ServerPlayer['jinco98'/8270, l='ServerLevel[world]', x=-483.07, y=73.28, z=24.53]
[11Jun2026 01:30:47.988] [Server thread/DEBUG] [atomicstryker.dynamiclights.server.DynamicLights/]: Calling addLightSource on entity ServerPlayer['MayEL1207'/9468, l='ServerLevel[world]', x=-485.70, y=73.00, z=24.45], dimensionLocationPath overworld
[11Jun2026 01:30:47.988] [Server thread/DEBUG] [atomicstryker.dynamiclights.server.DynamicLights/]: Successfully registered DynamicLight on Entity: ServerPlayer['MayEL1207'/9468, l='ServerLevel[world]', x=-485.70, y=73.00, z=24.45] in list []
[11Jun2026 01:30:48.038] [Server thread/DEBUG] [atomicstryker.dynamiclights.server.DynamicLights/]: Calling addLightSource on entity ServerPlayer['jinco98'/8270, l='ServerLevel[world]', x=-483.24, y=73.19, z=24.25], dimensionLocationPath overworld
[11Jun2026 01:30:48.039] [Server thread/DEBUG] [atomicstryker.dynamiclights.server.DynamicLights/]: Successfully registered DynamicLight on Entity: ServerPlayer['jinco98'/8270, l='ServerLevel[world]', x=-483.24, y=73.19, z=24.25] in list [atomicstryker.dynamiclights.server.DynamicLightSourceContainer@24fc]
[11Jun2026 01:30:48.039] [Server thread/DEBUG] [atomicstryker.dynamiclights.server.DynamicLights/]: Removing Dynamic Light attached to ServerPlayer['MayEL1207'/9468, l='ServerLevel[world]', x=-485.70, y=73.00, z=24.44]
[11Jun2026 01:30:48.089] [Server thread/DEBUG] [atomicstryker.dynamiclights.server.DynamicLights/]: Removing Dynamic Light attached to ServerPlayer['jinco98'/8270, l='ServerLevel[world]', x=-483.57, y=73.53, z=23.91]
[11Jun2026 01:30:48.089] [Server thread/DEBUG] [atomicstryker.dynamiclights.server.DynamicLights/]: Calling addLightSource on entity ServerPlayer['MayEL1207'/9468, l='ServerLevel[world]', x=-485.70, y=73.00, z=24.41], dimensionLocationPath overworld
[11Jun2026 01:30:48.089] [Server thread/DEBUG] [atomicstryker.dynamiclights.server.DynamicLights/]: Successfully registered DynamicLight on Entity: ServerPlayer['MayEL1207'/9468, l='ServerLevel[world]', x=-485.70, y=73.00, z=24.41] in list []
[11Jun2026 01:30:48.139] [Server thread/DEBUG] [atomicstryker.dynamiclights.server.DynamicLights/]: Calling addLightSource on entity ServerPlayer['jinco98'/8270, l='ServerLevel[world]', x=-483.38, y=73.72, z=23.93], dimensionLocationPath overworld
[11Jun2026 01:30:48.139] [Server thread/DEBUG] [atomicstryker.dynamiclights.server.DynamicLights/]: Successfully registered DynamicLight on Entity: ServerPlayer['jinco98'/8270, l='ServerLevel[world]', x=-483.38, y=73.72, z=23.93] in list [atomicstryker.dynamiclights.server.DynamicLightSourceContainer@24fc]
[11Jun2026 01:30:48.140] [Server thread/DEBUG] [atomicstryker.dynamiclights.server.DynamicLights/]: Removing Dynamic Light attached to ServerPlayer['MayEL1207'/9468, l='ServerLevel[world]', x=-485.70, y=73.00, z=24.39]
[11Jun2026 01:30:48.188] [Server thread/DEBUG] [atomicstryker.dynamiclights.server.DynamicLights/]: Removing Dynamic Light attached to ServerPlayer['jinco98'/8270, l='ServerLevel[world]', x=-483.23, y=73.84, z=23.92]
[11Jun2026 01:30:48.188] [Server thread/DEBUG] [atomicstryker.dynamiclights.server.DynamicLights/]: Calling addLightSource on entity ServerPlayer['MayEL1207'/9468, l='ServerLevel[world]', x=-485.70, y=73.00, z=24.36], dimensionLocationPath overworld
[11Jun2026 01:30:48.189] [Server thread/DEBUG] [atomicstryker.dynamiclights.server.DynamicLights/]: Successfully registered DynamicLight on Entity: ServerPlayer['MayEL1207'/9468, l='ServerLevel[world]', x=-485.70, y=73.00, z=24.36] in list []
[11Jun2026 01:30:48.238] [Server thread/DEBUG] [atomicstryker.dynamiclights.server.DynamicLights/]: Calling addLightSource on entity ServerPlayer['jinco98'/8270, l='ServerLevel[world]', x=-483.10, y=73.87, z=23.89], dimensionLocationPath overworld
[11Jun2026 01:30:48.238] [Server thread/DEBUG] [atomicstryker.dynamiclights.server.DynamicLights/]: Successfully registered DynamicLight on Entity: ServerPlayer['jinco98'/8270, l='ServerLevel[world]', x=-483.10, y=73.87, z=23.89] in list [atomicstryker.dynamiclights.server.DynamicLightSourceContainer@24fc]
[11Jun2026 01:30:48.238] [Server thread/DEBUG] [atomicstryker.dynamiclights.server.DynamicLights/]: Removing Dynamic Light attached to ServerPlayer['MayEL1207'/9468, l='ServerLevel[world]', x=-485.70, y=73.00, z=24.32]
[11Jun2026 01:30:48.289] [Server thread/DEBUG] [atomicstryker.dynamiclights.server.DynamicLights/]: Removing Dynamic Light attached to ServerPlayer['jinco98'/8270, l='ServerLevel[world]', x=-482.99, y=73.82, z=23.85]
[11Jun2026 01:30:48.289] [Server thread/DEBUG] [atomicstryker.dynamiclights.server.DynamicLights/]: Calling addLightSource on entity ServerPlayer['MayEL1207'/9468, l='ServerLevel[world]', x=-485.70, y=73.00, z=24.38], dimensionLocationPath overworld
[11Jun2026 01:30:48.289] [Server thread/DEBUG] [atomicstryker.dynamiclights.server.DynamicLights/]: Successfully registered DynamicLight on Entity: ServerPlayer['MayEL1207'/9468, l='ServerLevel[world]', x=-485.70, y=73.00, z=24.38] in list []
[11Jun2026 01:30:48.338] [Server thread/DEBUG] [atomicstryker.dynamiclights.server.DynamicLights/]: Calling addLightSource on entity ServerPlayer['jinco98'/8270, l='ServerLevel[world]', x=-482.92, y=73.70, z=23.78], dimensionLocationPath overworld
[11Jun2026 01:30:48.338] [Server thread/DEBUG] [atomicstryker.dynamiclights.server.DynamicLights/]: Successfully registered DynamicLight on Entity: ServerPlayer['jinco98'/8270, l='ServerLevel[world]', x=-482.92, y=73.70, z=23.78] in list [atomicstryker.dynamiclights.server.DynamicLightSourceContainer@24fc]
[11Jun2026 01:30:48.338] [Server thread/DEBUG] [atomicstryker.dynamiclights.server.DynamicLights/]: Removing Dynamic Light attached to ServerPlayer['MayEL1207'/9468, l='ServerLevel[world]', x=-485.70, y=73.00, z=24.41]
[11Jun2026 01:30:48.388] [Server thread/DEBUG] [atomicstryker.dynamiclights.server.DynamicLights/]: Removing Dynamic Light attached to ServerPlayer['jinco98'/8270, l='ServerLevel[world]', x=-482.87, y=73.49, z=23.71]
[11Jun2026 01:30:48.388] [Server thread/DEBUG] [atomicstryker.dynamiclights.server.DynamicLights/]: Calling addLightSource on entity ServerPlayer['MayEL1207'/9468, l='ServerLevel[world]', x=-485.70, y=73.00, z=24.37], dimensionLocationPath overworld
[11Jun2026 01:30:48.389] [Server thread/DEBUG] [atomicstryker.dynamiclights.server.DynamicLights/]: Successfully registered DynamicLight on Entity: ServerPlayer['MayEL1207'/9468, l='ServerLevel[world]', x=-485.70, y=73.00, z=24.37] in list []
[11Jun2026 01:30:48.438] [Server thread/DEBUG] [atomicstryker.dynamiclights.server.DynamicLights/]: Calling addLightSource on entity ServerPlayer['jinco98'/8270, l='ServerLevel[world]', x=-482.84, y=73.22, z=23.62], dimensionLocationPath overworld
[11Jun2026 01:30:48.438] [Server thread/DEBUG] [atomicstryker.dynamiclights.server.DynamicLights/]: Successfully registered DynamicLight on Entity: ServerPlayer['jinco98'/8270, l='ServerLevel[world]', x=-482.84, y=73.22, z=23.62] in list [atomicstryker.dynamiclights.server.DynamicLightSourceContainer@24fc]
[11Jun2026 01:30:48.438] [Server thread/DEBUG] [atomicstryker.dynamiclights.server.DynamicLights/]: Removing Dynamic Light attached to ServerPlayer['MayEL1207'/9468, l='ServerLevel[world]', x=-485.70, y=73.00, z=24.33]
[11Jun2026 01:30:48.488] [Server thread/DEBUG] [atomicstryker.dynamiclights.server.DynamicLights/]: Removing Dynamic Light attached to ServerPlayer['jinco98'/8270, l='ServerLevel[world]', x=-482.83, y=73.00, z=23.53]
[11Jun2026 01:30:48.488] [Server thread/DEBUG] [atomicstryker.dynamiclights.server.DynamicLights/]: Calling addLightSource on entity ServerPlayer['MayEL1207'/9468, l='ServerLevel[world]', x=-485.70, y=73.00, z=24.30], dimensionLocationPath overworld
[11Jun2026 01:30:48.488] [Server thread/DEBUG] [atomicstryker.dynamiclights.server.DynamicLights/]: Successfully registered DynamicLight on Entity: ServerPlayer['MayEL1207'/9468, l='ServerLevel[world]', x=-485.70, y=73.00, z=24.30] in list []
[11Jun2026 01:30:48.538] [Server thread/DEBUG] [atomicstryker.dynamiclights.server.DynamicLights/]: Calling addLightSource on entity ServerPlayer['jinco98'/8270, l='ServerLevel[world]', x=-482.85, y=73.00, z=23.42], dimensionLocationPath overworld
[11Jun2026 01:30:48.538] [Server thread/DEBUG] [atomicstryker.dynamiclights.server.DynamicLights/]: Successfully registered DynamicLight on Entity: ServerPlayer['jinco98'/8270, l='ServerLevel[world]', x=-482.85, y=73.00, z=23.42] in list [atomicstryker.dynamiclights.server.DynamicLightSourceContainer@24fc]
[11Jun2026 01:30:48.538] [Server thread/DEBUG] [atomicstryker.dynamiclights.server.DynamicLights/]: Removing Dynamic Light attached to ServerPlayer['MayEL1207'/9468, l='ServerLevel[world]', x=-485.70, y=73.00, z=24.30]
[11Jun2026 01:30:48.588] [Server thread/DEBUG] [atomicstryker.dynamiclights.server.DynamicLights/]: Removing Dynamic Light attached to ServerPlayer['jinco98'/8270, l='ServerLevel[world]', x=-482.88, y=73.00, z=23.31]
[11Jun2026 01:30:48.588] [Server thread/DEBUG] [atomicstryker.dynamiclights.server.DynamicLights/]: Calling addLightSource on entity ServerPlayer['MayEL1207'/9468, l='ServerLevel[world]', x=-485.70, y=73.00, z=24.30], dimensionLocationPath overworld
[11Jun2026 01:30:48.589] [Server thread/DEBUG] [atomicstryker.dynamiclights.server.DynamicLights/]: Successfully registered DynamicLight on Entity: ServerPlayer['MayEL1207'/9468, l='ServerLevel[world]', x=-485.70, y=73.00, z=24.30] in list []
[11Jun2026 01:30:48.638] [Server thread/DEBUG] [atomicstryker.dynamiclights.server.DynamicLights/]: Calling addLightSource on entity ServerPlayer['jinco98'/8270, l='ServerLevel[world]', x=-483.03, y=73.00, z=23.15], dimensionLocationPath overworld
[11Jun2026 01:30:48.638] [Server thread/DEBUG] [atomicstryker.dynamiclights.server.DynamicLights/]: Successfully registered DynamicLight on Entity: ServerPlayer['jinco98'/8270, l='ServerLevel[world]', x=-483.03, y=73.00, z=23.15] in list [atomicstryker.dynamiclights.server.DynamicLightSourceContainer@24fc]
[11Jun2026 01:30:48.638] [Server thread/DEBUG] [atomicstryker.dynamiclights.server.DynamicLights/]: Removing Dynamic Light attached to ServerPlayer['MayEL1207'/9468, l='ServerLevel[world]', x=-485.70, y=73.00, z=24.30]
[11Jun2026 01:30:48.704] [Server thread/DEBUG] [atomicstryker.dynamiclights.server.DynamicLights/]: Removing Dynamic Light attached to ServerPlayer['jinco98'/8270, l='ServerLevel[world]', x=-483.24, y=73.00, z=23.02]
[11Jun2026 01:30:48.704] [Server thread/DEBUG] [atomicstryker.dynamiclights.server.DynamicLights/]: Calling addLightSource on entity ServerPlayer['MayEL1207'/9468, l='ServerLevel[world]', x=-485.70, y=73.00, z=24.30], dimensionLocationPath overworld
[11Jun2026 01:30:48.704] [Server thread/DEBUG] [atomicstryker.dynamiclights.server.DynamicLights/]: Successfully registered DynamicLight on Entity: ServerPlayer['MayEL1207'/9468, l='ServerLevel[world]', x=-485.70, y=73.00, z=24.30] in list []
[11Jun2026 01:30:48.738] [Server thread/DEBUG] [atomicstryker.dynamiclights.server.DynamicLights/]: Calling addLightSource on entity ServerPlayer['jinco98'/8270, l='ServerLevel[world]', x=-483.41, y=73.00, z=22.86], dimensionLocationPath overworld
[11Jun2026 01:30:48.738] [Server thread/DEBUG] [atomicstryker.dynamiclights.server.DynamicLights/]: Successfully registered DynamicLight on Entity: ServerPlayer['jinco98'/8270, l='ServerLevel[world]', x=-483.41, y=73.00, z=22.86] in list [atomicstryker.dynamiclights.server.DynamicLightSourceContainer@24fc]
[11Jun2026 01:30:48.738] [Server thread/DEBUG] [atomicstryker.dynamiclights.server.DynamicLights/]: Removing Dynamic Light attached to ServerPlayer['MayEL1207'/9468, l='ServerLevel[world]', x=-485.70, y=73.00, z=24.30]
[11Jun2026 01:30:48.788] [Server thread/DEBUG] [atomicstryker.dynamiclights.server.DynamicLights/]: Removing Dynamic Light attached to ServerPlayer['jinco98'/8270, l='ServerLevel[world]', x=-483.56, y=73.00, z=22.70]
[11Jun2026 01:30:48.789] [Server thread/DEBUG] [atomicstryker.dynamiclights.server.DynamicLights/]: Calling addLightSource on entity ServerPlayer['MayEL1207'/9468, l='ServerLevel[world]', x=-485.70, y=73.00, z=24.30], dimensionLocationPath overworld
[11Jun2026 01:30:48.789] [Server thread/DEBUG] [atomicstryker.dynamiclights.server.DynamicLights/]: Successfully registered DynamicLight on Entity: ServerPlayer['MayEL1207'/9468, l='ServerLevel[world]', x=-485.70, y=73.00, z=24.30] in list []
[11Jun2026 01:30:48.837] [Server thread/DEBUG] [atomicstryker.dynamiclights.server.DynamicLights/]: Calling addLightSource on entity ServerPlayer['jinco98'/8270, l='ServerLevel[world]', x=-483.64, y=73.00, z=22.61], dimensionLocationPath overworld
[11Jun2026 01:30:48.837] [Server thread/DEBUG] [atomicstryker.dynamiclights.server.DynamicLights/]: Successfully registered DynamicLight on Entity: ServerPlayer['jinco98'/8270, l='ServerLevel[world]', x=-483.64, y=73.00, z=22.61] in list [atomicstryker.dynamiclights.server.DynamicLightSourceContainer@24fc]
[11Jun2026 01:30:48.837] [Server thread/DEBUG] [atomicstryker.dynamiclights.server.DynamicLights/]: Removing Dynamic Light attached to ServerPlayer['MayEL1207'/9468, l='ServerLevel[world]', x=-485.70, y=73.00, z=24.30]
[11Jun2026 01:30:48.888] [Server thread/DEBUG] [atomicstryker.dynamiclights.server.DynamicLights/]: Removing Dynamic Light attached to ServerPlayer['jinco98'/8270, l='ServerLevel[world]', x=-483.68, y=73.00, z=22.56]
[11Jun2026 01:30:48.889] [Server thread/DEBUG] [atomicstryker.dynamiclights.server.DynamicLights/]: Calling addLightSource on entity ServerPlayer['MayEL1207'/9468, l='ServerLevel[world]', x=-485.70, y=73.00, z=24.30], dimensionLocationPath overworld
[11Jun2026 01:30:48.889] [Server thread/DEBUG] [atomicstryker.dynamiclights.server.DynamicLights/]: Successfully registered DynamicLight on Entity: ServerPlayer['MayEL1207'/9468, l='ServerLevel[world]', x=-485.70, y=73.00, z=24.30] in list []
[11Jun2026 01:30:48.938] [Server thread/DEBUG] [atomicstryker.dynamiclights.server.DynamicLights/]: Calling addLightSource on entity ServerPlayer['jinco98'/8270, l='ServerLevel[world]', x=-483.76, y=73.50, z=22.61], dimensionLocationPath overworld
[11Jun2026 01:30:48.938] [Server thread/DEBUG] [atomicstryker.dynamiclights.server.DynamicLights/]: Successfully registered DynamicLight on Entity: ServerPlayer['jinco98'/8270, l='ServerLevel[world]', x=-483.76, y=73.50, z=22.61] in list [atomicstryker.dynamiclights.server.DynamicLightSourceContainer@24fc]
[11Jun2026 01:30:48.939] [Server thread/DEBUG] [atomicstryker.dynamiclights.server.DynamicLights/]: Removing Dynamic Light attached to ServerPlayer['MayEL1207'/9468, l='ServerLevel[world]', x=-485.70, y=73.78, z=24.49]
[11Jun2026 01:30:48.996] [Server thread/DEBUG] [atomicstryker.dynamiclights.server.DynamicLights/]: Removing Dynamic Light attached to ServerPlayer['jinco98'/8270, l='ServerLevel[world]', x=-483.86, y=74.00, z=22.72]
[11Jun2026 01:30:48.996] [Server thread/DEBUG] [atomicstryker.dynamiclights.server.DynamicLights/]: Calling addLightSource on entity ServerPlayer['MayEL1207'/9468, l='ServerLevel[world]', x=-485.70, y=73.97, z=24.59], dimensionLocationPath overworld
[11Jun2026 01:30:48.996] [Server thread/DEBUG] [atomicstryker.dynamiclights.server.DynamicLights/]: Successfully registered DynamicLight on Entity: ServerPlayer['MayEL1207'/9468, l='ServerLevel[world]', x=-485.70, y=73.97, z=24.59] in list []
[11Jun2026 01:30:49.038] [Server thread/DEBUG] [atomicstryker.dynamiclights.server.DynamicLights/]: Calling addLightSource on entity ServerPlayer['jinco98'/8270, l='ServerLevel[world]', x=-483.97, y=74.00, z=22.86], dimensionLocationPath overworld
[11Jun2026 01:30:49.038] [Server thread/DEBUG] [atomicstryker.dynamiclights.server.DynamicLights/]: Successfully registered DynamicLight on Entity: ServerPlayer['jinco98'/8270, l='ServerLevel[world]', x=-483.97, y=74.00, z=22.86] in list [atomicstryker.dynamiclights.server.DynamicLightSourceContainer@24fc]
[11Jun2026 01:30:49.038] [Server thread/DEBUG] [atomicstryker.dynamiclights.server.DynamicLights/]: Removing Dynamic Light attached to ServerPlayer['MayEL1207'/9468, l='ServerLevel[world]', x=-485.70, y=74.08, z=24.68]
[11Jun2026 01:30:49.089] [Server thread/DEBUG] [atomicstryker.dynamiclights.server.DynamicLights/]: Removing Dynamic Light attached to ServerPlayer['jinco98'/8270, l='ServerLevel[world]', x=-484.09, y=74.00, z=23.02]
[11Jun2026 01:30:49.089] [Server thread/DEBUG] [atomicstryker.dynamiclights.server.DynamicLights/]: Calling addLightSource on entity ServerPlayer['MayEL1207'/9468, l='ServerLevel[world]', x=-485.70, y=74.10, z=24.76], dimensionLocationPath overworld
[11Jun2026 01:30:49.089] [Server thread/DEBUG] [atomicstryker.dynamiclights.server.DynamicLights/]: Successfully registered DynamicLight on Entity: ServerPlayer['MayEL1207'/9468, l='ServerLevel[world]', x=-485.70, y=74.10, z=24.76] in list []
[11Jun2026 01:30:49.138] [Server thread/DEBUG] [atomicstryker.dynamiclights.server.DynamicLights/]: Calling addLightSource on entity ServerPlayer['jinco98'/8270, l='ServerLevel[world]', x=-484.21, y=74.00, z=23.19], dimensionLocationPath overworld
[11Jun2026 01:30:49.138] [Server thread/DEBUG] [atomicstryker.dynamiclights.server.DynamicLights/]: Successfully registered DynamicLight on Entity: ServerPlayer['jinco98'/8270, l='ServerLevel[world]', x=-484.21, y=74.00, z=23.19] in list [atomicstryker.dynamiclights.server.DynamicLightSourceContainer@24fc]
[11Jun2026 01:30:49.139] [Server thread/DEBUG] [atomicstryker.dynamiclights.server.DynamicLights/]: Removing Dynamic Light attached to ServerPlayer['MayEL1207'/9468, l='ServerLevel[world]', x=-485.70, y=74.05, z=24.84]
[11Jun2026 01:30:49.195] [Server thread/DEBUG] [atomicstryker.dynamiclights.server.DynamicLights/]: Removing Dynamic Light attached to ServerPlayer['jinco98'/8270, l='ServerLevel[world]', x=-484.26, y=74.00, z=23.27]
[11Jun2026 01:30:49.195] [Server thread/DEBUG] [atomicstryker.dynamiclights.server.DynamicLights/]: Calling addLightSource on entity ServerPlayer['MayEL1207'/9468, l='ServerLevel[world]', x=-485.70, y=73.92, z=24.91], dimensionLocationPath overworld
[11Jun2026 01:30:49.195] [Server thread/DEBUG] [atomicstryker.dynamiclights.server.DynamicLights/]: Successfully registered DynamicLight on Entity: ServerPlayer['MayEL1207'/9468, l='ServerLevel[world]', x=-485.70, y=73.92, z=24.91] in list []
[11Jun2026 01:30:49.238] [Server thread/DEBUG] [atomicstryker.dynamiclights.server.DynamicLights/]: Calling addLightSource on entity ServerPlayer['jinco98'/8270, l='ServerLevel[world]', x=-484.32, y=74.00, z=23.41], dimensionLocationPath overworld
[11Jun2026 01:30:49.238] [Server thread/DEBUG] [atomicstryker.dynamiclights.server.DynamicLights/]: Successfully registered DynamicLight on Entity: ServerPlayer['jinco98'/8270, l='ServerLevel[world]', x=-484.32, y=74.00, z=23.41] in list [atomicstryker.dynamiclights.server.DynamicLightSourceContainer@24fc]
[11Jun2026 01:30:49.238] [Server thread/DEBUG] [atomicstryker.dynamiclights.server.DynamicLights/]: Removing Dynamic Light attached to ServerPlayer['MayEL1207'/9468, l='ServerLevel[world]', x=-485.69, y=73.71, z=24.99]
[11Jun2026 01:30:49.288] [Server thread/DEBUG] [atomicstryker.dynamiclights.server.DynamicLights/]: Removing Dynamic Light attached to ServerPlayer['jinco98'/8270, l='ServerLevel[world]', x=-484.29, y=74.00, z=23.56]
[11Jun2026 01:30:49.289] [Server thread/DEBUG] [atomicstryker.dynamiclights.server.DynamicLights/]: Calling addLightSource on entity ServerPlayer['MayEL1207'/9468, l='ServerLevel[world]', x=-485.67, y=73.43, z=25.08], dimensionLocationPath overworld
[11Jun2026 01:30:49.289] [Server thread/DEBUG] [atomicstryker.dynamiclights.server.DynamicLights/]: Successfully registered DynamicLight on Entity: ServerPlayer['MayEL1207'/9468, l='ServerLevel[world]', x=-485.67, y=73.43, z=25.08] in list []
[11Jun2026 01:30:49.338] [Server thread/DEBUG] [atomicstryker.dynamiclights.server.DynamicLights/]: Calling addLightSource on entity ServerPlayer['jinco98'/8270, l='ServerLevel[world]', x=-484.20, y=74.00, z=23.71], dimensionLocationPath overworld
[11Jun2026 01:30:49.339] [Server thread/DEBUG] [atomicstryker.dynamiclights.server.DynamicLights/]: Successfully registered DynamicLight on Entity: ServerPlayer['jinco98'/8270, l='ServerLevel[world]', x=-484.20, y=74.00, z=23.71] in list [atomicstryker.dynamiclights.server.DynamicLightSourceContainer@24fc]
[11Jun2026 01:30:49.339] [Server thread/DEBUG] [atomicstryker.dynamiclights.server.DynamicLights/]: Removing Dynamic Light attached to ServerPlayer['MayEL1207'/9468, l='ServerLevel[world]', x=-485.65, y=73.08, z=25.18]
[11Jun2026 01:30:49.388] [Server thread/DEBUG] [atomicstryker.dynamiclights.server.DynamicLights/]: Removing Dynamic Light attached to ServerPlayer['jinco98'/8270, l='ServerLevel[world]', x=-484.06, y=74.00, z=23.83]
[11Jun2026 01:30:49.388] [Server thread/DEBUG] [atomicstryker.dynamiclights.server.DynamicLights/]: Calling addLightSource on entity ServerPlayer['MayEL1207'/9468, l='ServerLevel[world]', x=-485.61, y=73.00, z=25.29], dimensionLocationPath overworld
[11Jun2026 01:30:49.388] [Server thread/DEBUG] [atomicstryker.dynamiclights.server.DynamicLights/]: Successfully registered DynamicLight on Entity: ServerPlayer['MayEL1207'/9468, l='ServerLevel[world]', x=-485.61, y=73.00, z=25.29] in list []
[11Jun2026 01:30:49.447] [Server thread/DEBUG] [atomicstryker.dynamiclights.server.DynamicLights/]: Calling addLightSource on entity ServerPlayer['jinco98'/8270, l='ServerLevel[world]', x=-483.89, y=74.00, z=23.93], dimensionLocationPath overworld
[11Jun2026 01:30:49.447] [Server thread/DEBUG] [atomicstryker.dynamiclights.server.DynamicLights/]: Successfully registered DynamicLight on Entity: ServerPlayer['jinco98'/8270, l='ServerLevel[world]', x=-483.89, y=74.00, z=23.93] in list [atomicstryker.dynamiclights.server.DynamicLightSourceContainer@24fc]
[11Jun2026 01:30:49.447] [Server thread/DEBUG] [atomicstryker.dynamiclights.server.DynamicLights/]: Removing Dynamic Light attached to ServerPlayer['MayEL1207'/9468, l='ServerLevel[world]', x=-485.52, y=73.00, z=25.46]
[11Jun2026 01:30:49.490] [Server thread/DEBUG] [atomicstryker.dynamiclights.server.DynamicLights/]: Removing Dynamic Light attached to ServerPlayer['jinco98'/8270, l='ServerLevel[world]', x=-483.67, y=73.92, z=23.99]
[11Jun2026 01:30:49.490] [Server thread/DEBUG] [atomicstryker.dynamiclights.server.DynamicLights/]: Calling addLightSource on entity ServerPlayer['MayEL1207'/9468, l='ServerLevel[world]', x=-485.39, y=73.00, z=25.62], dimensionLocationPath overworld
[11Jun2026 01:30:49.490] [Server thread/DEBUG] [atomicstryker.dynamiclights.server.DynamicLights/]: Successfully registered DynamicLight on Entity: ServerPlayer['MayEL1207'/9468, l='ServerLevel[world]', x=-485.39, y=73.00, z=25.62] in list []
[11Jun2026 01:30:49.543] [Server thread/DEBUG] [atomicstryker.dynamiclights.server.DynamicLights/]: Calling addLightSource on entity ServerPlayer['jinco98'/8270, l='ServerLevel[world]', x=-483.49, y=73.77, z=24.10], dimensionLocationPath overworld
[11Jun2026 01:30:49.543] [Server thread/DEBUG] [atomicstryker.dynamiclights.server.DynamicLights/]: Successfully registered DynamicLight on Entity: ServerPlayer['jinco98'/8270, l='ServerLevel[world]', x=-483.49, y=73.77, z=24.10] in list [atomicstryker.dynamiclights.server.DynamicLightSourceContainer@24fc]
[11Jun2026 01:30:49.543] [Server thread/DEBUG] [atomicstryker.dynamiclights.server.DynamicLights/]: Removing Dynamic Light attached to ServerPlayer['MayEL1207'/9468, l='ServerLevel[world]', x=-485.23, y=73.00, z=25.74]
[11Jun2026 01:30:49.589] [Server thread/DEBUG] [atomicstryker.dynamiclights.server.DynamicLights/]: Removing Dynamic Light attached to ServerPlayer['jinco98'/8270, l='ServerLevel[world]', x=-483.37, y=73.54, z=24.16]
[11Jun2026 01:30:49.590] [Server thread/DEBUG] [atomicstryker.dynamiclights.server.DynamicLights/]: Calling addLightSource on entity ServerPlayer['MayEL1207'/9468, l='ServerLevel[world]', x=-485.05, y=73.00, z=25.82], dimensionLocationPath overworld
[11Jun2026 01:30:49.590] [Server thread/DEBUG] [atomicstryker.dynamiclights.server.DynamicLights/]: Successfully registered DynamicLight on Entity: ServerPlayer['MayEL1207'/9468, l='ServerLevel[world]', x=-485.05, y=73.00, z=25.82] in list []
[11Jun2026 01:30:49.639] [Server thread/DEBUG] [atomicstryker.dynamiclights.server.DynamicLights/]: Calling addLightSource on entity ServerPlayer['jinco98'/8270, l='ServerLevel[world]', x=-482.87, y=73.23, z=24.12], dimensionLocationPath overworld
[11Jun2026 01:30:49.639] [Server thread/DEBUG] [atomicstryker.dynamiclights.server.DynamicLights/]: Successfully registered DynamicLight on Entity: ServerPlayer['jinco98'/8270, l='ServerLevel[world]', x=-482.87, y=73.23, z=24.12] in list [atomicstryker.dynamiclights.server.DynamicLightSourceContainer@24fc]
[11Jun2026 01:30:49.639] [Server thread/DEBUG] [atomicstryker.dynamiclights.server.DynamicLights/]: Removing Dynamic Light attached to ServerPlayer['MayEL1207'/9468, l='ServerLevel[world]', x=-484.85, y=73.00, z=25.89]
[11Jun2026 01:30:49.692] [Server thread/DEBUG] [atomicstryker.dynamiclights.server.DynamicLights/]: Removing Dynamic Light attached to ServerPlayer['jinco98'/8270, l='ServerLevel[world]', x=-482.77, y=73.00, z=24.19]
[11Jun2026 01:30:49.693] [Server thread/DEBUG] [atomicstryker.dynamiclights.server.DynamicLights/]: Calling addLightSource on entity ServerPlayer['MayEL1207'/9468, l='ServerLevel[world]', x=-484.65, y=73.00, z=25.94], dimensionLocationPath overworld
[11Jun2026 01:30:49.693] [Server thread/DEBUG] [atomicstryker.dynamiclights.server.DynamicLights/]: Successfully registered DynamicLight on Entity: ServerPlayer['MayEL1207'/9468, l='ServerLevel[world]', x=-484.65, y=73.00, z=25.94] in list []
[11Jun2026 01:30:49.738] [Server thread/DEBUG] [atomicstryker.dynamiclights.server.DynamicLights/]: Calling addLightSource on entity ServerPlayer['jinco98'/8270, l='ServerLevel[world]', x=-482.66, y=73.00, z=24.26], dimensionLocationPath overworld
[11Jun2026 01:30:49.738] [Server thread/DEBUG] [atomicstryker.dynamiclights.server.DynamicLights/]: Successfully registered DynamicLight on Entity: ServerPlayer['jinco98'/8270, l='ServerLevel[world]', x=-482.66, y=73.00, z=24.26] in list [atomicstryker.dynamiclights.server.DynamicLightSourceContainer@24fc]
[11Jun2026 01:30:49.738] [Server thread/DEBUG] [atomicstryker.dynamiclights.server.DynamicLights/]: Removing Dynamic Light attached to ServerPlayer['MayEL1207'/9468, l='ServerLevel[world]', x=-484.54, y=73.00, z=25.96]
[11Jun2026 01:30:49.790] [Server thread/DEBUG] [atomicstryker.dynamiclights.server.DynamicLights/]: Removing Dynamic Light attached to ServerPlayer['jinco98'/8270, l='ServerLevel[world]', x=-482.61, y=73.00, z=24.44]
[11Jun2026 01:30:49.791] [Server thread/DEBUG] [atomicstryker.dynamiclights.server.DynamicLights/]: Calling addLightSource on entity ServerPlayer['MayEL1207'/9468, l='ServerLevel[world]', x=-484.52, y=73.00, z=25.89], dimensionLocationPath overworld
[11Jun2026 01:30:49.791] [Server thread/DEBUG] [atomicstryker.dynamiclights.server.DynamicLights/]: Successfully registered DynamicLight on Entity: ServerPlayer['MayEL1207'/9468, l='ServerLevel[world]', x=-484.52, y=73.00, z=25.89] in list []
[11Jun2026 01:30:49.856] [Server thread/DEBUG] [atomicstryker.dynamiclights.server.DynamicLights/]: Calling addLightSource on entity ServerPlayer['jinco98'/8270, l='ServerLevel[world]', x=-482.24, y=72.92, z=24.38], dimensionLocationPath overworld
[11Jun2026 01:30:49.856] [Server thread/DEBUG] [atomicstryker.dynamiclights.server.DynamicLights/]: Successfully registered DynamicLight on Entity: ServerPlayer['jinco98'/8270, l='ServerLevel[world]', x=-482.24, y=72.92, z=24.38] in list [atomicstryker.dynamiclights.server.DynamicLightSourceContainer@24fc]
[11Jun2026 01:30:49.856] [Server thread/DEBUG] [atomicstryker.dynamiclights.server.DynamicLights/]: Removing Dynamic Light attached to ServerPlayer['MayEL1207'/9468, l='ServerLevel[world]', x=-484.57, y=73.00, z=25.77]
[11Jun2026 01:30:49.888] [Server thread/DEBUG] [atomicstryker.dynamiclights.server.DynamicLights/]: Removing Dynamic Light attached to ServerPlayer['jinco98'/8270, l='ServerLevel[world]', x=-481.94, y=72.77, z=24.39]
[11Jun2026 01:30:49.888] [Server thread/DEBUG] [atomicstryker.dynamiclights.server.DynamicLights/]: Calling addLightSource on entity ServerPlayer['MayEL1207'/9468, l='ServerLevel[world]', x=-484.59, y=73.00, z=25.70], dimensionLocationPath overworld
[11Jun2026 01:30:49.888] [Server thread/DEBUG] [atomicstryker.dynamiclights.server.DynamicLights/]: Successfully registered DynamicLight on Entity: ServerPlayer['MayEL1207'/9468, l='ServerLevel[world]', x=-484.59, y=73.00, z=25.70] in list []
[11Jun2026 01:30:49.939] [Server thread/DEBUG] [atomicstryker.dynamiclights.server.DynamicLights/]: Calling addLightSource on entity ServerPlayer['jinco98'/8270, l='ServerLevel[world]', x=-481.75, y=72.54, z=24.40], dimensionLocationPath overworld
[11Jun2026 01:30:49.939] [Server thread/DEBUG] [atomicstryker.dynamiclights.server.DynamicLights/]: Successfully registered DynamicLight on Entity: ServerPlayer['jinco98'/8270, l='ServerLevel[world]', x=-481.75, y=72.54, z=24.40] in list [atomicstryker.dynamiclights.server.DynamicLightSourceContainer@24fc]
[11Jun2026 01:30:49.939] [Server thread/DEBUG] [atomicstryker.dynamiclights.server.DynamicLights/]: Removing Dynamic Light attached to ServerPlayer['MayEL1207'/9468, l='ServerLevel[world]', x=-484.60, y=73.00, z=25.67]
[11Jun2026 01:30:50.004] [Server thread/DEBUG] [atomicstryker.dynamiclights.server.DynamicLights/]: Removing Dynamic Light attached to ServerPlayer['jinco98'/8270, l='ServerLevel[world]', x=-481.55, y=72.23, z=24.42]
[11Jun2026 01:30:50.004] [Server thread/DEBUG] [atomicstryker.dynamiclights.server.DynamicLights/]: Calling addLightSource on entity ServerPlayer['MayEL1207'/9468, l='ServerLevel[world]', x=-484.61, y=73.00, z=25.65], dimensionLocationPath overworld
[11Jun2026 01:30:50.005] [Server thread/DEBUG] [atomicstryker.dynamiclights.server.DynamicLights/]: Successfully registered DynamicLight on Entity: ServerPlayer['MayEL1207'/9468, l='ServerLevel[world]', x=-484.61, y=73.00, z=25.65] in list []
[11Jun2026 01:30:50.040] [Server thread/DEBUG] [atomicstryker.dynamiclights.server.DynamicLights/]: Calling addLightSource on entity ServerPlayer['jinco98'/8270, l='ServerLevel[world]', x=-481.38, y=72.00, z=24.44], dimensionLocationPath overworld
[11Jun2026 01:30:50.041] [Server thread/DEBUG] [atomicstryker.dynamiclights.server.DynamicLights/]: Successfully registered DynamicLight on Entity: ServerPlayer['jinco98'/8270, l='ServerLevel[world]', x=-481.38, y=72.00, z=24.44] in list [atomicstryker.dynamiclights.server.DynamicLightSourceContainer@24fc]
[11Jun2026 01:30:50.041] [Server thread/DEBUG] [atomicstryker.dynamiclights.server.DynamicLights/]: Removing Dynamic Light attached to ServerPlayer['MayEL1207'/9468, l='ServerLevel[world]', x=-484.93, y=73.78, z=25.88]
[11Jun2026 01:30:50.089] [Server thread/DEBUG] [atomicstryker.dynamiclights.server.DynamicLights/]: Removing Dynamic Light attached to ServerPlayer['jinco98'/8270, l='ServerLevel[world]', x=-481.22, y=72.00, z=24.44]
[11Jun2026 01:30:50.089] [Server thread/DEBUG] [atomicstryker.dynamiclights.server.DynamicLights/]: Calling addLightSource on entity ServerPlayer['MayEL1207'/9468, l='ServerLevel[world]', x=-485.11, y=73.97, z=26.01], dimensionLocationPath overworld
[11Jun2026 01:30:50.089] [Server thread/DEBUG] [atomicstryker.dynamiclights.server.DynamicLights/]: Successfully registered DynamicLight on Entity: ServerPlayer['MayEL1207'/9468, l='ServerLevel[world]', x=-485.11, y=73.97, z=26.01] in list []
[11Jun2026 01:30:50.141] [Server thread/DEBUG] [atomicstryker.dynamiclights.server.DynamicLights/]: Calling addLightSource on entity ServerPlayer['jinco98'/8270, l='ServerLevel[world]', x=-481.09, y=72.00, z=24.35], dimensionLocationPath overworld
[11Jun2026 01:30:50.141] [Server thread/DEBUG] [atomicstryker.dynamiclights.server.DynamicLights/]: Successfully registered DynamicLight on Entity: ServerPlayer['jinco98'/8270, l='ServerLevel[world]', x=-481.09, y=72.00, z=24.35] in list [atomicstryker.dynamiclights.server.DynamicLightSourceContainer@24fc]
[11Jun2026 01:30:50.141] [Server thread/DEBUG] [atomicstryker.dynamiclights.server.DynamicLights/]: Removing Dynamic Light attached to ServerPlayer['MayEL1207'/9468, l='ServerLevel[world]', x=-485.27, y=74.08, z=26.12]
[11Jun2026 01:30:50.189] [Server thread/DEBUG] [atomicstryker.dynamiclights.server.DynamicLights/]: Removing Dynamic Light attached to ServerPlayer['jinco98'/8270, l='ServerLevel[world]', x=-481.08, y=72.00, z=24.22]
[11Jun2026 01:30:50.189] [Server thread/DEBUG] [atomicstryker.dynamiclights.server.DynamicLights/]: Calling addLightSource on entity ServerPlayer['MayEL1207'/9468, l='ServerLevel[world]', x=-485.42, y=74.10, z=26.23], dimensionLocationPath overworld
[11Jun2026 01:30:50.189] [Server thread/DEBUG] [atomicstryker.dynamiclights.server.DynamicLights/]: Successfully registered DynamicLight on Entity: ServerPlayer['MayEL1207'/9468, l='ServerLevel[world]', x=-485.42, y=74.10, z=26.23] in list []
[11Jun2026 01:30:50.238] [Server thread/DEBUG] [atomicstryker.dynamiclights.server.DynamicLights/]: Calling addLightSource on entity ServerPlayer['jinco98'/8270, l='ServerLevel[world]', x=-481.18, y=72.00, z=24.15], dimensionLocationPath overworld
[11Jun2026 01:30:50.238] [Server thread/DEBUG] [atomicstryker.dynamiclights.server.DynamicLights/]: Successfully registered DynamicLight on Entity: ServerPlayer['jinco98'/8270, l='ServerLevel[world]', x=-481.18, y=72.00, z=24.15] in list [atomicstryker.dynamiclights.server.DynamicLightSourceContainer@24fc]
[11Jun2026 01:30:50.239] [Server thread/DEBUG] [atomicstryker.dynamiclights.server.DynamicLights/]: Removing Dynamic Light attached to ServerPlayer['MayEL1207'/9468, l='ServerLevel[world]', x=-485.55, y=74.05, z=26.32]
[11Jun2026 01:30:50.288] [Server thread/DEBUG] [atomicstryker.dynamiclights.server.DynamicLights/]: Removing Dynamic Light attached to ServerPlayer['jinco98'/8270, l='ServerLevel[world]', x=-481.33, y=72.00, z=24.12]
[11Jun2026 01:30:50.288] [Server thread/DEBUG] [atomicstryker.dynamiclights.server.DynamicLights/]: Calling addLightSource on entity ServerPlayer['MayEL1207'/9468, l='ServerLevel[world]', x=-485.68, y=73.92, z=26.41], dimensionLocationPath overworld
[11Jun2026 01:30:50.288] [Server thread/DEBUG] [atomicstryker.dynamiclights.server.DynamicLights/]: Successfully registered DynamicLight on Entity: ServerPlayer['MayEL1207'/9468, l='ServerLevel[world]', x=-485.68, y=73.92, z=26.41] in list []
[11Jun2026 01:30:50.338] [Server thread/DEBUG] [atomicstryker.dynamiclights.server.DynamicLights/]: Calling addLightSource on entity ServerPlayer['jinco98'/8270, l='ServerLevel[world]', x=-481.51, y=72.00, z=24.10], dimensionLocationPath overworld
[11Jun2026 01:30:50.338] [Server thread/DEBUG] [atomicstryker.dynamiclights.server.DynamicLights/]: Successfully registered DynamicLight on Entity: ServerPlayer['jinco98'/8270, l='ServerLevel[world]', x=-481.51, y=72.00, z=24.10] in list [atomicstryker.dynamiclights.server.DynamicLightSourceContainer@24fc]
[11Jun2026 01:30:50.338] [Server thread/DEBUG] [atomicstryker.dynamiclights.server.DynamicLights/]: Removing Dynamic Light attached to ServerPlayer['MayEL1207'/9468, l='ServerLevel[world]', x=-485.79, y=73.71, z=26.49]
[11Jun2026 01:30:50.388] [Server thread/DEBUG] [atomicstryker.dynamiclights.server.DynamicLights/]: Removing Dynamic Light attached to ServerPlayer['jinco98'/8270, l='ServerLevel[world]', x=-481.71, y=72.00, z=24.10]
[11Jun2026 01:30:50.389] [Server thread/DEBUG] [atomicstryker.dynamiclights.server.DynamicLights/]: Calling addLightSource on entity ServerPlayer['MayEL1207'/9468, l='ServerLevel[world]', x=-485.89, y=73.43, z=26.56], dimensionLocationPath overworld
[11Jun2026 01:30:50.389] [Server thread/DEBUG] [atomicstryker.dynamiclights.server.DynamicLights/]: Successfully registered DynamicLight on Entity: ServerPlayer['MayEL1207'/9468, l='ServerLevel[world]', x=-485.89, y=73.43, z=26.56] in list []
[11Jun2026 01:30:50.438] [Server thread/DEBUG] [atomicstryker.dynamiclights.server.DynamicLights/]: Calling addLightSource on entity ServerPlayer['jinco98'/8270, l='ServerLevel[world]', x=-481.94, y=72.00, z=24.14], dimensionLocationPath overworld
[11Jun2026 01:30:50.438] [Server thread/DEBUG] [atomicstryker.dynamiclights.server.DynamicLights/]: Successfully registered DynamicLight on Entity: ServerPlayer['jinco98'/8270, l='ServerLevel[world]', x=-481.94, y=72.00, z=24.14] in list [atomicstryker.dynamiclights.server.DynamicLightSourceContainer@24fc]
[11Jun2026 01:30:50.438] [Server thread/DEBUG] [atomicstryker.dynamiclights.server.DynamicLights/]: Removing Dynamic Light attached to ServerPlayer['MayEL1207'/9468, l='ServerLevel[world]', x=-485.98, y=73.08, z=26.63]
[11Jun2026 01:30:50.489] [Server thread/DEBUG] [atomicstryker.dynamiclights.server.DynamicLights/]: Removing Dynamic Light attached to ServerPlayer['jinco98'/8270, l='ServerLevel[world]', x=-482.18, y=72.00, z=24.20]
[11Jun2026 01:30:50.489] [Server thread/DEBUG] [atomicstryker.dynamiclights.server.DynamicLights/]: Calling addLightSource on entity ServerPlayer['MayEL1207'/9468, l='ServerLevel[world]', x=-486.06, y=73.00, z=26.69], dimensionLocationPath overworld
[11Jun2026 01:30:50.489] [Server thread/DEBUG] [atomicstryker.dynamiclights.server.DynamicLights/]: Successfully registered DynamicLight on Entity: ServerPlayer['MayEL1207'/9468, l='ServerLevel[world]', x=-486.06, y=73.00, z=26.69] in list []
[11Jun2026 01:30:50.540] [Server thread/DEBUG] [atomicstryker.dynamiclights.server.DynamicLights/]: Calling addLightSource on entity ServerPlayer['jinco98'/8270, l='ServerLevel[world]', x=-482.70, y=72.84, z=24.39], dimensionLocationPath overworld
[11Jun2026 01:30:50.540] [Server thread/DEBUG] [atomicstryker.dynamiclights.server.DynamicLights/]: Successfully registered DynamicLight on Entity: ServerPlayer['jinco98'/8270, l='ServerLevel[world]', x=-482.70, y=72.84, z=24.39] in list [atomicstryker.dynamiclights.server.DynamicLightSourceContainer@24fc]
[11Jun2026 01:30:50.540] [Server thread/DEBUG] [atomicstryker.dynamiclights.server.DynamicLights/]: Removing Dynamic Light attached to ServerPlayer['MayEL1207'/9468, l='ServerLevel[world]', x=-486.14, y=73.56, z=26.74]
[11Jun2026 01:30:50.589] [Server thread/DEBUG] [atomicstryker.dynamiclights.server.DynamicLights/]: Removing Dynamic Light attached to ServerPlayer['jinco98'/8270, l='ServerLevel[world]', x=-482.70, y=73.09, z=24.46]
[11Jun2026 01:30:50.589] [Server thread/DEBUG] [atomicstryker.dynamiclights.server.DynamicLights/]: Calling addLightSource on entity ServerPlayer['MayEL1207'/9468, l='ServerLevel[world]', x=-486.18, y=73.56, z=26.77], dimensionLocationPath overworld
[11Jun2026 01:30:50.589] [Server thread/DEBUG] [atomicstryker.dynamiclights.server.DynamicLights/]: Successfully registered DynamicLight on Entity: ServerPlayer['MayEL1207'/9468, l='ServerLevel[world]', x=-486.18, y=73.56, z=26.77] in list []
[11Jun2026 01:30:50.639] [Server thread/DEBUG] [atomicstryker.dynamiclights.server.DynamicLights/]: Calling addLightSource on entity ServerPlayer['jinco98'/8270, l='ServerLevel[world]', x=-482.72, y=73.25, z=24.54], dimensionLocationPath overworld
[11Jun2026 01:30:50.639] [Server thread/DEBUG] [atomicstryker.dynamiclights.server.DynamicLights/]: Successfully registered DynamicLight on Entity: ServerPlayer['jinco98'/8270, l='ServerLevel[world]', x=-482.72, y=73.25, z=24.54] in list [atomicstryker.dynamiclights.server.DynamicLightSourceContainer@24fc]
[11Jun2026 01:30:50.639] [Server thread/DEBUG] [atomicstryker.dynamiclights.server.DynamicLights/]: Removing Dynamic Light attached to ServerPlayer['MayEL1207'/9468, l='ServerLevel[world]', x=-486.20, y=73.56, z=26.79]
[11Jun2026 01:30:50.688] [Server thread/DEBUG] [atomicstryker.dynamiclights.server.DynamicLights/]: Removing Dynamic Light attached to ServerPlayer['jinco98'/8270, l='ServerLevel[world]', x=-482.76, y=73.33, z=24.61]
[11Jun2026 01:30:50.688] [Server thread/DEBUG] [atomicstryker.dynamiclights.server.DynamicLights/]: Calling addLightSource on entity ServerPlayer['MayEL1207'/9468, l='ServerLevel[world]', x=-486.22, y=73.56, z=26.80], dimensionLocationPath overworld
[11Jun2026 01:30:50.688] [Server thread/DEBUG] [atomicstryker.dynamiclights.server.DynamicLights/]: Successfully registered DynamicLight on Entity: ServerPlayer['MayEL1207'/9468, l='ServerLevel[world]', x=-486.22, y=73.56, z=26.80] in list []
[11Jun2026 01:30:50.737] [Server thread/DEBUG] [atomicstryker.dynamiclights.server.DynamicLights/]: Calling addLightSource on entity ServerPlayer['jinco98'/8270, l='ServerLevel[world]', x=-482.82, y=73.33, z=24.69], dimensionLocationPath overworld
[11Jun2026 01:30:50.738] [Server thread/DEBUG] [atomicstryker.dynamiclights.server.DynamicLights/]: Successfully registered DynamicLight on Entity: ServerPlayer['jinco98'/8270, l='ServerLevel[world]', x=-482.82, y=73.33, z=24.69] in list [atomicstryker.dynamiclights.server.DynamicLightSourceContainer@24fc]
[11Jun2026 01:30:50.738] [Server thread/DEBUG] [atomicstryker.dynamiclights.server.DynamicLights/]: Removing Dynamic Light attached to ServerPlayer['MayEL1207'/9468, l='ServerLevel[world]', x=-486.15, y=73.56, z=26.74]
[11Jun2026 01:30:50.807] [Server thread/DEBUG] [atomicstryker.dynamiclights.server.DynamicLights/]: Removing Dynamic Light attached to ServerPlayer['jinco98'/8270, l='ServerLevel[world]', x=-482.90, y=73.26, z=24.76]
[11Jun2026 01:30:50.808] [Server thread/DEBUG] [atomicstryker.dynamiclights.server.DynamicLights/]: Calling addLightSource on entity ServerPlayer['MayEL1207'/9468, l='ServerLevel[world]', x=-486.03, y=73.52, z=26.64], dimensionLocationPath overworld
[11Jun2026 01:30:50.808] [Server thread/DEBUG] [atomicstryker.dynamiclights.server.DynamicLights/]: Successfully registered DynamicLight on Entity: ServerPlayer['MayEL1207'/9468, l='ServerLevel[world]', x=-486.03, y=73.52, z=26.64] in list []
[11Jun2026 01:30:50.838] [Server thread/DEBUG] [atomicstryker.dynamiclights.server.DynamicLights/]: Calling addLightSource on entity ServerPlayer['jinco98'/8270, l='ServerLevel[world]', x=-482.93, y=73.34, z=24.81], dimensionLocationPath overworld
[11Jun2026 01:30:50.838] [Server thread/DEBUG] [atomicstryker.dynamiclights.server.DynamicLights/]: Successfully registered DynamicLight on Entity: ServerPlayer['jinco98'/8270, l='ServerLevel[world]', x=-482.93, y=73.34, z=24.81] in list [atomicstryker.dynamiclights.server.DynamicLightSourceContainer@24fc]
[11Jun2026 01:30:50.838] [Server thread/DEBUG] [atomicstryker.dynamiclights.server.DynamicLights/]: Removing Dynamic Light attached to ServerPlayer['MayEL1207'/9468, l='ServerLevel[world]', x=-485.90, y=73.39, z=26.53]
[11Jun2026 01:30:50.888] [Server thread/DEBUG] [atomicstryker.dynamiclights.server.DynamicLights/]: Removing Dynamic Light attached to ServerPlayer['jinco98'/8270, l='ServerLevel[world]', x=-482.97, y=73.35, z=24.85]
[11Jun2026 01:30:50.888] [Server thread/DEBUG] [atomicstryker.dynamiclights.server.DynamicLights/]: Calling addLightSource on entity ServerPlayer['MayEL1207'/9468, l='ServerLevel[world]', x=-485.81, y=73.19, z=26.45], dimensionLocationPath overworld
[11Jun2026 01:30:50.888] [Server thread/DEBUG] [atomicstryker.dynamiclights.server.DynamicLights/]: Successfully registered DynamicLight on Entity: ServerPlayer['MayEL1207'/9468, l='ServerLevel[world]', x=-485.81, y=73.19, z=26.45] in list []
[11Jun2026 01:30:50.940] [Server thread/DEBUG] [atomicstryker.dynamiclights.server.DynamicLights/]: Calling addLightSource on entity ServerPlayer['jinco98'/8270, l='ServerLevel[world]', x=-483.03, y=73.27, z=24.86], dimensionLocationPath overworld
[11Jun2026 01:30:50.940] [Server thread/DEBUG] [atomicstryker.dynamiclights.server.DynamicLights/]: Successfully registered DynamicLight on Entity: ServerPlayer['jinco98'/8270, l='ServerLevel[world]', x=-483.03, y=73.27, z=24.86] in list [atomicstryker.dynamiclights.server.DynamicLightSourceContainer@24fc]
[11Jun2026 01:30:50.940] [Server thread/DEBUG] [atomicstryker.dynamiclights.server.DynamicLights/]: Removing Dynamic Light attached to ServerPlayer['MayEL1207'/9468, l='ServerLevel[world]', x=-485.72, y=73.00, z=26.37]
[11Jun2026 01:30:50.989] [Server thread/DEBUG] [atomicstryker.dynamiclights.server.DynamicLights/]: Removing Dynamic Light attached to ServerPlayer['jinco98'/8270, l='ServerLevel[world]', x=-483.11, y=73.12, z=24.86]
[11Jun2026 01:30:50.989] [Server thread/DEBUG] [atomicstryker.dynamiclights.server.DynamicLights/]: Calling addLightSource on entity ServerPlayer['MayEL1207'/9468, l='ServerLevel[world]', x=-485.62, y=73.00, z=26.27], dimensionLocationPath overworld
[11Jun2026 01:30:50.989] [Server thread/DEBUG] [atomicstryker.dynamiclights.server.DynamicLights/]: Successfully registered DynamicLight on Entity: ServerPlayer['MayEL1207'/9468, l='ServerLevel[world]', x=-485.62, y=73.00, z=26.27] in list []
[11Jun2026 01:30:51.038] [Server thread/DEBUG] [atomicstryker.dynamiclights.server.DynamicLights/]: Calling addLightSource on entity ServerPlayer['jinco98'/8270, l='ServerLevel[world]', x=-483.20, y=73.00, z=24.84], dimensionLocationPath overworld
[11Jun2026 01:30:51.038] [Server thread/DEBUG] [atomicstryker.dynamiclights.server.DynamicLights/]: Successfully registered DynamicLight on Entity: ServerPlayer['jinco98'/8270, l='ServerLevel[world]', x=-483.20, y=73.00, z=24.84] in list [atomicstryker.dynamiclights.server.DynamicLightSourceContainer@24fc]
[11Jun2026 01:30:51.038] [Server thread/DEBUG] [atomicstryker.dynamiclights.server.DynamicLights/]: Removing Dynamic Light attached to ServerPlayer['MayEL1207'/9468, l='ServerLevel[world]', x=-485.46, y=73.00, z=26.13]
[11Jun2026 01:30:51.088] [Server thread/DEBUG] [atomicstryker.dynamiclights.server.DynamicLights/]: Removing Dynamic Light attached to ServerPlayer['jinco98'/8270, l='ServerLevel[world]', x=-483.30, y=73.00, z=24.81]
[11Jun2026 01:30:51.088] [Server thread/DEBUG] [atomicstryker.dynamiclights.server.DynamicLights/]: Calling addLightSource on entity ServerPlayer['MayEL1207'/9468, l='ServerLevel[world]', x=-485.29, y=73.00, z=25.98], dimensionLocationPath overworld
[11Jun2026 01:30:51.088] [Server thread/DEBUG] [atomicstryker.dynamiclights.server.DynamicLights/]: Successfully registered DynamicLight on Entity: ServerPlayer['MayEL1207'/9468, l='ServerLevel[world]', x=-485.29, y=73.00, z=25.98] in list []
[11Jun2026 01:30:51.143] [Server thread/DEBUG] [atomicstryker.dynamiclights.server.DynamicLights/]: Calling addLightSource on entity ServerPlayer['jinco98'/8270, l='ServerLevel[world]', x=-483.42, y=73.00, z=24.78], dimensionLocationPath overworld
[11Jun2026 01:30:51.143] [Server thread/DEBUG] [atomicstryker.dynamiclights.server.DynamicLights/]: Successfully registered DynamicLight on Entity: ServerPlayer['jinco98'/8270, l='ServerLevel[world]', x=-483.42, y=73.00, z=24.78] in list [atomicstryker.dynamiclights.server.DynamicLightSourceContainer@24fc]
[11Jun2026 01:30:51.143] [Server thread/DEBUG] [atomicstryker.dynamiclights.server.DynamicLights/]: Removing Dynamic Light attached to ServerPlayer['MayEL1207'/9468, l='ServerLevel[world]', x=-485.13, y=73.00, z=25.84]
[11Jun2026 01:30:51.188] [Server thread/DEBUG] [atomicstryker.dynamiclights.server.DynamicLights/]: Removing Dynamic Light attached to ServerPlayer['jinco98'/8270, l='ServerLevel[world]', x=-483.64, y=73.00, z=24.68]
[11Jun2026 01:30:51.188] [Server thread/DEBUG] [atomicstryker.dynamiclights.server.DynamicLights/]: Calling addLightSource on entity ServerPlayer['MayEL1207'/9468, l='ServerLevel[world]', x=-484.97, y=73.00, z=25.70], dimensionLocationPath overworld
[11Jun2026 01:30:51.188] [Server thread/DEBUG] [atomicstryker.dynamiclights.server.DynamicLights/]: Successfully registered DynamicLight on Entity: ServerPlayer['MayEL1207'/9468, l='ServerLevel[world]', x=-484.97, y=73.00, z=25.70] in list []
[11Jun2026 01:30:51.238] [Server thread/DEBUG] [atomicstryker.dynamiclights.server.DynamicLights/]: Calling addLightSource on entity ServerPlayer['jinco98'/8270, l='ServerLevel[world]', x=-483.86, y=73.00, z=24.55], dimensionLocationPath overworld
[11Jun2026 01:30:51.238] [Server thread/DEBUG] [atomicstryker.dynamiclights.server.DynamicLights/]: Successfully registered DynamicLight on Entity: ServerPlayer['jinco98'/8270, l='ServerLevel[world]', x=-483.86, y=73.00, z=24.55] in list [atomicstryker.dynamiclights.server.DynamicLightSourceContainer@24fc]
[11Jun2026 01:30:51.238] [Server thread/DEBUG] [atomicstryker.dynamiclights.server.DynamicLights/]: Removing Dynamic Light attached to ServerPlayer['MayEL1207'/9468, l='ServerLevel[world]', x=-484.81, y=73.00, z=25.55]
[11Jun2026 01:30:51.289] [Server thread/DEBUG] [atomicstryker.dynamiclights.server.DynamicLights/]: Removing Dynamic Light attached to ServerPlayer['jinco98'/8270, l='ServerLevel[world]', x=-484.09, y=73.00, z=24.40]
[11Jun2026 01:30:51.289] [Server thread/DEBUG] [atomicstryker.dynamiclights.server.DynamicLights/]: Calling addLightSource on entity ServerPlayer['MayEL1207'/9468, l='ServerLevel[world]', x=-484.65, y=73.00, z=25.41], dimensionLocationPath overworld
[11Jun2026 01:30:51.289] [Server thread/DEBUG] [atomicstryker.dynamiclights.server.DynamicLights/]: Successfully registered DynamicLight on Entity: ServerPlayer['MayEL1207'/9468, l='ServerLevel[world]', x=-484.65, y=73.00, z=25.41] in list []
[11Jun2026 01:30:51.338] [Server thread/DEBUG] [atomicstryker.dynamiclights.server.DynamicLights/]: Calling addLightSource on entity ServerPlayer['jinco98'/8270, l='ServerLevel[world]', x=-484.32, y=73.00, z=24.30], dimensionLocationPath overworld
[11Jun2026 01:30:51.338] [Server thread/DEBUG] [atomicstryker.dynamiclights.server.DynamicLights/]: Successfully registered DynamicLight on Entity: ServerPlayer['jinco98'/8270, l='ServerLevel[world]', x=-484.32, y=73.00, z=24.30] in list [atomicstryker.dynamiclights.server.DynamicLightSourceContainer@24fc]
[11Jun2026 01:30:51.338] [Server thread/DEBUG] [atomicstryker.dynamiclights.server.DynamicLights/]: Removing Dynamic Light attached to ServerPlayer['MayEL1207'/9468, l='ServerLevel[world]', x=-484.49, y=73.00, z=25.26]
[11Jun2026 01:30:51.389] [Server thread/DEBUG] [atomicstryker.dynamiclights.server.DynamicLights/]: Removing Dynamic Light attached to ServerPlayer['jinco98'/8270, l='ServerLevel[world]', x=-484.52, y=73.00, z=24.30]
[11Jun2026 01:30:51.389] [Server thread/DEBUG] [atomicstryker.dynamiclights.server.DynamicLights/]: Calling addLightSource on entity ServerPlayer['MayEL1207'/9468, l='ServerLevel[world]', x=-484.49, y=73.00, z=25.26], dimensionLocationPath overworld
[11Jun2026 01:30:51.389] [Server thread/DEBUG] [atomicstryker.dynamiclights.server.DynamicLights/]: Successfully registered DynamicLight on Entity: ServerPlayer['MayEL1207'/9468, l='ServerLevel[world]', x=-484.49, y=73.00, z=25.26] in list []
[11Jun2026 01:30:51.438] [Server thread/DEBUG] [atomicstryker.dynamiclights.server.DynamicLights/]: Calling addLightSource on entity ServerPlayer['jinco98'/8270, l='ServerLevel[world]', x=-484.70, y=73.00, z=24.30], dimensionLocationPath overworld
[11Jun2026 01:30:51.438] [Server thread/DEBUG] [atomicstryker.dynamiclights.server.DynamicLights/]: Successfully registered DynamicLight on Entity: ServerPlayer['jinco98'/8270, l='ServerLevel[world]', x=-484.70, y=73.00, z=24.30] in list [atomicstryker.dynamiclights.server.DynamicLightSourceContainer@24fc]
[11Jun2026 01:30:51.438] [Server thread/DEBUG] [atomicstryker.dynamiclights.server.DynamicLights/]: Removing Dynamic Light attached to ServerPlayer['MayEL1207'/9468, l='ServerLevel[world]', x=-484.49, y=73.00, z=25.26]
[11Jun2026 01:30:51.488] [Server thread/DEBUG] [atomicstryker.dynamiclights.server.DynamicLights/]: Removing Dynamic Light attached to ServerPlayer['jinco98'/8270, l='ServerLevel[world]', x=-484.81, y=73.84, z=24.30]
[11Jun2026 01:30:51.488] [Server thread/DEBUG] [atomicstryker.dynamiclights.server.DynamicLights/]: Calling addLightSource on entity ServerPlayer['MayEL1207'/9468, l='ServerLevel[world]', x=-484.49, y=73.00, z=25.26], dimensionLocationPath overworld
[11Jun2026 01:30:51.488] [Server thread/DEBUG] [atomicstryker.dynamiclights.server.DynamicLights/]: Successfully registered DynamicLight on Entity: ServerPlayer['MayEL1207'/9468, l='ServerLevel[world]', x=-484.49, y=73.00, z=25.26] in list []
[11Jun2026 01:30:51.538] [Server thread/DEBUG] [atomicstryker.dynamiclights.server.DynamicLights/]: Calling addLightSource on entity ServerPlayer['jinco98'/8270, l='ServerLevel[world]', x=-484.86, y=74.09, z=24.30], dimensionLocationPath overworld
[11Jun2026 01:30:51.538] [Server thread/DEBUG] [atomicstryker.dynamiclights.server.DynamicLights/]: Successfully registered DynamicLight on Entity: ServerPlayer['jinco98'/8270, l='ServerLevel[world]', x=-484.86, y=74.09, z=24.30] in list [atomicstryker.dynamiclights.server.DynamicLightSourceContainer@24fc]
[11Jun2026 01:30:51.538] [Server thread/DEBUG] [atomicstryker.dynamiclights.server.DynamicLights/]: Removing Dynamic Light attached to ServerPlayer['MayEL1207'/9468, l='ServerLevel[world]', x=-484.49, y=73.00, z=25.26]
[11Jun2026 01:30:51.588] [Server thread/DEBUG] [atomicstryker.dynamiclights.server.DynamicLights/]: Removing Dynamic Light attached to ServerPlayer['jinco98'/8270, l='ServerLevel[world]', x=-484.91, y=74.25, z=24.28]
[11Jun2026 01:30:51.588] [Server thread/DEBUG] [atomicstryker.dynamiclights.server.DynamicLights/]: Calling addLightSource on entity ServerPlayer['MayEL1207'/9468, l='ServerLevel[world]', x=-484.49, y=73.00, z=25.26], dimensionLocationPath overworld
[11Jun2026 01:30:51.588] [Server thread/DEBUG] [atomicstryker.dynamiclights.server.DynamicLights/]: Successfully registered DynamicLight on Entity: ServerPlayer['MayEL1207'/9468, l='ServerLevel[world]', x=-484.49, y=73.00, z=25.26] in list []
[11Jun2026 01:30:51.638] [Server thread/DEBUG] [atomicstryker.dynamiclights.server.DynamicLights/]: Calling addLightSource on entity ServerPlayer['jinco98'/8270, l='ServerLevel[world]', x=-484.94, y=74.33, z=24.24], dimensionLocationPath overworld
[11Jun2026 01:30:51.638] [Server thread/DEBUG] [atomicstryker.dynamiclights.server.DynamicLights/]: Successfully registered DynamicLight on Entity: ServerPlayer['jinco98'/8270, l='ServerLevel[world]', x=-484.94, y=74.33, z=24.24] in list [atomicstryker.dynamiclights.server.DynamicLightSourceContainer@24fc]
[11Jun2026 01:30:51.638] [Server thread/DEBUG] [atomicstryker.dynamiclights.server.DynamicLights/]: Removing Dynamic Light attached to ServerPlayer['MayEL1207'/9468, l='ServerLevel[world]', x=-484.49, y=73.00, z=25.26]
[11Jun2026 01:30:51.700] [Server thread/DEBUG] [atomicstryker.dynamiclights.server.DynamicLights/]: Removing Dynamic Light attached to ServerPlayer['jinco98'/8270, l='ServerLevel[world]', x=-484.97, y=74.33, z=24.18]
[11Jun2026 01:30:51.700] [Server thread/DEBUG] [atomicstryker.dynamiclights.server.DynamicLights/]: Calling addLightSource on entity ServerPlayer['MayEL1207'/9468, l='ServerLevel[world]', x=-484.49, y=73.00, z=25.26], dimensionLocationPath overworld
[11Jun2026 01:30:51.700] [Server thread/DEBUG] [atomicstryker.dynamiclights.server.DynamicLights/]: Successfully registered DynamicLight on Entity: ServerPlayer['MayEL1207'/9468, l='ServerLevel[world]', x=-484.49, y=73.00, z=25.26] in list []
[11Jun2026 01:30:51.737] [Server thread/DEBUG] [atomicstryker.dynamiclights.server.DynamicLights/]: Calling addLightSource on entity ServerPlayer['jinco98'/8270, l='ServerLevel[world]', x=-484.99, y=74.26, z=24.09], dimensionLocationPath overworld
[11Jun2026 01:30:51.738] [Server thread/DEBUG] [atomicstryker.dynamiclights.server.DynamicLights/]: Successfully registered DynamicLight on Entity: ServerPlayer['jinco98'/8270, l='ServerLevel[world]', x=-484.99, y=74.26, z=24.09] in list [atomicstryker.dynamiclights.server.DynamicLightSourceContainer@24fc]
[11Jun2026 01:30:51.738] [Server thread/DEBUG] [atomicstryker.dynamiclights.server.DynamicLights/]: Removing Dynamic Light attached to ServerPlayer['MayEL1207'/9468, l='ServerLevel[world]', x=-484.49, y=73.00, z=25.26]
[11Jun2026 01:30:51.789] [Server thread/DEBUG] [atomicstryker.dynamiclights.server.DynamicLights/]: Removing Dynamic Light attached to ServerPlayer['jinco98'/8270, l='ServerLevel[world]', x=-485.02, y=74.10, z=24.00]
[11Jun2026 01:30:51.789] [Server thread/DEBUG] [atomicstryker.dynamiclights.server.DynamicLights/]: Calling addLightSource on entity ServerPlayer['MayEL1207'/9468, l='ServerLevel[world]', x=-484.49, y=73.00, z=25.26], dimensionLocationPath overworld
[11Jun2026 01:30:51.789] [Server thread/DEBUG] [atomicstryker.dynamiclights.server.DynamicLights/]: Successfully registered DynamicLight on Entity: ServerPlayer['MayEL1207'/9468, l='ServerLevel[world]', x=-484.49, y=73.00, z=25.26] in list []
[11Jun2026 01:30:51.839] [Server thread/DEBUG] [atomicstryker.dynamiclights.server.DynamicLights/]: Calling addLightSource on entity ServerPlayer['jinco98'/8270, l='ServerLevel[world]', x=-485.08, y=74.00, z=23.92], dimensionLocationPath overworld
[11Jun2026 01:30:51.839] [Server thread/DEBUG] [atomicstryker.dynamiclights.server.DynamicLights/]: Successfully registered DynamicLight on Entity: ServerPlayer['jinco98'/8270, l='ServerLevel[world]', x=-485.08, y=74.00, z=23.92] in list [atomicstryker.dynamiclights.server.DynamicLightSourceContainer@24fc]
[11Jun2026 01:30:51.839] [Server thread/DEBUG] [atomicstryker.dynamiclights.server.DynamicLights/]: Removing Dynamic Light attached to ServerPlayer['MayEL1207'/9468, l='ServerLevel[world]', x=-484.49, y=73.00, z=25.26]
[11Jun2026 01:30:51.890] [Server thread/DEBUG] [atomicstryker.dynamiclights.server.DynamicLights/]: Removing Dynamic Light attached to ServerPlayer['jinco98'/8270, l='ServerLevel[world]', x=-485.29, y=74.53, z=23.98]
[11Jun2026 01:30:51.890] [Server thread/DEBUG] [atomicstryker.dynamiclights.server.DynamicLights/]: Calling addLightSource on entity ServerPlayer['MayEL1207'/9468, l='ServerLevel[world]', x=-484.49, y=73.00, z=25.26], dimensionLocationPath overworld
[11Jun2026 01:30:51.890] [Server thread/DEBUG] [atomicstryker.dynamiclights.server.DynamicLights/]: Successfully registered DynamicLight on Entity: ServerPlayer['MayEL1207'/9468, l='ServerLevel[world]', x=-484.49, y=73.00, z=25.26] in list []
[11Jun2026 01:30:51.938] [Server thread/DEBUG] [atomicstryker.dynamiclights.server.DynamicLights/]: Calling addLightSource on entity ServerPlayer['jinco98'/8270, l='ServerLevel[world]', x=-485.28, y=74.44, z=24.03], dimensionLocationPath overworld
[11Jun2026 01:30:51.938] [Server thread/DEBUG] [atomicstryker.dynamiclights.server.DynamicLights/]: Successfully registered DynamicLight on Entity: ServerPlayer['jinco98'/8270, l='ServerLevel[world]', x=-485.28, y=74.44, z=24.03] in list [atomicstryker.dynamiclights.server.DynamicLightSourceContainer@24fc]
[11Jun2026 01:30:51.938] [Server thread/DEBUG] [atomicstryker.dynamiclights.server.DynamicLights/]: Removing Dynamic Light attached to ServerPlayer['MayEL1207'/9468, l='ServerLevel[world]', x=-484.49, y=73.00, z=25.26]
[11Jun2026 01:30:51.988] [Server thread/DEBUG] [atomicstryker.dynamiclights.server.DynamicLights/]: Removing Dynamic Light attached to ServerPlayer['jinco98'/8270, l='ServerLevel[world]', x=-485.28, y=74.28, z=24.09]
[11Jun2026 01:30:51.988] [Server thread/DEBUG] [atomicstryker.dynamiclights.server.DynamicLights/]: Calling addLightSource on entity ServerPlayer['MayEL1207'/9468, l='ServerLevel[world]', x=-484.49, y=73.00, z=25.26], dimensionLocationPath overworld
[11Jun2026 01:30:51.988] [Server thread/DEBUG] [atomicstryker.dynamiclights.server.DynamicLights/]: Successfully registered DynamicLight on Entity: ServerPlayer['MayEL1207'/9468, l='ServerLevel[world]', x=-484.49, y=73.00, z=25.26] in list []
[11Jun2026 01:30:52.055] [Server thread/DEBUG] [atomicstryker.dynamiclights.server.DynamicLights/]: Calling addLightSource on entity ServerPlayer['jinco98'/8270, l='ServerLevel[world]', x=-485.27, y=74.16, z=24.17], dimensionLocationPath overworld
[11Jun2026 01:30:52.056] [Server thread/DEBUG] [atomicstryker.dynamiclights.server.DynamicLights/]: Successfully registered DynamicLight on Entity: ServerPlayer['jinco98'/8270, l='ServerLevel[world]', x=-485.27, y=74.16, z=24.17] in list [atomicstryker.dynamiclights.server.DynamicLightSourceContainer@24fc]
[11Jun2026 01:30:52.056] [Server thread/DEBUG] [atomicstryker.dynamiclights.server.DynamicLights/]: Removing Dynamic Light attached to ServerPlayer['MayEL1207'/9468, l='ServerLevel[world]', x=-484.49, y=73.00, z=25.26]
[11Jun2026 01:30:52.094] [Server thread/DEBUG] [atomicstryker.dynamiclights.server.DynamicLights/]: Removing Dynamic Light attached to ServerPlayer['jinco98'/8270, l='ServerLevel[world]', x=-485.22, y=74.08, z=24.37]
[11Jun2026 01:30:52.143] [Server thread/DEBUG] [atomicstryker.dynamiclights.server.DynamicLights/]: Calling addLightSource on entity ServerPlayer['jinco98'/8270, l='ServerLevel[world]', x=-485.20, y=73.92, z=24.60], dimensionLocationPath overworld
[11Jun2026 01:30:52.143] [Server thread/DEBUG] [atomicstryker.dynamiclights.server.DynamicLights/]: Successfully registered DynamicLight on Entity: ServerPlayer['jinco98'/8270, l='ServerLevel[world]', x=-485.20, y=73.92, z=24.60] in list []
[11Jun2026 01:30:52.190] [Server thread/DEBUG] [atomicstryker.dynamiclights.server.DynamicLights/]: Removing Dynamic Light attached to ServerPlayer['jinco98'/8270, l='ServerLevel[world]', x=-485.21, y=73.69, z=24.75]
[11Jun2026 01:30:52.238] [Server thread/DEBUG] [atomicstryker.dynamiclights.server.DynamicLights/]: Calling addLightSource on entity ServerPlayer['jinco98'/8270, l='ServerLevel[world]', x=-485.21, y=73.38, z=24.92], dimensionLocationPath overworld
[11Jun2026 01:30:52.238] [Server thread/DEBUG] [atomicstryker.dynamiclights.server.DynamicLights/]: Successfully registered DynamicLight on Entity: ServerPlayer['jinco98'/8270, l='ServerLevel[world]', x=-485.21, y=73.38, z=24.92] in list []
[11Jun2026 01:30:52.290] [Server thread/DEBUG] [atomicstryker.dynamiclights.server.DynamicLights/]: Removing Dynamic Light attached to ServerPlayer['jinco98'/8270, l='ServerLevel[world]', x=-485.21, y=73.00, z=25.10]
[11Jun2026 01:30:52.339] [Server thread/DEBUG] [atomicstryker.dynamiclights.server.DynamicLights/]: Calling addLightSource on entity ServerPlayer['jinco98'/8270, l='ServerLevel[world]', x=-485.17, y=73.00, z=25.19], dimensionLocationPath overworld
[11Jun2026 01:30:52.339] [Server thread/DEBUG] [atomicstryker.dynamiclights.server.DynamicLights/]: Successfully registered DynamicLight on Entity: ServerPlayer['jinco98'/8270, l='ServerLevel[world]', x=-485.17, y=73.00, z=25.19] in list []
[11Jun2026 01:30:52.391] [Server thread/DEBUG] [atomicstryker.dynamiclights.server.DynamicLights/]: Removing Dynamic Light attached to ServerPlayer['jinco98'/8270, l='ServerLevel[world]', x=-485.01, y=73.00, z=25.27]
[11Jun2026 01:30:52.438] [Server thread/DEBUG] [atomicstryker.dynamiclights.server.DynamicLights/]: Calling addLightSource on entity ServerPlayer['jinco98'/8270, l='ServerLevel[world]', x=-484.91, y=73.00, z=25.26], dimensionLocationPath overworld
[11Jun2026 01:30:52.438] [Server thread/DEBUG] [atomicstryker.dynamiclights.server.DynamicLights/]: Successfully registered DynamicLight on Entity: ServerPlayer['jinco98'/8270, l='ServerLevel[world]', x=-484.91, y=73.00, z=25.26] in list []
[11Jun2026 01:30:52.489] [Server thread/DEBUG] [atomicstryker.dynamiclights.server.DynamicLights/]: Removing Dynamic Light attached to ServerPlayer['jinco98'/8270, l='ServerLevel[world]', x=-484.78, y=73.00, z=25.17]
[11Jun2026 01:30:52.538] [Server thread/DEBUG] [atomicstryker.dynamiclights.server.DynamicLights/]: Calling addLightSource on entity ServerPlayer['jinco98'/8270, l='ServerLevel[world]', x=-484.62, y=73.00, z=25.01], dimensionLocationPath overworld
[11Jun2026 01:30:52.538] [Server thread/DEBUG] [atomicstryker.dynamiclights.server.DynamicLights/]: Successfully registered DynamicLight on Entity: ServerPlayer['jinco98'/8270, l='ServerLevel[world]', x=-484.62, y=73.00, z=25.01] in list []
[11Jun2026 01:30:52.590] [Server thread/DEBUG] [atomicstryker.dynamiclights.server.DynamicLights/]: Removing Dynamic Light attached to ServerPlayer['jinco98'/8270, l='ServerLevel[world]', x=-484.39, y=73.00, z=24.82]
[11Jun2026 01:30:52.638] [Server thread/DEBUG] [atomicstryker.dynamiclights.server.DynamicLights/]: Calling addLightSource on entity ServerPlayer['jinco98'/8270, l='ServerLevel[world]', x=-484.17, y=73.00, z=24.58], dimensionLocationPath overworld
[11Jun2026 01:30:52.638] [Server thread/DEBUG] [atomicstryker.dynamiclights.server.DynamicLights/]: Successfully registered DynamicLight on Entity: ServerPlayer['jinco98'/8270, l='ServerLevel[world]', x=-484.17, y=73.00, z=24.58] in list []
[11Jun2026 01:30:52.698] [Server thread/DEBUG] [atomicstryker.dynamiclights.server.DynamicLights/]: Removing Dynamic Light attached to ServerPlayer['jinco98'/8270, l='ServerLevel[world]', x=-483.98, y=73.00, z=24.34]
[11Jun2026 01:30:52.745] [Server thread/DEBUG] [atomicstryker.dynamiclights.server.DynamicLights/]: Calling addLightSource on entity ServerPlayer['jinco98'/8270, l='ServerLevel[world]', x=-483.80, y=73.00, z=24.30], dimensionLocationPath overworld
[11Jun2026 01:30:52.745] [Server thread/DEBUG] [atomicstryker.dynamiclights.server.DynamicLights/]: Successfully registered DynamicLight on Entity: ServerPlayer['jinco98'/8270, l='ServerLevel[world]', x=-483.80, y=73.00, z=24.30] in list []
[11Jun2026 01:30:52.802] [Server thread/DEBUG] [atomicstryker.dynamiclights.server.DynamicLights/]: Removing Dynamic Light attached to ServerPlayer['jinco98'/8270, l='ServerLevel[world]', x=-483.64, y=73.00, z=24.22]
[11Jun2026 01:30:52.840] [Server thread/DEBUG] [atomicstryker.dynamiclights.server.DynamicLights/]: Calling addLightSource on entity ServerPlayer['jinco98'/8270, l='ServerLevel[world]', x=-483.47, y=73.00, z=24.07], dimensionLocationPath overworld
[11Jun2026 01:30:52.840] [Server thread/DEBUG] [atomicstryker.dynamiclights.server.DynamicLights/]: Successfully registered DynamicLight on Entity: ServerPlayer['jinco98'/8270, l='ServerLevel[world]', x=-483.47, y=73.00, z=24.07] in list []
[11Jun2026 01:30:52.891] [Server thread/DEBUG] [atomicstryker.dynamiclights.server.DynamicLights/]: Removing Dynamic Light attached to ServerPlayer['jinco98'/8270, l='ServerLevel[world]', x=-483.41, y=73.00, z=23.97]
[11Jun2026 01:30:52.963] [Server thread/DEBUG] [atomicstryker.dynamiclights.server.DynamicLights/]: Calling addLightSource on entity ServerPlayer['jinco98'/8270, l='ServerLevel[world]', x=-483.38, y=73.00, z=23.81], dimensionLocationPath overworld
[11Jun2026 01:30:52.963] [Server thread/DEBUG] [atomicstryker.dynamiclights.server.DynamicLights/]: Successfully registered DynamicLight on Entity: ServerPlayer['jinco98'/8270, l='ServerLevel[world]', x=-483.38, y=73.00, z=23.81] in list []
[11Jun2026 01:30:52.993] [Server thread/DEBUG] [atomicstryker.dynamiclights.server.DynamicLights/]: Removing Dynamic Light attached to ServerPlayer['jinco98'/8270, l='ServerLevel[world]', x=-483.32, y=73.00, z=23.64]
[11Jun2026 01:30:53.041] [Server thread/DEBUG] [atomicstryker.dynamiclights.server.DynamicLights/]: Calling addLightSource on entity ServerPlayer['jinco98'/8270, l='ServerLevel[world]', x=-483.26, y=73.00, z=23.45], dimensionLocationPath overworld
[11Jun2026 01:30:53.041] [Server thread/DEBUG] [atomicstryker.dynamiclights.server.DynamicLights/]: Successfully registered DynamicLight on Entity: ServerPlayer['jinco98'/8270, l='ServerLevel[world]', x=-483.26, y=73.00, z=23.45] in list []
[11Jun2026 01:30:53.091] [Server thread/DEBUG] [atomicstryker.dynamiclights.server.DynamicLights/]: Removing Dynamic Light attached to ServerPlayer['jinco98'/8270, l='ServerLevel[world]', x=-483.17, y=73.00, z=23.27]
[11Jun2026 01:30:53.139] [Server thread/DEBUG] [atomicstryker.dynamiclights.server.DynamicLights/]: Calling addLightSource on entity ServerPlayer['jinco98'/8270, l='ServerLevel[world]', x=-483.02, y=73.00, z=23.14], dimensionLocationPath overworld
[11Jun2026 01:30:53.139] [Server thread/DEBUG] [atomicstryker.dynamiclights.server.DynamicLights/]: Successfully registered DynamicLight on Entity: ServerPlayer['jinco98'/8270, l='ServerLevel[world]', x=-483.02, y=73.00, z=23.14] in list []
[11Jun2026 01:30:53.192] [Server thread/DEBUG] [atomicstryker.dynamiclights.server.DynamicLights/]: Removing Dynamic Light attached to ServerPlayer['jinco98'/8270, l='ServerLevel[world]', x=-482.85, y=73.00, z=23.09]
[11Jun2026 01:30:53.239] [Server thread/DEBUG] [atomicstryker.dynamiclights.server.DynamicLights/]: Calling addLightSource on entity ServerPlayer['jinco98'/8270, l='ServerLevel[world]', x=-482.66, y=72.92, z=23.10], dimensionLocationPath overworld
[11Jun2026 01:30:53.239] [Server thread/DEBUG] [atomicstryker.dynamiclights.server.DynamicLights/]: Successfully registered DynamicLight on Entity: ServerPlayer['jinco98'/8270, l='ServerLevel[world]', x=-482.66, y=72.92, z=23.10] in list []
[11Jun2026 01:30:53.292] [Server thread/DEBUG] [atomicstryker.dynamiclights.server.DynamicLights/]: Removing Dynamic Light attached to ServerPlayer['jinco98'/8270, l='ServerLevel[world]', x=-482.61, y=72.77, z=23.23]
[11Jun2026 01:30:53.339] [Server thread/DEBUG] [atomicstryker.dynamiclights.server.DynamicLights/]: Calling addLightSource on entity ServerPlayer['jinco98'/8270, l='ServerLevel[world]', x=-482.59, y=72.54, z=23.32], dimensionLocationPath overworld
[11Jun2026 01:30:53.339] [Server thread/DEBUG] [atomicstryker.dynamiclights.server.DynamicLights/]: Successfully registered DynamicLight on Entity: ServerPlayer['jinco98'/8270, l='ServerLevel[world]', x=-482.59, y=72.54, z=23.32] in list []
[11Jun2026 01:30:53.393] [Server thread/DEBUG] [atomicstryker.dynamiclights.server.DynamicLights/]: Removing Dynamic Light attached to ServerPlayer['jinco98'/8270, l='ServerLevel[world]', x=-482.58, y=72.23, z=23.42]
[11Jun2026 01:30:53.440] [Server thread/DEBUG] [atomicstryker.dynamiclights.server.DynamicLights/]: Calling addLightSource on entity ServerPlayer['jinco98'/8270, l='ServerLevel[world]', x=-482.59, y=72.00, z=23.54], dimensionLocationPath overworld
[11Jun2026 01:30:53.440] [Server thread/DEBUG] [atomicstryker.dynamiclights.server.DynamicLights/]: Successfully registered DynamicLight on Entity: ServerPlayer['jinco98'/8270, l='ServerLevel[world]', x=-482.59, y=72.00, z=23.54] in list []
[11Jun2026 01:30:53.491] [Server thread/DEBUG] [atomicstryker.dynamiclights.server.DynamicLights/]: Removing Dynamic Light attached to ServerPlayer['jinco98'/8270, l='ServerLevel[world]', x=-482.63, y=72.00, z=23.65]
[11Jun2026 01:30:53.540] [Server thread/DEBUG] [atomicstryker.dynamiclights.server.DynamicLights/]: Calling addLightSource on entity ServerPlayer['jinco98'/8270, l='ServerLevel[world]', x=-482.70, y=72.00, z=23.84], dimensionLocationPath overworld
[11Jun2026 01:30:53.540] [Server thread/DEBUG] [atomicstryker.dynamiclights.server.DynamicLights/]: Successfully registered DynamicLight on Entity: ServerPlayer['jinco98'/8270, l='ServerLevel[world]', x=-482.70, y=72.00, z=23.84] in list []
[11Jun2026 01:30:53.594] [Server thread/DEBUG] [atomicstryker.dynamiclights.server.DynamicLights/]: Removing Dynamic Light attached to ServerPlayer['jinco98'/8270, l='ServerLevel[world]', x=-482.70, y=72.00, z=24.02]
[11Jun2026 01:30:53.642] [Server thread/DEBUG] [atomicstryker.dynamiclights.server.DynamicLights/]: Calling addLightSource on entity ServerPlayer['jinco98'/8270, l='ServerLevel[world]', x=-482.70, y=72.00, z=24.22], dimensionLocationPath overworld
[11Jun2026 01:30:53.642] [Server thread/DEBUG] [atomicstryker.dynamiclights.server.DynamicLights/]: Successfully registered DynamicLight on Entity: ServerPlayer['jinco98'/8270, l='ServerLevel[world]', x=-482.70, y=72.00, z=24.22] in list []
[11Jun2026 01:30:53.691] [Server thread/DEBUG] [atomicstryker.dynamiclights.server.DynamicLights/]: Removing Dynamic Light attached to ServerPlayer['jinco98'/8270, l='ServerLevel[world]', x=-482.68, y=72.84, z=24.42]
[11Jun2026 01:30:53.739] [Server thread/DEBUG] [atomicstryker.dynamiclights.server.DynamicLights/]: Calling addLightSource on entity ServerPlayer['jinco98'/8270, l='ServerLevel[world]', x=-482.66, y=73.09, z=24.55], dimensionLocationPath overworld
[11Jun2026 01:30:53.739] [Server thread/DEBUG] [atomicstryker.dynamiclights.server.DynamicLights/]: Successfully registered DynamicLight on Entity: ServerPlayer['jinco98'/8270, l='ServerLevel[world]', x=-482.66, y=73.09, z=24.55] in list []
[11Jun2026 01:30:53.792] [Server thread/DEBUG] [atomicstryker.dynamiclights.server.DynamicLights/]: Removing Dynamic Light attached to ServerPlayer['jinco98'/8270, l='ServerLevel[world]', x=-482.63, y=73.25, z=24.70]
[11Jun2026 01:30:53.839] [Server thread/DEBUG] [atomicstryker.dynamiclights.server.DynamicLights/]: Calling addLightSource on entity ServerPlayer['jinco98'/8270, l='ServerLevel[world]', x=-482.63, y=73.59, z=24.72], dimensionLocationPath overworld
[11Jun2026 01:30:53.840] [Server thread/DEBUG] [atomicstryker.dynamiclights.server.DynamicLights/]: Successfully registered DynamicLight on Entity: ServerPlayer['jinco98'/8270, l='ServerLevel[world]', x=-482.63, y=73.59, z=24.72] in list []
[11Jun2026 01:30:53.893] [Server thread/DEBUG] [atomicstryker.dynamiclights.server.DynamicLights/]: Removing Dynamic Light attached to ServerPlayer['jinco98'/8270, l='ServerLevel[world]', x=-482.61, y=73.84, z=24.77]
[11Jun2026 01:30:53.939] [Server thread/DEBUG] [atomicstryker.dynamiclights.server.DynamicLights/]: Calling addLightSource on entity ServerPlayer['jinco98'/8270, l='ServerLevel[world]', x=-482.60, y=74.01, z=24.84], dimensionLocationPath overworld
[11Jun2026 01:30:53.939] [Server thread/DEBUG] [atomicstryker.dynamiclights.server.DynamicLights/]: Successfully registered DynamicLight on Entity: ServerPlayer['jinco98'/8270, l='ServerLevel[world]', x=-482.60, y=74.01, z=24.84] in list []
[11Jun2026 01:30:54.010] [Server thread/DEBUG] [atomicstryker.dynamiclights.server.DynamicLights/]: Removing Dynamic Light attached to ServerPlayer['jinco98'/8270, l='ServerLevel[world]', x=-482.59, y=74.09, z=24.93]
[11Jun2026 01:30:54.038] [Server thread/DEBUG] [atomicstryker.dynamiclights.server.DynamicLights/]: Calling addLightSource on entity ServerPlayer['jinco98'/8270, l='ServerLevel[world]', x=-482.58, y=74.10, z=25.03], dimensionLocationPath overworld
[11Jun2026 01:30:54.038] [Server thread/DEBUG] [atomicstryker.dynamiclights.server.DynamicLights/]: Successfully registered DynamicLight on Entity: ServerPlayer['jinco98'/8270, l='ServerLevel[world]', x=-482.58, y=74.10, z=25.03] in list []
[11Jun2026 01:30:54.092] [Server thread/DEBUG] [atomicstryker.dynamiclights.server.DynamicLights/]: Removing Dynamic Light attached to ServerPlayer['jinco98'/8270, l='ServerLevel[world]', x=-482.57, y=74.03, z=25.15]
[11Jun2026 01:30:54.156] [Server thread/DEBUG] [atomicstryker.dynamiclights.server.DynamicLights/]: Calling addLightSource on entity ServerPlayer['jinco98'/8270, l='ServerLevel[world]', x=-482.56, y=73.88, z=25.29], dimensionLocationPath overworld
[11Jun2026 01:30:54.156] [Server thread/DEBUG] [atomicstryker.dynamiclights.server.DynamicLights/]: Successfully registered DynamicLight on Entity: ServerPlayer['jinco98'/8270, l='ServerLevel[world]', x=-482.56, y=73.88, z=25.29] in list []
[11Jun2026 01:30:54.191] [Server thread/DEBUG] [atomicstryker.dynamiclights.server.DynamicLights/]: Removing Dynamic Light attached to ServerPlayer['jinco98'/8270, l='ServerLevel[world]', x=-482.55, y=73.65, z=25.44]
[11Jun2026 01:30:54.248] [Server thread/DEBUG] [atomicstryker.dynamiclights.server.DynamicLights/]: Calling addLightSource on entity ServerPlayer['jinco98'/8270, l='ServerLevel[world]', x=-482.55, y=73.35, z=25.60], dimensionLocationPath overworld
[11Jun2026 01:30:54.248] [Server thread/DEBUG] [atomicstryker.dynamiclights.server.DynamicLights/]: Successfully registered DynamicLight on Entity: ServerPlayer['jinco98'/8270, l='ServerLevel[world]', x=-482.55, y=73.35, z=25.60] in list []
[11Jun2026 01:30:54.297] [Server thread/DEBUG] [atomicstryker.dynamiclights.server.DynamicLights/]: Removing Dynamic Light attached to ServerPlayer['jinco98'/8270, l='ServerLevel[world]', x=-482.55, y=72.98, z=25.77]
[11Jun2026 01:30:54.337] [Server thread/DEBUG] [atomicstryker.dynamiclights.server.DynamicLights/]: Calling addLightSource on entity ServerPlayer['jinco98'/8270, l='ServerLevel[world]', x=-482.54, y=72.54, z=25.95], dimensionLocationPath overworld
[11Jun2026 01:30:54.337] [Server thread/DEBUG] [atomicstryker.dynamiclights.server.DynamicLights/]: Successfully registered DynamicLight on Entity: ServerPlayer['jinco98'/8270, l='ServerLevel[world]', x=-482.54, y=72.54, z=25.95] in list []
[11Jun2026 01:30:54.373] [Server thread/INFO] [net.minecraft.server.MinecraftServer/]: MayEL1207 was slain by jinco98
[11Jun2026 01:30:54.402] [Server thread/DEBUG] [atomicstryker.dynamiclights.server.DynamicLights/]: Removing Dynamic Light attached to ServerPlayer['jinco98'/8270, l='ServerLevel[world]', x=-482.58, y=72.03, z=26.05]
[11Jun2026 01:30:54.440] [Server thread/DEBUG] [atomicstryker.dynamiclights.server.DynamicLights/]: Calling addLightSource on entity ServerPlayer['jinco98'/8270, l='ServerLevel[world]', x=-482.60, y=72.00, z=26.15], dimensionLocationPath overworld
[11Jun2026 01:30:54.440] [Server thread/DEBUG] [atomicstryker.dynamiclights.server.DynamicLights/]: Successfully registered DynamicLight on Entity: ServerPlayer['jinco98'/8270, l='ServerLevel[world]', x=-482.60, y=72.00, z=26.15] in list []
[11Jun2026 01:30:54.491] [Server thread/DEBUG] [atomicstryker.dynamiclights.server.DynamicLights/]: Removing Dynamic Light attached to ServerPlayer['jinco98'/8270, l='ServerLevel[world]', x=-482.65, y=72.00, z=26.22]
[11Jun2026 01:30:54.540] [Server thread/DEBUG] [atomicstryker.dynamiclights.server.DynamicLights/]: Calling addLightSource on entity ServerPlayer['jinco98'/8270, l='ServerLevel[world]', x=-482.64, y=72.00, z=26.24], dimensionLocationPath overworld
[11Jun2026 01:30:54.540] [Server thread/DEBUG] [atomicstryker.dynamiclights.server.DynamicLights/]: Successfully registered DynamicLight on Entity: ServerPlayer['jinco98'/8270, l='ServerLevel[world]', x=-482.64, y=72.00, z=26.24] in list []
[11Jun2026 01:30:54.591] [Server thread/DEBUG] [atomicstryker.dynamiclights.server.DynamicLights/]: Removing Dynamic Light attached to ServerPlayer['jinco98'/8270, l='ServerLevel[world]', x=-482.74, y=72.00, z=26.29]
[11Jun2026 01:30:54.641] [Server thread/DEBUG] [atomicstryker.dynamiclights.server.DynamicLights/]: Calling addLightSource on entity ServerPlayer['jinco98'/8270, l='ServerLevel[world]', x=-482.86, y=72.00, z=26.22], dimensionLocationPath overworld
[11Jun2026 01:30:54.641] [Server thread/DEBUG] [atomicstryker.dynamiclights.server.DynamicLights/]: Successfully registered DynamicLight on Entity: ServerPlayer['jinco98'/8270, l='ServerLevel[world]', x=-482.86, y=72.00, z=26.22] in list []
[11Jun2026 01:30:54.690] [Server thread/DEBUG] [atomicstryker.dynamiclights.server.DynamicLights/]: Removing Dynamic Light attached to ServerPlayer['jinco98'/8270, l='ServerLevel[world]', x=-482.95, y=72.00, z=26.09]
[11Jun2026 01:30:54.739] [Server thread/DEBUG] [atomicstryker.dynamiclights.server.DynamicLights/]: Calling addLightSource on entity ServerPlayer['jinco98'/8270, l='ServerLevel[world]', x=-483.06, y=72.00, z=25.95], dimensionLocationPath overworld
[11Jun2026 01:30:54.739] [Server thread/DEBUG] [atomicstryker.dynamiclights.server.DynamicLights/]: Successfully registered DynamicLight on Entity: ServerPlayer['jinco98'/8270, l='ServerLevel[world]', x=-483.06, y=72.00, z=25.95] in list []
[11Jun2026 01:30:54.790] [Server thread/DEBUG] [atomicstryker.dynamiclights.server.DynamicLights/]: Removing Dynamic Light attached to ServerPlayer['jinco98'/8270, l='ServerLevel[world]', x=-483.20, y=72.00, z=25.81]
[11Jun2026 01:30:54.839] [Server thread/DEBUG] [atomicstryker.dynamiclights.server.DynamicLights/]: Calling addLightSource on entity ServerPlayer['jinco98'/8270, l='ServerLevel[world]', x=-483.32, y=72.00, z=25.77], dimensionLocationPath overworld
[11Jun2026 01:30:54.839] [Server thread/DEBUG] [atomicstryker.dynamiclights.server.DynamicLights/]: Successfully registered DynamicLight on Entity: ServerPlayer['jinco98'/8270, l='ServerLevel[world]', x=-483.32, y=72.00, z=25.77] in list []
[11Jun2026 01:30:54.901] [Server thread/DEBUG] [atomicstryker.dynamiclights.server.DynamicLights/]: Removing Dynamic Light attached to ServerPlayer['jinco98'/8270, l='ServerLevel[world]', x=-483.36, y=72.00, z=25.65]
[11Jun2026 01:30:54.938] [Server thread/DEBUG] [atomicstryker.dynamiclights.server.DynamicLights/]: Calling addLightSource on entity ServerPlayer['jinco98'/8270, l='ServerLevel[world]', x=-483.37, y=72.00, z=25.49], dimensionLocationPath overworld
[11Jun2026 01:30:54.938] [Server thread/DEBUG] [atomicstryker.dynamiclights.server.DynamicLights/]: Successfully registered DynamicLight on Entity: ServerPlayer['jinco98'/8270, l='ServerLevel[world]', x=-483.37, y=72.00, z=25.49] in list []
[11Jun2026 01:30:54.990] [Server thread/DEBUG] [atomicstryker.dynamiclights.server.DynamicLights/]: Removing Dynamic Light attached to ServerPlayer['jinco98'/8270, l='ServerLevel[world]', x=-483.36, y=72.00, z=25.30]
[11Jun2026 01:30:55.053] [Server thread/DEBUG] [atomicstryker.dynamiclights.server.DynamicLights/]: Calling addLightSource on entity ServerPlayer['jinco98'/8270, l='ServerLevel[world]', x=-483.34, y=72.00, z=25.30], dimensionLocationPath overworld
[11Jun2026 01:30:55.053] [Server thread/DEBUG] [atomicstryker.dynamiclights.server.DynamicLights/]: Successfully registered DynamicLight on Entity: ServerPlayer['jinco98'/8270, l='ServerLevel[world]', x=-483.34, y=72.00, z=25.30] in list []
[11Jun2026 01:30:55.090] [Server thread/DEBUG] [atomicstryker.dynamiclights.server.DynamicLights/]: Removing Dynamic Light attached to ServerPlayer['jinco98'/8270, l='ServerLevel[world]', x=-483.25, y=72.00, z=25.30]
[11Jun2026 01:30:55.139] [Server thread/DEBUG] [atomicstryker.dynamiclights.server.DynamicLights/]: Calling addLightSource on entity ServerPlayer['jinco98'/8270, l='ServerLevel[world]', x=-483.10, y=72.00, z=25.32], dimensionLocationPath overworld
[11Jun2026 01:30:55.139] [Server thread/DEBUG] [atomicstryker.dynamiclights.server.DynamicLights/]: Successfully registered DynamicLight on Entity: ServerPlayer['jinco98'/8270, l='ServerLevel[world]', x=-483.10, y=72.00, z=25.32] in list []
[11Jun2026 01:30:55.192] [Server thread/DEBUG] [atomicstryker.dynamiclights.server.DynamicLights/]: Removing Dynamic Light attached to ServerPlayer['jinco98'/8270, l='ServerLevel[world]', x=-482.92, y=72.84, z=25.32]
[11Jun2026 01:30:55.238] [Server thread/DEBUG] [atomicstryker.dynamiclights.server.DynamicLights/]: Calling addLightSource on entity ServerPlayer['jinco98'/8270, l='ServerLevel[world]', x=-482.81, y=73.09, z=25.32], dimensionLocationPath overworld
[11Jun2026 01:30:55.238] [Server thread/DEBUG] [atomicstryker.dynamiclights.server.DynamicLights/]: Successfully registered DynamicLight on Entity: ServerPlayer['jinco98'/8270, l='ServerLevel[world]', x=-482.81, y=73.09, z=25.32] in list []
[11Jun2026 01:30:55.296] [Server thread/DEBUG] [atomicstryker.dynamiclights.server.DynamicLights/]: Removing Dynamic Light attached to ServerPlayer['jinco98'/8270, l='ServerLevel[world]', x=-482.69, y=73.25, z=25.30]
[11Jun2026 01:30:55.339] [Server thread/DEBUG] [atomicstryker.dynamiclights.server.DynamicLights/]: Calling addLightSource on entity ServerPlayer['jinco98'/8270, l='ServerLevel[world]', x=-482.55, y=73.33, z=25.28], dimensionLocationPath overworld
[11Jun2026 01:30:55.339] [Server thread/DEBUG] [atomicstryker.dynamiclights.server.DynamicLights/]: Successfully registered DynamicLight on Entity: ServerPlayer['jinco98'/8270, l='ServerLevel[world]', x=-482.55, y=73.33, z=25.28] in list []
[11Jun2026 01:30:55.411] [Server thread/DEBUG] [atomicstryker.dynamiclights.server.DynamicLights/]: Removing Dynamic Light attached to ServerPlayer['jinco98'/8270, l='ServerLevel[world]', x=-482.41, y=73.33, z=25.24]
[11Jun2026 01:30:55.439] [Server thread/DEBUG] [atomicstryker.dynamiclights.server.DynamicLights/]: Calling addLightSource on entity ServerPlayer['jinco98'/8270, l='ServerLevel[world]', x=-482.26, y=73.26, z=25.19], dimensionLocationPath overworld
[11Jun2026 01:30:55.439] [Server thread/DEBUG] [atomicstryker.dynamiclights.server.DynamicLights/]: Successfully registered DynamicLight on Entity: ServerPlayer['jinco98'/8270, l='ServerLevel[world]', x=-482.26, y=73.26, z=25.19] in list []
[11Jun2026 01:30:55.490] [Server thread/DEBUG] [atomicstryker.dynamiclights.server.DynamicLights/]: Removing Dynamic Light attached to ServerPlayer['jinco98'/8270, l='ServerLevel[world]', x=-482.10, y=73.10, z=25.13]
[11Jun2026 01:30:55.538] [Server thread/DEBUG] [atomicstryker.dynamiclights.server.DynamicLights/]: Calling addLightSource on entity ServerPlayer['jinco98'/8270, l='ServerLevel[world]', x=-481.94, y=72.87, z=25.06], dimensionLocationPath overworld
[11Jun2026 01:30:55.538] [Server thread/DEBUG] [atomicstryker.dynamiclights.server.DynamicLights/]: Successfully registered DynamicLight on Entity: ServerPlayer['jinco98'/8270, l='ServerLevel[world]', x=-481.94, y=72.87, z=25.06] in list []
[11Jun2026 01:30:55.596] [Server thread/DEBUG] [atomicstryker.dynamiclights.server.DynamicLights/]: Removing Dynamic Light attached to ServerPlayer['jinco98'/8270, l='ServerLevel[world]', x=-481.77, y=72.57, z=24.99]
[11Jun2026 01:32:26.741] [Server thread/DEBUG] [net.neoforged.neoforge.common.CommonHooks/WP]: Gathered mod list to write to world save world
[11Jun2026 01:32:33.623] [Server thread/INFO] [net.minecraft.server.MinecraftServer/]: jinco98 was slain by MayEL1207
[11Jun2026 01:33:22.722] [Server thread/INFO] [net.minecraft.server.MinecraftServer/]: MayEL1207 was slain by jinco98
[11Jun2026 01:35:05.922] [Server thread/INFO] [net.minecraft.server.MinecraftServer/]: jinco98 was slain by MayEL1207
[11Jun2026 01:35:54.587] [Server thread/INFO] [net.minecraft.server.MinecraftServer/]: MayEL1207 was shot by Skeleton
[11Jun2026 01:37:26.921] [Server thread/DEBUG] [net.neoforged.neoforge.common.CommonHooks/WP]: Gathered mod list to write to world save world
[11Jun2026 01:38:05.023] [Server thread/INFO] [net.minecraft.server.MinecraftServer/]: jinco98 was slain by MayEL1207
[11Jun2026 01:39:03.322] [Server thread/INFO] [net.minecraft.server.MinecraftServer/]: MayEL1207 was slain by jinco98
[11Jun2026 01:39:40.856] [Server thread/INFO] [net.minecraft.server.MinecraftServer/]: jinco98 drowned
[11Jun2026 01:40:47.991] [Server thread/INFO] [net.minecraft.server.MinecraftServer/]: MayEL1207 drowned while trying to escape jinco98
[11Jun2026 01:41:18.092] [Server thread/INFO] [net.minecraft.server.MinecraftServer/]: MayEL1207 was blown up by Creeper
[11Jun2026 01:41:55.492] [Server thread/INFO] [net.minecraft.server.MinecraftServer/]: jinco98 was slain by Zombie
[11Jun2026 01:42:09.692] [Server thread/INFO] [net.minecraft.server.MinecraftServer/]: jinco98 was blown up by Creeper
[11Jun2026 01:42:26.736] [Server thread/DEBUG] [net.neoforged.neoforge.common.CommonHooks/WP]: Gathered mod list to write to world save world
[11Jun2026 01:42:34.172] [Server thread/INFO] [net.minecraft.server.MinecraftServer/]: MayEL1207 was slain by jinco98
[11Jun2026 01:42:57.893] [Server thread/INFO] [net.minecraft.server.MinecraftServer/]: jinco98 was shot by Skeleton
[11Jun2026 01:43:18.193] [Server thread/INFO] [net.minecraft.server.MinecraftServer/]: jinco98 was shot by Skeleton
[11Jun2026 01:43:47.676] [Server thread/INFO] [net.minecraft.server.MinecraftServer/]: jinco98 was shot by Skeleton
[11Jun2026 01:47:26.736] [Server thread/DEBUG] [net.neoforged.neoforge.common.CommonHooks/WP]: Gathered mod list to write to world save world
[11Jun2026 01:47:39.407] [Server thread/INFO] [net.minecraft.server.MinecraftServer/]: jinco98 was shot by Skeleton
[11Jun2026 01:47:42.695] [Server thread/INFO] [net.minecraft.server.network.ServerGamePacketListenerImpl/]: jinco98 lost connection: Disconnected
[11Jun2026 01:47:42.695] [Server thread/INFO] [net.minecraft.server.MinecraftServer/]: jinco98 left the game
[11Jun2026 01:47:44.395] [Server thread/INFO] [net.minecraft.server.MinecraftServer/]: MayEL1207 drowned while trying to escape Skeleton
[11Jun2026 01:47:48.094] [Server thread/INFO] [net.minecraft.server.network.ServerGamePacketListenerImpl/]: MayEL1207 lost connection: Disconnected
[11Jun2026 01:47:48.094] [Server thread/INFO] [net.minecraft.server.MinecraftServer/]: MayEL1207 left the game
[11Jun2026 01:48:48.071] [Server thread/INFO] [net.minecraft.server.MinecraftServer/]: Server empty for 60 seconds, pausing
[11Jun2026 01:48:48.085] [Server thread/DEBUG] [net.neoforged.neoforge.common.CommonHooks/WP]: Gathered mod list to write to world save world
